timestamp,target_x,target_y,target_z,actual_x,actual_y,actual_z,ik_converged
0.302000000,0.389150323,0.000053469,0.851003317,0.389158425,0.000053725,0.850980490,True
0.304000000,0.389150323,0.000053469,0.851003317,0.389172808,0.000054268,0.850945787,True
0.306000000,0.389150323,0.000053469,0.851003317,0.389192769,0.000055052,0.850903127,True
0.308000000,0.389150323,0.000053469,0.851003317,0.389217367,0.000056004,0.850854803,True
0.310000000,0.389150323,0.000053469,0.851003317,0.389245688,0.000057064,0.850802331,True
0.312000000,0.389150323,0.000053469,0.851003317,0.389276923,0.000058181,0.850746812,True
0.314000000,0.389150323,0.000053469,0.851003317,0.389310390,0.000059323,0.850689086,True
0.316000000,0.389150323,0.000053469,0.851003317,0.389345525,0.000060465,0.850629818,True
0.318000000,0.389150323,0.000053469,0.851003317,0.389381863,0.000061592,0.850569542,True
0.320000000,0.389150323,0.000053469,0.851003317,0.389419026,0.000062695,0.850508686,True
0.322000000,0.390007301,0.000877349,0.849932424,0.389457326,0.000063793,0.850444590,True
0.324000000,0.390007301,0.000877349,0.849932424,0.389496654,0.000064903,0.850378803,True
0.326000000,0.390007301,0.000877349,0.849932424,0.389536758,0.000066021,0.850312173,True
0.328000000,0.390007301,0.000877349,0.849932424,0.389577371,0.000067135,0.850245223,True
0.330000000,0.390007301,0.000877349,0.849932424,0.389618250,0.000068237,0.850178313,True
0.332000000,0.390007301,0.000877349,0.849932424,0.389659186,0.000069321,0.850111705,True
0.334000000,0.390007301,0.000877349,0.849932424,0.389700009,0.000070382,0.850045601,True
0.336000000,0.390007301,0.000877349,0.849932424,0.389740582,0.000071417,0.849980155,True
0.338000000,0.390007301,0.000877349,0.849932424,0.389780793,0.000072427,0.849915489,True
0.340000000,0.390007301,0.000877349,0.849932424,0.389820555,0.000073410,0.849851698,True
0.342000000,0.390864278,0.001701230,0.848861532,0.389860918,0.000074407,0.849785159,True
0.344000000,0.390864278,0.001701230,0.848861532,0.389901882,0.000075436,0.849717365,True
0.346000000,0.390864278,0.001701230,0.848861532,0.389943281,0.000076487,0.849649101,True
0.348000000,0.390864278,0.001701230,0.848861532,0.389984909,0.000077549,0.849580829,True
0.350000000,0.390864278,0.001701230,0.848861532,0.390026574,0.000078609,0.849512853,True
0.352000000,0.390864278,0.001701230,0.848861532,0.390068113,0.000079660,0.849445391,True
0.354000000,0.390864278,0.001701230,0.848861532,0.390109387,0.000080696,0.849378607,True
0.356000000,0.390864278,0.001701230,0.848861532,0.390150287,0.000081712,0.849312624,True
0.358000000,0.390864278,0.001701230,0.848861532,0.390190725,0.000082708,0.849247538,True
0.360000000,0.390864278,0.001701230,0.848861532,0.390230633,0.000083681,0.849183422,True
0.362000000,0.391721256,0.002525111,0.847790640,0.390271108,0.000084671,0.849116593,True
0.364000000,0.391721256,0.002525111,0.847790640,0.390312158,0.000085693,0.849048538,True
0.366000000,0.391721256,0.002525111,0.847790640,0.390353619,0.000086739,0.848980035,True
0.368000000,0.391721256,0.002525111,0.847790640,0.390395293,0.000087796,0.848911545,True
0.370000000,0.391721256,0.002525111,0.847790640,0.390436991,0.000088853,0.848843367,True
0.372000000,0.391721256,0.002525111,0.847790640,0.390478549,0.000089900,0.848775719,True
0.374000000,0.391721256,0.002525111,0.847790640,0.390519834,0.000090934,0.848708759,True
0.376000000,0.391721256,0.002525111,0.847790640,0.390560736,0.000091948,0.848642612,True
0.378000000,0.391721256,0.002525111,0.847790640,0.390601171,0.000092942,0.848577372,True
0.380000000,0.391721256,0.002525111,0.847790640,0.390641069,0.000093914,0.848513110,True
0.382000000,0.392578233,0.003348991,0.846719747,0.390681532,0.000094902,0.848446133,True
0.384000000,0.392578233,0.003348991,0.846719747,0.390722568,0.000095923,0.848377930,True
0.386000000,0.392578233,0.003348991,0.846719747,0.390764014,0.000096968,0.848309280,True
0.388000000,0.392578233,0.003348991,0.846719747,0.390805671,0.000098024,0.848240642,True
0.390000000,0.392578233,0.003348991,0.846719747,0.390847351,0.000099079,0.848172319,True
0.392000000,0.392578233,0.003348991,0.846719747,0.390888892,0.000100126,0.848104526,True
0.394000000,0.392578233,0.003348991,0.846719747,0.390930158,0.000101158,0.848037424,True
0.396000000,0.392578233,0.003348991,0.846719747,0.390971042,0.000102172,0.847971137,True
0.398000000,0.392578233,0.003348991,0.846719747,0.391011457,0.000103165,0.847905759,True
0.400000000,0.392578233,0.003348991,0.846719747,0.391051337,0.000104136,0.847841362,True
0.402000000,0.393435211,0.004172872,0.845648855,0.391091779,0.000105123,0.847774247,True
0.404000000,0.393435211,0.004172872,0.845648855,0.391132793,0.000106143,0.847705903,True
0.406000000,0.393435211,0.004172872,0.845648855,0.391174218,0.000107187,0.847637111,True
0.408000000,0.393435211,0.004172872,0.845648855,0.391215855,0.000108242,0.847568330,True
0.410000000,0.393435211,0.004172872,0.845648855,0.391257514,0.000109297,0.847499865,True
0.412000000,0.393435211,0.004172872,0.845648855,0.391299033,0.000110343,0.847431930,True
0.414000000,0.393435211,0.004172872,0.845648855,0.391340279,0.000111374,0.847364688,True
0.416000000,0.393435211,0.004172872,0.845648855,0.391381142,0.000112387,0.847298263,True
0.418000000,0.393435211,0.004172872,0.845648855,0.391421537,0.000113379,0.847232748,True
0.420000000,0.393435211,0.004172872,0.845648855,0.391461396,0.000114349,0.847168216,True
0.422000000,0.394292188,0.004996752,0.844577963,0.391501817,0.000115335,0.847100964,True
0.424000000,0.394292188,0.004996752,0.844577963,0.391542809,0.000116354,0.847032479,True
0.426000000,0.394292188,0.004996752,0.844577963,0.391584212,0.000117397,0.846963545,True
0.428000000,0.394292188,0.004996752,0.844577963,0.391625826,0.000118451,0.846894622,True
0.430000000,0.394292188,0.004996752,0.844577963,0.391667464,0.000119505,0.846826014,True
0.432000000,0.394292188,0.004996752,0.844577963,0.391708962,0.000120550,0.846757938,True
0.434000000,0.394292188,0.004996752,0.844577963,0.391750186,0.000121580,0.846690556,True
0.436000000,0.394292188,0.004996752,0.844577963,0.391791028,0.000122592,0.846623992,True
0.438000000,0.394292188,0.004996752,0.844577963,0.391831402,0.000123583,0.846558341,True
0.440000000,0.394292188,0.004996752,0.844577963,0.391871241,0.000124552,0.846493674,True
0.442000000,0.395149166,0.005820633,0.843507070,0.391911639,0.000125538,0.846426284,True
0.444000000,0.395149166,0.005820633,0.843507070,0.391952609,0.000126555,0.846357659,True
0.446000000,0.395149166,0.005820633,0.843507070,0.391993989,0.000127597,0.846288583,True
0.448000000,0.395149166,0.005820633,0.843507070,0.392035582,0.000128651,0.846219518,True
0.450000000,0.395149166,0.005820633,0.843507070,0.392077197,0.000129703,0.846150767,True
0.452000000,0.395149166,0.005820633,0.843507070,0.392118673,0.000130748,0.846082550,True
0.454000000,0.395149166,0.005820633,0.843507070,0.392159875,0.000131777,0.846015028,True
0.456000000,0.395149166,0.005820633,0.843507070,0.392200696,0.000132788,0.845948325,True
0.458000000,0.395149166,0.005820633,0.843507070,0.392241048,0.000133778,0.845882537,True
0.460000000,0.395149166,0.005820633,0.843507070,0.392280866,0.000134746,0.845817736,True
0.462000000,0.396006143,0.006644513,0.842436178,0.392321242,0.000135731,0.845750207,True
0.464000000,0.396006143,0.006644513,0.842436178,0.392362188,0.000136748,0.845681442,True
0.466000000,0.396006143,0.006644513,0.842436178,0.392403546,0.000137789,0.845612224,True
0.468000000,0.396006143,0.006644513,0.842436178,0.392445115,0.000138841,0.845543016,True
0.470000000,0.396006143,0.006644513,0.842436178,0.392486708,0.000139893,0.845474123,True
0.472000000,0.396006143,0.006644513,0.842436178,0.392528162,0.000140936,0.845405764,True
0.474000000,0.396006143,0.006644513,0.842436178,0.392569342,0.000141965,0.845338102,True
0.476000000,0.396006143,0.006644513,0.842436178,0.392610140,0.000142975,0.845271261,True
0.478000000,0.396006143,0.006644513,0.842436178,0.392650471,0.000143964,0.845205336,True
0.480000000,0.396006143,0.006644513,0.842436178,0.392690266,0.000144931,0.845140400,True
0.482000000,0.396863121,0.007468394,0.841365286,0.392730619,0.000145915,0.845072734,True
0.484000000,0.396863121,0.007468394,0.841365286,0.392771542,0.000146931,0.845003828,True
0.486000000,0.396863121,0.007468394,0.841365286,0.392812877,0.000147971,0.844934468,True
0.488000000,0.396863121,0.007468394,0.841365286,0.392854423,0.000149022,0.844865117,True
0.490000000,0.396863121,0.007468394,0.841365286,0.392895992,0.000150073,0.844796082,True
0.492000000,0.396863121,0.007468394,0.841365286,0.392937423,0.000151115,0.844727581,True
0.494000000,0.396863121,0.007468394,0.841365286,0.392978580,0.000152143,0.844659778,True
0.496000000,0.396863121,0.007468394,0.841365286,0.393019356,0.000153152,0.844592798,True
0.498000000,0.396863121,0.007468394,0.841365286,0.393059665,0.000154140,0.844526737,True
0.500000000,0.396863121,0.007468394,0.841365286,0.393099438,0.000155107,0.844461666,True
0.502000000,0.397720098,0.008292274,0.840294393,0.393139767,0.000156089,0.844393862,True
0.504000000,0.397720098,0.008292274,0.840294393,0.393180666,0.000157104,0.844324816,True
0.506000000,0.397720098,0.008292274,0.840294393,0.393221977,0.000158143,0.844255313,True
0.508000000,0.397720098,0.008292274,0.840294393,0.393263499,0.000159194,0.844185820,True
0.510000000,0.397720098,0.008292274,0.840294393,0.393305045,0.000160244,0.844116642,True
0.512000000,0.397720098,0.008292274,0.840294393,0.393346452,0.000161285,0.844047999,True
0.514000000,0.397720098,0.008292274,0.840294393,0.393387587,0.000162312,0.843980056,True
0.516000000,0.397720098,0.008292274,0.840294393,0.393428339,0.000163320,0.843912937,True
0.518000000,0.397720098,0.008292274,0.840294393,0.393468625,0.000164307,0.843846739,True
0.520000000,0.397720098,0.008292274,0.840294393,0.393508375,0.000165273,0.843781533,True
0.522000000,0.398577076,0.009116155,0.839223501,0.393548681,0.000166254,0.843713591,True
0.524000000,0.398577076,0.009116155,0.839223501,0.393589556,0.000167268,0.843644404,True
0.526000000,0.398577076,0.009116155,0.839223501,0.393630841,0.000168306,0.843574759,True
0.528000000,0.398577076,0.009116155,0.839223501,0.393672340,0.000169356,0.843505123,True
0.530000000,0.398577076,0.009116155,0.839223501,0.393713862,0.000170405,0.843435803,True
0.532000000,0.398577076,0.009116155,0.839223501,0.393755245,0.000171445,0.843367018,True
0.534000000,0.398577076,0.009116155,0.839223501,0.393796355,0.000172471,0.843298935,True
0.536000000,0.398577076,0.009116155,0.839223501,0.393837085,0.000173478,0.843231677,True
0.538000000,0.398577076,0.009116155,0.839223501,0.393877347,0.000174464,0.843165341,True
0.540000000,0.398577076,0.009116155,0.839223501,0.393917074,0.000175429,0.843100001,True
0.542000000,0.399434053,0.009940035,0.838152609,0.393957355,0.000176409,0.843031921,True
0.544000000,0.399434053,0.009940035,0.838152609,0.393998205,0.000177422,0.842962593,True
0.546000000,0.399434053,0.009940035,0.838152609,0.394039466,0.000178460,0.842892806,True
0.548000000,0.399434053,0.009940035,0.838152609,0.394080939,0.000179508,0.842823027,True
0.550000000,0.399434053,0.009940035,0.838152609,0.394122437,0.000180556,0.842753564,True
0.552000000,0.399434053,0.009940035,0.838152609,0.394163796,0.000181595,0.842684638,True
0.554000000,0.399434053,0.009940035,0.838152609,0.394204882,0.000182620,0.842616413,True
0.556000000,0.399434053,0.009940035,0.838152609,0.394245587,0.000183626,0.842549017,True
0.558000000,0.399434053,0.009940035,0.838152609,0.394285826,0.000184612,0.842482544,True
0.560000000,0.399434053,0.009940035,0.838152609,0.394325530,0.000185575,0.842417069,True
0.562000000,0.400291031,0.010763916,0.837081716,0.394365785,0.000186555,0.842348850,True
0.564000000,0.400291031,0.010763916,0.837081716,0.394406610,0.000187567,0.842279382,True
0.566000000,0.400291031,0.010763916,0.837081716,0.394447846,0.000188603,0.842209453,True
0.568000000,0.400291031,0.010763916,0.837081716,0.394489294,0.000189650,0.842139530,True
0.570000000,0.400291031,0.010763916,0.837081716,0.394530766,0.000190697,0.842069925,True
0.572000000,0.400291031,0.010763916,0.837081716,0.394572100,0.000191736,0.842000856,True
0.574000000,0.400291031,0.010763916,0.837081716,0.394613162,0.000192759,0.841932491,True
0.576000000,0.400291031,0.010763916,0.837081716,0.394653843,0.000193765,0.841864956,True
0.578000000,0.400291031,0.010763916,0.837081716,0.394694057,0.000194749,0.841798346,True
0.580000000,0.400291031,0.010763916,0.837081716,0.394733737,0.000195712,0.841732736,True
0.582000000,0.401148009,0.011587796,0.836010824,0.394773967,0.000196690,0.841664379,True
0.584000000,0.401148009,0.011587796,0.836010824,0.394814766,0.000197702,0.841594770,True
0.586000000,0.401148009,0.011587796,0.836010824,0.394855975,0.000198737,0.841524698,True
0.588000000,0.401148009,0.011587796,0.836010824,0.394897398,0.000199783,0.841454633,True
0.590000000,0.401148009,0.011587796,0.836010824,0.394938845,0.000200829,0.841384884,True
0.592000000,0.401148009,0.011587796,0.836010824,0.394980154,0.000201866,0.841315674,True
0.594000000,0.401148009,0.011587796,0.836010824,0.395021190,0.000202889,0.841247169,True
0.596000000,0.401148009,0.011587796,0.836010824,0.395061846,0.000203893,0.841179494,True
0.598000000,0.401148009,0.011587796,0.836010824,0.395102035,0.000204877,0.841112747,True
0.600000000,0.401148009,0.011587796,0.836010824,0.395141690,0.000205839,0.841047002,True
0.602000000,0.402004986,0.012411677,0.834939932,0.395198003,0.000240266,0.840971714,True
0.604000000,0.402004986,0.012411677,0.834939932,0.395266076,0.000298314,0.840886330,True
0.606000000,0.402004986,0.012411677,0.834939932,0.395342767,0.000373166,0.840792137,True
0.608000000,0.402004986,0.012411677,0.834939932,0.395425838,0.000459873,0.840690851,True
0.610000000,0.402004986,0.012411677,0.834939932,0.395513597,0.000554780,0.840584125,True
0.612000000,0.402004986,0.012411677,0.834939932,0.395604718,0.000655178,0.840473400,True
0.614000000,0.402004986,0.012411677,0.834939932,0.395698145,0.000759055,0.840359884,True
0.616000000,0.402004986,0.012411677,0.834939932,0.395793033,0.000864925,0.840244565,True
0.618000000,0.402004986,0.012411677,0.834939932,0.395888704,0.000971686,0.840128250,True
0.620000000,0.402004986,0.012411677,0.834939932,0.395984613,0.001078530,0.840011588,True
0.622000000,0.402861964,0.013235557,0.833869039,0.396083782,0.001189528,0.839890906,True
0.624000000,0.402861964,0.013235557,0.833869039,0.396185133,0.001302876,0.839767490,True
0.626000000,0.402861964,0.013235557,0.833869039,0.396287818,0.001417313,0.839642375,True
0.628000000,0.402861964,0.013235557,0.833869039,0.396391154,0.001531930,0.839516393,True
0.630000000,0.402861964,0.013235557,0.833869039,0.396494595,0.001646067,0.839390208,True
0.632000000,0.402861964,0.013235557,0.833869039,0.396597702,0.001759242,0.839264351,True
0.634000000,0.402861964,0.013235557,0.833869039,0.396700126,0.001871110,0.839139248,True
0.636000000,0.402861964,0.013235557,0.833869039,0.396801590,0.001981425,0.839015236,True
0.638000000,0.402861964,0.013235557,0.833869039,0.396901877,0.002090017,0.838892579,True
0.640000000,0.402861964,0.013235557,0.833869039,0.397000818,0.002196769,0.838771485,True
0.642000000,0.403718941,0.014059438,0.832798147,0.397086204,0.002274419,0.838653932,True
0.644000000,0.403718941,0.014059438,0.832798147,0.397162068,0.002330966,0.838543203,True
0.646000000,0.403718941,0.014059438,0.832798147,0.397230664,0.002371916,0.838439743,True
0.648000000,0.403718941,0.014059438,0.832798147,0.397293433,0.002401267,0.838343033,True
0.650000000,0.403718941,0.014059438,0.832798147,0.397351394,0.002421978,0.838252301,True
0.652000000,0.403718941,0.014059438,0.832798147,0.397405317,0.002436253,0.838166781,True
0.654000000,0.403718941,0.014059438,0.832798147,0.397455812,0.002445741,0.838085790,True
0.656000000,0.403718941,0.014059438,0.832798147,0.397503369,0.002451672,0.838008748,True
0.658000000,0.403718941,0.014059438,0.832798147,0.397548388,0.002454969,0.837935167,True
0.660000000,0.403718941,0.014059438,0.832798147,0.397591196,0.002456320,0.837864643,True
0.662000000,0.404575919,0.014883319,0.831727255,0.397650656,0.002491647,0.837786029,True
0.664000000,0.404575919,0.014883319,0.831727255,0.397721613,0.002550945,0.837698007,True
0.666000000,0.404575919,0.014883319,0.831727255,0.397800868,0.002627302,0.837601551,True
0.668000000,0.404575919,0.014883319,0.831727255,0.397886199,0.002715697,0.837498243,True
0.670000000,0.404575919,0.014883319,0.831727255,0.397975947,0.002812425,0.837389672,True
0.672000000,0.404575919,0.014883319,0.831727255,0.398068826,0.002914736,0.837277246,True
0.674000000,0.404575919,0.014883319,0.831727255,0.398163817,0.003020590,0.837162149,True
0.676000000,0.404575919,0.014883319,0.831727255,0.398260106,0.003128473,0.837045357,True
0.678000000,0.404575919,0.014883319,0.831727255,0.398357039,0.003237268,0.836927660,True
0.680000000,0.404575919,0.014883319,0.831727255,0.398454095,0.003346151,0.836809700,True
0.682000000,0.405432896,0.015707199,0.830656362,0.398554414,0.003459227,0.836687872,True
0.684000000,0.405432896,0.015707199,0.830656362,0.398656876,0.003574668,0.836563359,True
0.686000000,0.405432896,0.015707199,0.830656362,0.398760621,0.003691202,0.836437164,True
0.688000000,0.405432896,0.015707199,0.830656362,0.398864968,0.003807907,0.836310109,True
0.690000000,0.405432896,0.015707199,0.830656362,0.398969373,0.003924116,0.836182857,True
0.692000000,0.405432896,0.015707199,0.830656362,0.399073401,0.004039340,0.836055945,True
0.694000000,0.405432896,0.015707199,0.830656362,0.399176708,0.004153231,0.835929799,True
0.696000000,0.405432896,0.015707199,0.830656362,0.399279020,0.004265539,0.835804758,True
0.698000000,0.405432896,0.015707199,0.830656362,0.399380124,0.004376091,0.835681089,True
0.700000000,0.405432896,0.015707199,0.830656362,0.399479853,0.004484770,0.835559003,True
0.702000000,0.406289874,0.016531080,0.829585470,0.399582018,0.004596858,0.835434246,True
0.704000000,0.406289874,0.016531080,0.829585470,0.399685632,0.004710754,0.835307715,True
0.706000000,0.406289874,0.016531080,0.829585470,0.399789960,0.004825347,0.835180217,True
0.708000000,0.406289874,0.016531080,0.829585470,0.399894425,0.004939834,0.835052426,True
0.710000000,0.406289874,0.016531080,0.829585470,0.399998577,0.005053633,0.834924896,True
0.712000000,0.406289874,0.016531080,0.829585470,0.400102054,0.005166323,0.834798070,True
0.714000000,0.406289874,0.016531080,0.829585470,0.400204573,0.005277602,0.834672303,True
0.716000000,0.406289874,0.016531080,0.829585470,0.400305913,0.005387256,0.834547875,True
0.718000000,0.406289874,0.016531080,0.829585470,0.400405899,0.005495138,0.834425004,True
0.720000000,0.406289874,0.016531080,0.829585470,0.400504399,0.005601149,0.834303861,True
0.722000000,0.407146851,0.017354960,0.828514578,0.400589048,0.005678355,0.834185372,True
0.724000000,0.407146851,0.017354960,0.828514578,0.400664167,0.005734683,0.834073420,True
0.726000000,0.407146851,0.017354960,0.828514578,0.400732105,0.005775578,0.833968672,True
0.728000000,0.407146851,0.017354960,0.828514578,0.400794325,0.005804987,0.833870686,True
0.730000000,0.407146851,0.017354960,0.828514578,0.400851838,0.005825831,0.833778715,True
0.732000000,0.407146851,0.017354960,0.828514578,0.400905402,0.005840289,0.833691996,True
0.734000000,0.407146851,0.017354960,0.828514578,0.400955612,0.005849991,0.833609843,True
0.736000000,0.407146851,0.017354960,0.828514578,0.401002946,0.005856154,0.833531671,True
0.738000000,0.407146851,0.017354960,0.828514578,0.401047791,0.005859693,0.833456989,True
0.740000000,0.407146851,0.017354960,0.828514578,0.401090467,0.005861289,0.833385390,True
0.742000000,0.408003829,0.018178841,0.827443685,0.401150130,0.005896532,0.833306903,True
0.744000000,0.408003829,0.018178841,0.827443685,0.401221264,0.005955503,0.833219406,True
0.746000000,0.408003829,0.018178841,0.827443685,0.401300558,0.006031361,0.833123576,True
0.748000000,0.408003829,0.018178841,0.827443685,0.401385771,0.006119142,0.833020893,True
0.750000000,0.408003829,0.018178841,0.827443685,0.401475259,0.006215183,0.832912919,True
0.752000000,0.408003829,0.018178841,0.827443685,0.401567758,0.006316763,0.832801059,True
0.754000000,0.408003829,0.018178841,0.827443685,0.401662271,0.006421861,0.832686500,True
0.756000000,0.408003829,0.018178841,0.827443685,0.401758005,0.006528980,0.832570225,True
0.758000000,0.408003829,0.018178841,0.827443685,0.401854325,0.006637011,0.832453029,True
0.760000000,0.408003829,0.018178841,0.827443685,0.401950722,0.006745135,0.832335557,True
0.762000000,0.408860806,0.019002721,0.826372793,0.402050415,0.006857441,0.832214363,True
0.764000000,0.408860806,0.019002721,0.826372793,0.402152237,0.006972110,0.832090503,True
0.766000000,0.408860806,0.019002721,0.826372793,0.402255315,0.007087875,0.831964939,True
0.768000000,0.408860806,0.019002721,0.826372793,0.402358967,0.007203820,0.831838482,True
0.770000000,0.408860806,0.019002721,0.826372793,0.402462655,0.007319279,0.831711800,True
0.772000000,0.408860806,0.019002721,0.826372793,0.402565952,0.007433767,0.831585429,True
0.774000000,0.408860806,0.019002721,0.826372793,0.402668517,0.007546934,0.831459801,True
0.776000000,0.408860806,0.019002721,0.826372793,0.402770083,0.007658533,0.831335260,True
0.778000000,0.408860806,0.019002721,0.826372793,0.402870439,0.007768390,0.831212076,True
0.780000000,0.408860806,0.019002721,0.826372793,0.402969423,0.007876388,0.831090460,True
0.782000000,0.409717784,0.019826602,0.825301900,0.403054099,0.007955094,0.830970817,True
0.784000000,0.409717784,0.019826602,0.825301900,0.403129089,0.008012580,0.830857550,True
0.786000000,0.409717784,0.019826602,0.825301900,0.403196860,0.008054376,0.830751514,True
0.788000000,0.409717784,0.019826602,0.825301900,0.403258914,0.008084489,0.830652321,True
0.790000000,0.409717784,0.019826602,0.825301900,0.403316276,0.008105886,0.830559233,True
0.792000000,0.409717784,0.019826602,0.825301900,0.403369709,0.008120778,0.830471479,True
0.794000000,0.409717784,0.019826602,0.825301900,0.403419804,0.008130822,0.830388361,True
0.796000000,0.409717784,0.019826602,0.825301900,0.403467037,0.008137255,0.830309284,True
0.798000000,0.409717784,0.019826602,0.825301900,0.403511795,0.008141007,0.830233747,True
0.800000000,0.409717784,0.019826602,0.825301900,0.403554394,0.008142774,0.830161335,True
0.802000000,0.410574761,0.020650482,0.824231008,0.403614615,0.008178689,0.830082800,True
0.804000000,0.410574761,0.020650482,0.824231008,0.403686547,0.008238672,0.829995370,True
0.806000000,0.410574761,0.020650482,0.824231008,0.403766720,0.008315785,0.829899504,True
0.808000000,0.410574761,0.020650482,0.824231008,0.403852832,0.008404997,0.829796633,True
0.810000000,0.410574761,0.020650482,0.824231008,0.403943215,0.008502594,0.829688324,True
0.812000000,0.410574761,0.020650482,0.824231008,0.404036595,0.008605819,0.829576005,True
0.814000000,0.410574761,0.020650482,0.824231008,0.404131971,0.008712623,0.829460892,True
0.816000000,0.410574761,0.020650482,0.824231008,0.404228549,0.008821485,0.829343988,True
0.818000000,0.410574761,0.020650482,0.824231008,0.404325695,0.008931277,0.829226109,True
0.820000000,0.410574761,0.020650482,0.824231008,0.404422898,0.009041171,0.829107915,True
0.822000000,0.411431739,0.021474363,0.823160116,0.404523463,0.009155282,0.828986087,True
0.824000000,0.411431739,0.021474363,0.823160116,0.404626165,0.009271770,0.828861588,True
0.826000000,0.411431739,0.021474363,0.823160116,0.404730109,0.009389356,0.828735352,True
0.828000000,0.411431739,0.021474363,0.823160116,0.404834607,0.009507114,0.828608192,True
0.830000000,0.411431739,0.021474363,0.823160116,0.404939120,0.009624371,0.828480779,True
0.832000000,0.411431739,0.021474363,0.823160116,0.405043218,0.009740637,0.828353659,True
0.834000000,0.411431739,0.021474363,0.823160116,0.405146564,0.009855559,0.828227271,True
0.836000000,0.411431739,0.021474363,0.823160116,0.405248889,0.009968887,0.828101964,True
0.838000000,0.411431739,0.021474363,0.823160116,0.405349985,0.010080445,0.827978014,True
0.840000000,0.411431739,0.021474363,0.823160116,0.405449690,0.010190114,0.827855636,True
0.842000000,0.412288716,0.022298243,0.822089223,0.405551965,0.010303198,0.827730847,True
0.844000000,0.412288716,0.022298243,0.822089223,0.405655709,0.010418085,0.827604314,True
0.846000000,0.412288716,0.022298243,0.822089223,0.405760144,0.010533662,0.827476771,True
0.848000000,0.412288716,0.022298243,0.822089223,0.405864687,0.010649125,0.827348880,True
0.850000000,0.412288716,0.022298243,0.822089223,0.405968885,0.010763890,0.827221197,True
0.852000000,0.412288716,0.022298243,0.822089223,0.406072382,0.010877533,0.827094177,True
0.854000000,0.412288716,0.022298243,0.822089223,0.406174899,0.010989753,0.826968184,True
0.856000000,0.412288716,0.022298243,0.822089223,0.406276218,0.011100333,0.826843507,True
0.858000000,0.412288716,0.022298243,0.822089223,0.406376169,0.011209127,0.826720372,True
0.860000000,0.412288716,0.022298243,0.822089223,0.406474623,0.011316034,0.826598955,True
0.862000000,0.413145694,0.023122124,0.821018331,0.406558448,0.011394023,0.826478553,True
0.864000000,0.413145694,0.023122124,0.821018331,0.406632584,0.011451081,0.826364191,True
0.866000000,0.413145694,0.023122124,0.821018331,0.406699601,0.011492664,0.826256959,True
0.868000000,0.413145694,0.023122124,0.821018331,0.406761023,0.011522719,0.826156557,True
0.870000000,0.413145694,0.023122124,0.821018331,0.406817869,0.011544165,0.826062276,True
0.872000000,0.413145694,0.023122124,0.821018331,0.406870885,0.011559180,0.825973352,True
0.874000000,0.413145694,0.023122124,0.821018331,0.406920647,0.011569395,0.825889088,True
0.876000000,0.413145694,0.023122124,0.821018331,0.406967616,0.011576031,0.825808889,True
0.878000000,0.413145694,0.023122124,0.821018331,0.407012167,0.011580005,0.825732251,True
0.880000000,0.413145694,0.023122124,0.821018331,0.407054604,0.011582006,0.825658758,True
0.882000000,0.414002671,0.023946004,0.819947439,0.407115041,0.011617752,0.825580404,True
0.884000000,0.414002671,0.023946004,0.819947439,0.407187170,0.011677260,0.825493593,True
0.886000000,0.414002671,0.023946004,0.819947439,0.407267395,0.011753676,0.825398477,True
0.888000000,0.414002671,0.023946004,0.819947439,0.407353394,0.011842037,0.825296375,True
0.890000000,0.414002671,0.023946004,0.819947439,0.407443511,0.011938682,0.825188820,True
0.892000000,0.414002671,0.023946004,0.819947439,0.407536496,0.012040891,0.825077234,True
0.894000000,0.414002671,0.023946004,0.819947439,0.407631376,0.012146643,0.824962833,True
0.896000000,0.414002671,0.023946004,0.819947439,0.407727375,0.012254434,0.824846623,True
0.898000000,0.414002671,0.023946004,0.819947439,0.407823878,0.012363153,0.824729426,True
0.900000000,0.414002671,0.023946004,0.819947439,0.407920392,0.012471976,0.824611903,True
0.902000000,0.414859649,0.024769885,0.818876546,0.408020305,0.012585004,0.824490894,True
0.904000000,0.414859649,0.024769885,0.818876546,0.408122338,0.012700403,0.824367235,True
0.906000000,0.414859649,0.024769885,0.818876546,0.408225585,0.012816904,0.824241820,True
0.908000000,0.414859649,0.024769885,0.818876546,0.408329357,0.012933586,0.824115447,True
0.910000000,0.414859649,0.024769885,0.818876546,0.408433121,0.013049780,0.823988790,True
0.912000000,0.414859649,0.024769885,0.818876546,0.408536454,0.013164999,0.823862398,True
0.914000000,0.414859649,0.024769885,0.818876546,0.408639024,0.013278892,0.823736713,True
0.916000000,0.414859649,0.024769885,0.818876546,0.408740568,0.013391208,0.823612088,True
0.918000000,0.414859649,0.024769885,0.818876546,0.408840883,0.013501774,0.823488801,True
0.920000000,0.414859649,0.024769885,0.818876546,0.408939809,0.013610471,0.823367069,True
0.922000000,0.415716626,0.025593765,0.817805654,0.409023608,0.013689804,0.823245601,True
0.924000000,0.415716626,0.025593765,0.817805654,0.409097552,0.013747899,0.823129977,True
0.926000000,0.415716626,0.025593765,0.817805654,0.409164342,0.013790294,0.823021489,True
0.928000000,0.415716626,0.025593765,0.817805654,0.409225547,0.013820988,0.822919900,True
0.930000000,0.415716626,0.025593765,0.817805654,0.409282198,0.013842939,0.822824514,True
0.932000000,0.415716626,0.025593765,0.817805654,0.409335044,0.013858354,0.822734560,True
0.934000000,0.415716626,0.025593765,0.817805654,0.409384659,0.013868887,0.822649333,True
0.936000000,0.415716626,0.025593765,0.817805654,0.409431500,0.013875776,0.822568225,True
0.938000000,0.415716626,0.025593765,0.817805654,0.409475939,0.013879953,0.822490727,True
0.940000000,0.415716626,0.025593765,0.817805654,0.409518278,0.013882117,0.822416413,True
0.942000000,0.416573604,0.026417646,0.816734762,0.409579302,0.013918490,0.822338076,True
0.944000000,0.416573604,0.026417646,0.816734762,0.409652265,0.013978931,0.822251432,True
0.946000000,0.416573604,0.026417646,0.816734762,0.409733401,0.014056493,0.822156398,True
0.948000000,0.416573604,0.026417646,0.816734762,0.409820320,0.014146153,0.822054236,True
0.950000000,0.416573604,0.026417646,0.816734762,0.409911344,0.014244207,0.821946482,True
0.952000000,0.416573604,0.026417646,0.816734762,0.410005214,0.014347904,0.821834577,True
0.954000000,0.416573604,0.026417646,0.816734762,0.410100953,0.014455194,0.821719762,True
0.956000000,0.416573604,0.026417646,0.816734762,0.410197788,0.014564558,0.821603067,True
0.958000000,0.416573604,0.026417646,0.816734762,0.410295104,0.014674867,0.821485329,True
0.960000000,0.416573604,0.026417646,0.816734762,0.410392409,0.014785287,0.821367226,True
0.962000000,0.417430581,0.027241527,0.815663869,0.410493181,0.014899946,0.821245729,True
0.964000000,0.417430581,0.027241527,0.815663869,0.410596081,0.015016990,0.821121578,True
0.966000000,0.417430581,0.027241527,0.815663869,0.410700179,0.015135136,0.820995639,True
0.968000000,0.417430581,0.027241527,0.815663869,0.410804781,0.015253456,0.820868710,True
0.970000000,0.417430581,0.027241527,0.815663869,0.410909350,0.015371275,0.820741468,True
0.972000000,0.417430581,0.027241527,0.815663869,0.411013466,0.015488101,0.820614470,True
0.974000000,0.417430581,0.027241527,0.815663869,0.411116795,0.015603580,0.820488167,True
0.976000000,0.417430581,0.027241527,0.815663869,0.411219078,0.015717459,0.820362916,True
0.978000000,0.417430581,0.027241527,0.815663869,0.411320111,0.015829562,0.820239001,True
0.980000000,0.417430581,0.027241527,0.815663869,0.411419737,0.015939769,0.820116642,True
0.982000000,0.418287559,0.028065407,0.814592977,0.411503679,0.016020235,0.819993855,True
0.984000000,0.418287559,0.028065407,0.814592977,0.411577563,0.016079212,0.819876767,True
0.986000000,0.418287559,0.028065407,0.814592977,0.411644227,0.016122304,0.819766860,True
0.988000000,0.418287559,0.028065407,0.814592977,0.411705292,0.016153555,0.819663955,True
0.990000000,0.418287559,0.028065407,0.814592977,0.411761807,0.016175954,0.819567359,True
0.992000000,0.418287559,0.028065407,0.814592977,0.411814527,0.016191729,0.819476294,True
0.994000000,0.418287559,0.028065407,0.814592977,0.411864027,0.016202553,0.819390040,True
0.996000000,0.418287559,0.028065407,0.814592977,0.411910763,0.016209679,0.819307975,True
0.998000000,0.418287559,0.028065407,0.814592977,0.411955104,0.016214050,0.819229579,True
1.000000000,0.418287559,0.028065407,0.814592977,0.411997354,0.016216372,0.819154417,True
1.002000000,0.419144536,0.028889288,0.813522085,0.412058951,0.016253283,0.819076111,True
1.004000000,0.419144536,0.028889288,0.813522085,0.412132711,0.016314501,0.818989681,True
1.006000000,0.419144536,0.028889288,0.813522085,0.412214698,0.016393005,0.818894806,True
1.008000000,0.419144536,0.028889288,0.813522085,0.412302458,0.016483726,0.818792682,True
1.010000000,0.419144536,0.028889288,0.813522085,0.412394294,0.016582926,0.818684843,True
1.012000000,0.419144536,0.028889288,0.813522085,0.412488941,0.016687830,0.818572746,True
1.014000000,0.419144536,0.028889288,0.813522085,0.412585424,0.016796370,0.818457655,True
1.016000000,0.419144536,0.028889288,0.813522085,0.412682972,0.016907010,0.818340619,True
1.018000000,0.419144536,0.028889288,0.813522085,0.412780973,0.017018610,0.818222491,True
1.020000000,0.419144536,0.028889288,0.813522085,0.412878937,0.017130327,0.818103962,True
1.022000000,0.420001514,0.029713168,0.812451192,0.412980433,0.017246312,0.817982134,True
1.024000000,0.420001514,0.029713168,0.812451192,0.413084063,0.017364695,0.817857652,True
1.026000000,0.420001514,0.029713168,0.812451192,0.413188875,0.017484180,0.817731352,True
1.028000000,0.420001514,0.029713168,0.812451192,0.413294167,0.017603834,0.817604028,True
1.030000000,0.420001514,0.029713168,0.812451192,0.413399402,0.017722976,0.817476365,True
1.032000000,0.420001514,0.029713168,0.812451192,0.413504160,0.017841111,0.817348925,True
1.034000000,0.420001514,0.029713168,0.812451192,0.413608110,0.017957882,0.817222165,True
1.036000000,0.420001514,0.029713168,0.812451192,0.413710995,0.018073034,0.817096449,True
1.038000000,0.420001514,0.029713168,0.812451192,0.413812610,0.018186389,0.816972064,True
1.040000000,0.420001514,0.029713168,0.812451192,0.413912802,0.018297828,0.816849234,True
1.042000000,0.420858491,0.030537049,0.811380300,0.414015782,0.018412700,0.816724374,True
1.044000000,0.420858491,0.030537049,0.811380300,0.414120261,0.018529374,0.816597817,True
1.046000000,0.420858491,0.030537049,0.811380300,0.414225397,0.018646723,0.816470189,True
1.048000000,0.420858491,0.030537049,0.811380300,0.414330588,0.018763939,0.816342129,True
1.050000000,0.420858491,0.030537049,0.811380300,0.414435380,0.018880437,0.816214201,True
1.052000000,0.420858491,0.030537049,0.811380300,0.414539423,0.018995790,0.816086874,True
1.054000000,0.420858491,0.030537049,0.811380300,0.414642443,0.019109694,0.815960527,True
1.056000000,0.420858491,0.030537049,0.811380300,0.414744229,0.019221932,0.815835463,True
1.058000000,0.420858491,0.030537049,0.811380300,0.414844618,0.019332356,0.815711919,True
1.060000000,0.420858491,0.030537049,0.811380300,0.414943483,0.019440865,0.815590077,True
1.062000000,0.421715469,0.031360929,0.810309408,0.415026356,0.019520142,0.815466809,True
1.064000000,0.421715469,0.031360929,0.810309408,0.415099196,0.019578335,0.815348847,True
1.066000000,0.421715469,0.031360929,0.810309408,0.415164945,0.019620949,0.815237914,True
1.068000000,0.421715469,0.031360929,0.810309408,0.415225244,0.019651946,0.815133925,True
1.070000000,0.421715469,0.031360929,0.810309408,0.415281133,0.019674251,0.815036226,True
1.072000000,0.421715469,0.031360929,0.810309408,0.415333346,0.019690048,0.814944051,True
1.074000000,0.421715469,0.031360929,0.810309408,0.415382439,0.019700973,0.814856689,True
1.076000000,0.421715469,0.031360929,0.810309408,0.415428851,0.019708254,0.814773521,True
1.078000000,0.421715469,0.031360929,0.810309408,0.415472935,0.019712816,0.814694028,True
1.080000000,0.421715469,0.031360929,0.810309408,0.415514982,0.019715354,0.814617777,True
1.082000000,0.422572446,0.032184810,0.809238515,0.415576758,0.019751946,0.814539674,True
1.084000000,0.422572446,0.032184810,0.809238515,0.415650658,0.019812427,0.814453935,True
1.086000000,0.422572446,0.032184810,0.809238515,0.415732615,0.019889885,0.814359930,True
1.088000000,0.422572446,0.032184810,0.809238515,0.415820156,0.019979342,0.814258735,True
1.090000000,0.422572446,0.032184810,0.809238515,0.415911599,0.020077128,0.814151842,True
1.092000000,0.422572446,0.032184810,0.809238515,0.416005711,0.020180522,0.814040694,True
1.094000000,0.422572446,0.032184810,0.809238515,0.416101544,0.020287494,0.813926550,True
1.096000000,0.422572446,0.032184810,0.809238515,0.416198351,0.020396535,0.813810457,True
1.098000000,0.422572446,0.032184810,0.809238515,0.416295542,0.020506524,0.813693269,True
1.100000000,0.422572446,0.032184810,0.809238515,0.416392644,0.020616632,0.813575676,True
1.102000000,0.423429424,0.033008690,0.808167623,0.416493317,0.020730989,0.813454934,True
1.104000000,0.423429424,0.033008690,0.808167623,0.416596106,0.020847736,0.813331564,True
1.106000000,0.423429424,0.033008690,0.808167623,0.416700043,0.020965588,0.813206358,True
1.108000000,0.423429424,0.033008690,0.808167623,0.416804431,0.021083619,0.813080100,True
1.110000000,0.423429424,0.033008690,0.808167623,0.416908738,0.021201155,0.812953470,True
1.112000000,0.423429424,0.033008690,0.808167623,0.417012552,0.021317706,0.812827035,True
1.114000000,0.423429424,0.033008690,0.808167623,0.417115550,0.021432917,0.812701254,True
1.116000000,0.423429424,0.033008690,0.808167623,0.417217477,0.021546536,0.812576492,True
1.118000000,0.423429424,0.033008690,0.808167623,0.417318138,0.021658386,0.812453041,True
1.120000000,0.423429424,0.033008690,0.808167623,0.417417380,0.021768347,0.812331124,True
1.122000000,0.424286401,0.033832571,0.807096731,0.417500098,0.021848703,0.812206955,True
1.124000000,0.424286401,0.033832571,0.807096731,0.417572622,0.021907730,0.812087850,True
1.126000000,0.424286401,0.033832571,0.807096731,0.417638033,0.021951005,0.811975746,True
1.128000000,0.424286401,0.033832571,0.807096731,0.417698021,0.021982532,0.811870631,True
1.130000000,0.424286401,0.033832571,0.807096731,0.417753637,0.022005264,0.811771866,True
1.132000000,0.424286401,0.033832571,0.807096731,0.417805616,0.022021405,0.811678689,True
1.134000000,0.424286401,0.033832571,0.807096731,0.417854508,0.022032608,0.811590377,True
1.136000000,0.424286401,0.033832571,0.807096731,0.417900748,0.022040116,0.811506307,True
1.138000000,0.424286401,0.033832571,0.807096731,0.417944684,0.022044863,0.811425951,True
1.140000000,0.424286401,0.033832571,0.807096731,0.417986602,0.022047553,0.811348873,True
1.142000000,0.425143379,0.034656451,0.806025838,0.418048974,0.022084695,0.811270848,True
1.144000000,0.425143379,0.034656451,0.806025838,0.418123715,0.022145971,0.811185383,True
1.146000000,0.425143379,0.034656451,0.806025838,0.418206574,0.022224387,0.811091600,True
1.148000000,0.425143379,0.034656451,0.806025838,0.418295008,0.022314917,0.810990506,True
1.150000000,0.425143379,0.034656451,0.806025838,0.418387314,0.022413861,0.810883589,True
1.152000000,0.425143379,0.034656451,0.806025838,0.418482252,0.022518470,0.810772310,True
1.154000000,0.425143379,0.034656451,0.806025838,0.418578875,0.022626698,0.810657947,True
1.156000000,0.425143379,0.034656451,0.806025838,0.418676441,0.022737021,0.810541569,True
1.158000000,0.425143379,0.034656451,0.806025838,0.418774360,0.022848307,0.810424045,True
1.160000000,0.425143379,0.034656451,0.806025838,0.418872165,0.022959717,0.810306078,True
1.162000000,0.426000356,0.035480332,0.804954946,0.418973611,0.023075408,0.810185058,True
1.164000000,0.426000356,0.035480332,0.804954946,0.419077179,0.023193500,0.810061409,True
1.166000000,0.426000356,0.035480332,0.804954946,0.419181878,0.023312698,0.809935894,True
1.168000000,0.426000356,0.035480332,0.804954946,0.419287002,0.023432069,0.809809294,True
1.170000000,0.426000356,0.035480332,0.804954946,0.419392020,0.023550934,0.809682293,True
1.172000000,0.426000356,0.035480332,0.804954946,0.419496521,0.023668799,0.809555465,True
1.174000000,0.426000356,0.035480332,0.804954946,0.419600182,0.023785307,0.809429276,True
1.176000000,0.426000356,0.035480332,0.804954946,0.419702752,0.023900203,0.809304096,True
1.178000000,0.426000356,0.035480332,0.804954946,0.419804036,0.024013310,0.809180221,True
1.180000000,0.426000356,0.035480332,0.804954946,0.419903884,0.024124507,0.809057879,True
1.182000000,0.426857334,0.036304212,0.803884054,0.419986622,0.024205776,0.808932537,True
1.184000000,0.426857334,0.036304212,0.803884054,0.420058967,0.024265514,0.808812074,True
1.186000000,0.426857334,0.036304212,0.803884054,0.420124148,0.024309359,0.808698628,True
1.188000000,0.426857334,0.036304212,0.803884054,0.420183906,0.024341347,0.808592250,True
1.190000000,0.426857334,0.036304212,0.803884054,0.420239312,0.024364457,0.808492314,True
1.192000000,0.426857334,0.036304212,0.803884054,0.420291103,0.024380908,0.808398048,True
1.194000000,0.426857334,0.036304212,0.803884054,0.420339829,0.024392367,0.808308722,True
1.196000000,0.426857334,0.036304212,0.803884054,0.420385920,0.024400086,0.808223699,True
1.198000000,0.426857334,0.036304212,0.803884054,0.420429722,0.024405010,0.808142443,True
1.200000000,0.426857334,0.036304212,0.803884054,0.420471521,0.024407847,0.808064508,True
1.202000000,0.427714312,0.037128093,0.802813161,0.420534477,0.024445465,0.807986559,True
1.204000000,0.427714312,0.037128093,0.802813161,0.420610025,0.024507407,0.807901390,True
1.206000000,0.427714312,0.037128093,0.802813161,0.420693731,0.024586615,0.807807874,True
1.208000000,0.427714312,0.037128093,0.802813161,0.420782988,0.024678023,0.807706947,True
1.210000000,0.427714312,0.037128093,0.802813161,0.420876073,0.024777907,0.807600088,True
1.212000000,0.427714312,0.037128093,0.802813161,0.420971743,0.024883501,0.807488772,True
1.214000000,0.427714312,0.037128093,0.802813161,0.421069056,0.024992745,0.807374295,True
1.216000000,0.427714312,0.037128093,0.802813161,0.421167273,0.025104106,0.807257742,True
1.218000000,0.427714312,0.037128093,0.802813161,0.421265810,0.025216440,0.807139998,True
1.220000000,0.427714312,0.037128093,0.802813161,0.421364203,0.025328904,0.807021778,True
1.222000000,0.428571289,0.037951973,0.801742269,0.421466307,0.025445677,0.806900604,True
1.224000000,0.428571289,0.037951973,0.801742269,0.421570534,0.025564862,0.806776800,True
1.226000000,0.428571289,0.037951973,0.801742269,0.421675875,0.025685154,0.806651104,True
1.228000000,0.428571289,0.037951973,0.801742269,0.421781615,0.025805614,0.806524289,True
1.230000000,0.428571289,0.037951973,0.801742269,0.421887224,0.025925558,0.806397046,True
1.232000000,0.428571289,0.037951973,0.801742269,0.421992290,0.026044490,0.806269954,True
1.234000000,0.428571289,0.037951973,0.801742269,0.422096495,0.026162052,0.806143484,True
1.236000000,0.428571289,0.037951973,0.801742269,0.422199590,0.026277986,0.806018014,True
1.238000000,0.428571289,0.037951973,0.801742269,0.422301381,0.026392115,0.805893840,True
1.240000000,0.428571289,0.037951973,0.801742269,0.422401719,0.026504316,0.805771197,True
1.242000000,0.429428267,0.038775854,0.800671377,0.422505080,0.026619973,0.805646900,True
1.244000000,0.429428267,0.038775854,0.800671377,0.422609971,0.026737428,0.805520951,True
1.246000000,0.429428267,0.038775854,0.800671377,0.422715484,0.026855547,0.805393870,True
1.248000000,0.429428267,0.038775854,0.800671377,0.422820996,0.026973522,0.805266272,True
1.250000000,0.429428267,0.038775854,0.800671377,0.422926056,0.027090765,0.805138724,True
1.252000000,0.429428267,0.038775854,0.800671377,0.423030318,0.027206852,0.805011710,True
1.254000000,0.429428267,0.038775854,0.800671377,0.423133519,0.027321479,0.804885622,True
1.256000000,0.429428267,0.038775854,0.800671377,0.423235453,0.027434429,0.804760774,True
1.258000000,0.429428267,0.038775854,0.800671377,0.423335963,0.027545552,0.804637413,True
1.260000000,0.429428267,0.038775854,0.800671377,0.423434930,0.027654748,0.804515731,True
1.262000000,0.430285244,0.039599735,0.799600484,0.423516484,0.027734579,0.804390071,True
1.264000000,0.430285244,0.039599735,0.799600484,0.423587681,0.027793336,0.804268875,True
1.266000000,0.430285244,0.039599735,0.799600484,0.423651857,0.027836549,0.804154514,True
1.268000000,0.430285244,0.039599735,0.799600484,0.423710775,0.027868167,0.804047133,True
1.270000000,0.430285244,0.039599735,0.799600484,0.423765491,0.027891096,0.803946149,True
1.272000000,0.430285244,0.039599735,0.799600484,0.423816720,0.027907502,0.803850810,True
1.274000000,0.430285244,0.039599735,0.799600484,0.423864992,0.027919012,0.803760395,True
1.276000000,0.430285244,0.039599735,0.799600484,0.423910718,0.027926849,0.803674274,True
1.278000000,0.430285244,0.039599735,0.799600484,0.423954229,0.027931936,0.803591917,True
1.280000000,0.430285244,0.039599735,0.799600484,0.423995794,0.027934968,0.803512883,True
1.282000000,0.431142222,0.040423615,0.798529592,0.424058905,0.027972201,0.803435090,True
1.284000000,0.431142222,0.040423615,0.798529592,0.424134563,0.028033289,0.803350583,True
1.286000000,0.431142222,0.040423615,0.798529592,0.424218197,0.028111290,0.803257936,True
1.288000000,0.431142222,0.040423615,0.798529592,0.424307183,0.028201237,0.803157965,True
1.290000000,0.431142222,0.040423615,0.798529592,0.424399815,0.028299486,0.803052104,True
1.292000000,0.431142222,0.040423615,0.798529592,0.424494883,0.028403331,0.802941808,True
1.294000000,0.431142222,0.040423615,0.798529592,0.424591472,0.028510755,0.802828363,True
1.296000000,0.431142222,0.040423615,0.798529592,0.424688871,0.028620255,0.802712851,True
1.298000000,0.431142222,0.040423615,0.798529592,0.424786519,0.028730714,0.802596151,True
1.300000000,0.431142222,0.040423615,0.798529592,0.424883969,0.028841302,0.802478977,True
1.302000000,0.431999199,0.041247496,0.797458700,0.424985170,0.028956179,0.802358996,True
1.304000000,0.431999199,0.041247496,0.797458700,0.425088477,0.029073459,0.802236414,True
1.306000000,0.431999199,0.041247496,0.797458700,0.425192863,0.029191846,0.802111925,True
1.308000000,0.431999199,0.041247496,0.797458700,0.425297617,0.029310412,0.801986291,True
1.310000000,0.431999199,0.041247496,0.797458700,0.425402215,0.029428481,0.801860200,True
1.312000000,0.431999199,0.041247496,0.797458700,0.425506255,0.029545562,0.801734231,True
1.314000000,0.431999199,0.041247496,0.797458700,0.425609425,0.029661300,0.801608859,True
1.316000000,0.431999199,0.041247496,0.797458700,0.425711483,0.029775442,0.801484462,True
1.318000000,0.431999199,0.041247496,0.797458700,0.425812238,0.029887809,0.801361339,True
1.320000000,0.431999199,0.041247496,0.797458700,0.425911547,0.029998281,0.801239726,True
1.322000000,0.432856177,0.042071376,0.796387807,0.425992874,0.030079041,0.801113269,True
1.324000000,0.432856177,0.042071376,0.796387807,0.426063678,0.030138513,0.800991005,True
1.326000000,0.432856177,0.042071376,0.796387807,0.426127445,0.030182296,0.800875526,True
1.328000000,0.432856177,0.042071376,0.796387807,0.426185988,0.030214375,0.800767056,True
1.330000000,0.432856177,0.042071376,0.796387807,0.426240377,0.030237678,0.800665030,True
1.332000000,0.432856177,0.042071376,0.796387807,0.426291326,0.030254390,0.800568700,True
1.334000000,0.432856177,0.042071376,0.796387807,0.426339358,0.030266150,0.800477341,True
1.336000000,0.432856177,0.042071376,0.796387807,0.426384878,0.030274193,0.800390317,True
1.338000000,0.432856177,0.042071376,0.796387807,0.426428211,0.030279449,0.800307092,True
1.340000000,0.432856177,0.042071376,0.796387807,0.426469622,0.030282621,0.800227219,True
1.342000000,0.433713154,0.042895257,0.795316915,0.426533348,0.030320371,0.800149531,True
1.344000000,0.433713154,0.042895257,0.795316915,0.426609870,0.030382192,0.800065352,True
1.346000000,0.433713154,0.042895257,0.795316915,0.426694420,0.030461062,0.799973001,True
1.348000000,0.433713154,0.042895257,0.795316915,0.426784301,0.030551974,0.799873223,True
1.350000000,0.433713154,0.042895257,0.795316915,0.426877787,0.030651254,0.799767442,True
1.352000000,0.433713154,0.042895257,0.795316915,0.426973663,0.030756177,0.799657125,True
1.354000000,0.433713154,0.042895257,0.795316915,0.427071016,0.030864713,0.799543581,True
1.356000000,0.433713154,0.042895257,0.795316915,0.427169142,0.030975346,0.799427905,True
1.358000000,0.433713154,0.042895257,0.795316915,0.427267482,0.031086949,0.799310995,True
1.360000000,0.433713154,0.042895257,0.795316915,0.427365594,0.031198686,0.799193574,True
1.362000000,0.434570132,0.043719137,0.794246023,0.427467532,0.031314745,0.799073444,True
1.364000000,0.434570132,0.043719137,0.794246023,0.427571580,0.031433218,0.798950714,True
1.366000000,0.434570132,0.043719137,0.794246023,0.427676687,0.031552798,0.798826048,True
1.368000000,0.434570132,0.043719137,0.794246023,0.427782136,0.031672551,0.798700204,True
1.370000000,0.434570132,0.043719137,0.794246023,0.427887401,0.031791797,0.798573874,True
1.372000000,0.434570132,0.043719137,0.794246023,0.427992083,0.031910041,0.798447644,True
1.374000000,0.434570132,0.043719137,0.794246023,0.428095872,0.032026927,0.798321993,True
1.376000000,0.434570132,0.043719137,0.794246023,0.428198526,0.032142199,0.798197307,True
1.378000000,0.434570132,0.043719137,0.794246023,0.428299860,0.032255679,0.798073888,True
1.380000000,0.434570132,0.043719137,0.794246023,0.428399730,0.032367244,0.797951974,True
1.382000000,0.435427109,0.044543018,0.793175130,0.428481001,0.032448791,0.797824442,True
1.384000000,0.435427109,0.044543018,0.793175130,0.428551544,0.032508873,0.797700892,True
1.386000000,0.435427109,0.044543018,0.793175130,0.428615007,0.032553146,0.797584123,True
1.388000000,0.435427109,0.044543018,0.793175130,0.428673257,0.032585625,0.797474426,True
1.390000000,0.435427109,0.044543018,0.793175130,0.428727380,0.032609260,0.797371251,True
1.392000000,0.435427109,0.044543018,0.793175130,0.428778095,0.032626247,0.797273847,True
1.394000000,0.435427109,0.044543018,0.793175130,0.428825920,0.032638236,0.797181478,True
1.396000000,0.435427109,0.044543018,0.793175130,0.428871258,0.032646470,0.797093500,True
1.398000000,0.435427109,0.044543018,0.793175130,0.428914429,0.032651886,0.797009369,True
1.400000000,0.435427109,0.044543018,0.793175130,0.428955694,0.032655193,0.796928630,True
1.402000000,0.436284087,0.045366898,0.792104238,0.429020019,0.032693394,0.796851032,True
1.404000000,0.436284087,0.045366898,0.792104238,0.429097371,0.032755835,0.796767186,True
1.406000000,0.436284087,0.045366898,0.792104238,0.429182784,0.032835427,0.796675159,True
1.408000000,0.436284087,0.045366898,0.792104238,0.429273493,0.032927129,0.796575619,True
1.410000000,0.436284087,0.045366898,0.792104238,0.429367754,0.033027247,0.796469979,True
1.412000000,0.436284087,0.045366898,0.792104238,0.429464350,0.033133044,0.796359717,True
1.414000000,0.436284087,0.045366898,0.792104238,0.429562374,0.033242478,0.796246156,True
1.416000000,0.436284087,0.045366898,0.792104238,0.429661126,0.033354026,0.796130408,True
1.418000000,0.436284087,0.045366898,0.792104238,0.429760056,0.033466554,0.796013382,True
1.420000000,0.436284087,0.045366898,0.792104238,0.429858726,0.033579218,0.795895815,True
1.422000000,0.437141064,0.046190779,0.791033346,0.429961293,0.033696236,0.795775638,True
1.424000000,0.437141064,0.046190779,0.791033346,0.430065972,0.033815677,0.795652863,True
1.426000000,0.437141064,0.046190779,0.791033346,0.430171691,0.033936225,0.795528126,True
1.428000000,0.437141064,0.046190779,0.791033346,0.430277724,0.034056941,0.795402179,True
1.430000000,0.437141064,0.046190779,0.791033346,0.430383546,0.034177141,0.795275717,True
1.432000000,0.437141064,0.046190779,0.791033346,0.430488759,0.034296329,0.795149334,True
1.434000000,0.437141064,0.046190779,0.791033346,0.430593057,0.034414146,0.795023513,True
1.436000000,0.437141064,0.046190779,0.791033346,0.430696200,0.034530335,0.794898644,True
1.438000000,0.437141064,0.046190779,0.791033346,0.430798005,0.034644718,0.794775034,True
1.440000000,0.437141064,0.046190779,0.791033346,0.430898331,0.034757171,0.794652925,True
1.442000000,0.437998042,0.047014659,0.789962453,0.430979457,0.034839349,0.794524414,True
1.444000000,0.437998042,0.047014659,0.789962453,0.431049667,0.034899924,0.794399659,True
1.446000000,0.437998042,0.047014659,0.789962453,0.431112766,0.034944601,0.794281664,True
1.448000000,0.437998042,0.047014659,0.789962453,0.431170675,0.034977421,0.794170788,True
1.450000000,0.437998042,0.047014659,0.789962453,0.431224496,0.035001344,0.794066501,True
1.452000000,0.437998042,0.047014659,0.789962453,0.431274946,0.035018575,0.793968047,True
1.454000000,0.437998042,0.047014659,0.789962453,0.431322541,0.035030773,0.793874685,True
1.456000000,0.437998042,0.047014659,0.789962453,0.431367677,0.035039184,0.793785764,True
1.458000000,0.437998042,0.047014659,0.789962453,0.431410671,0.035044753,0.793700731,True
1.460000000,0.437998042,0.047014659,0.789962453,0.431451779,0.035048191,0.793619128,True
1.462000000,0.438855019,0.047838540,0.788891561,0.431516680,0.035086791,0.793541621,True
1.464000000,0.438855019,0.047838540,0.788891561,0.431594821,0.035149760,0.793458126,True
1.466000000,0.438855019,0.047838540,0.788891561,0.431681045,0.035229953,0.793366457,True
1.468000000,0.438855019,0.047838540,0.788891561,0.431772520,0.035322303,0.793267202,True
1.470000000,0.438855019,0.047838540,0.788891561,0.431867486,0.035423102,0.793161760,True
1.472000000,0.438855019,0.047838540,0.788891561,0.431964725,0.035529605,0.793051620,True
1.474000000,0.438855019,0.047838540,0.788891561,0.432063339,0.035639762,0.792938116,True
1.476000000,0.438855019,0.047838540,0.788891561,0.432162634,0.035752045,0.792822374,True
1.478000000,0.438855019,0.047838540,0.788891561,0.432262066,0.035865316,0.792705317,True
1.480000000,0.438855019,0.047838540,0.788891561,0.432361206,0.035978727,0.792587688,True
1.482000000,0.439711997,0.048662420,0.787820669,0.432464313,0.036096518,0.792467550,True
1.484000000,0.439711997,0.048662420,0.787820669,0.432569535,0.036216742,0.792344818,True
1.486000000,0.439711997,0.048662420,0.787820669,0.432675773,0.036338073,0.792220099,True
1.488000000,0.439711997,0.048662420,0.787820669,0.432782298,0.036459567,0.792094138,True
1.490000000,0.439711997,0.048662420,0.787820669,0.432888585,0.036580538,0.791967636,True
1.492000000,0.439711997,0.048662420,0.787820669,0.432994239,0.036700488,0.791841190,True
1.494000000,0.439711997,0.048662420,0.787820669,0.433098955,0.036819058,0.791715289,True
1.496000000,0.439711997,0.048662420,0.787820669,0.433202499,0.036935989,0.791590327,True
1.498000000,0.439711997,0.048662420,0.787820669,0.433304687,0.037051102,0.791466616,True
1.500000000,0.439711997,0.048662420,0.787820669,0.433405381,0.037164272,0.791344399,True
1.502000000,0.440568974,0.049486301,0.786749776,0.433486288,0.037246952,0.791214992,True
1.504000000,0.440568974,0.049486301,0.786749776,0.433556106,0.037307922,0.791089101,True
1.506000000,0.440568974,0.049486301,0.786749776,0.433618791,0.037352932,0.790969934,True
1.508000000,0.440568974,0.049486301,0.786749776,0.433676318,0.037386039,0.790857922,True
1.510000000,0.440568974,0.049486301,0.786749776,0.433729804,0.037410213,0.790752552,True
1.512000000,0.440568974,0.049486301,0.786749776,0.433779963,0.037427663,0.790653070,True
1.514000000,0.440568974,0.049486301,0.786749776,0.433827307,0.037440051,0.790558730,True
1.516000000,0.440568974,0.049486301,0.786749776,0.433872226,0.037448629,0.790468874,True
1.518000000,0.440568974,0.049486301,0.786749776,0.433915030,0.037454343,0.790382943,True
1.520000000,0.440568974,0.049486301,0.786749776,0.433955972,0.037457908,0.790300474,True
1.522000000,0.441425952,0.050310181,0.785678884,0.434021426,0.037496864,0.790223060,True
1.524000000,0.441425952,0.050310181,0.785678884,0.434100324,0.037560288,0.790139927,True
1.526000000,0.441425952,0.050310181,0.785678884,0.434187317,0.037640984,0.790048640,True
1.528000000,0.441425952,0.050310181,0.785678884,0.434279508,0.037733864,0.789949707,True
1.530000000,0.441425952,0.050310181,0.785678884,0.434375121,0.037835215,0.789844512,True
1.532000000,0.441425952,0.050310181,0.785678884,0.434472941,0.037942285,0.789734547,True
1.534000000,0.441425952,0.050310181,0.785678884,0.434572078,0.038053021,0.789621161,True
1.536000000,0.441425952,0.050310181,0.785678884,0.434671847,0.038165892,0.789505492,True
1.538000000,0.441425952,0.050310181,0.785678884,0.434771712,0.038279756,0.789388472,True
1.540000000,0.441425952,0.050310181,0.785678884,0.434871249,0.038393763,0.789270853,True
1.542000000,0.442282929,0.051134062,0.784607992,0.434974823,0.038512177,0.789150825,True
1.544000000,0.442282929,0.051134062,0.784607992,0.435080512,0.038633031,0.789028209,True
1.546000000,0.442282929,0.051134062,0.784607992,0.435187195,0.038754992,0.788903582,True
1.548000000,0.442282929,0.051134062,0.784607992,0.435294137,0.038877111,0.788777684,True
1.550000000,0.442282929,0.051134062,0.784607992,0.435400815,0.038998703,0.788651217,True
1.552000000,0.442282929,0.051134062,0.784607992,0.435506834,0.039119266,0.788524783,True
1.554000000,0.442282929,0.051134062,0.784607992,0.435611895,0.039238441,0.788398878,True
1.556000000,0.442282929,0.051134062,0.784607992,0.435715765,0.039355969,0.788273898,True
1.558000000,0.442282929,0.051134062,0.784607992,0.435818264,0.039471669,0.788150159,True
1.560000000,0.442282929,0.051134062,0.784607992,0.435919256,0.039585417,0.788027907,True
1.562000000,0.443139907,0.051957943,0.783537099,0.436023688,0.039702687,0.787904594,True
1.564000000,0.443139907,0.051957943,0.783537099,0.436129708,0.039821751,0.787779704,True
1.566000000,0.443139907,0.051957943,0.783537099,0.436236283,0.039941456,0.787653587,True
1.568000000,0.443139907,0.051957943,0.783537099,0.436342759,0.040060987,0.787526817,True
1.570000000,0.443139907,0.051957943,0.783537099,0.436448683,0.040179759,0.787399969,True
1.572000000,0.443139907,0.051957943,0.783537099,0.436553722,0.040297348,0.787273545,True
1.574000000,0.443139907,0.051957943,0.783537099,0.436657625,0.040413450,0.787147959,True
1.576000000,0.443139907,0.051957943,0.783537099,0.436760199,0.040527850,0.787023544,True
1.578000000,0.443139907,0.051957943,0.783537099,0.436861299,0.040640397,0.786900563,True
1.580000000,0.443139907,0.051957943,0.783537099,0.436960814,0.040750992,0.786779220,True
1.582000000,0.443996884,0.052781823,0.782466207,0.437040304,0.040831771,0.786649795,True
1.584000000,0.443996884,0.052781823,0.782466207,0.437108786,0.040891398,0.786523449,True
1.586000000,0.443996884,0.052781823,0.782466207,0.437170314,0.040935499,0.786403592,True
1.588000000,0.443996884,0.052781823,0.782466207,0.437226874,0.040968024,0.786290747,True
1.590000000,0.443996884,0.052781823,0.782466207,0.437279563,0.040991858,0.786184449,True
1.592000000,0.443996884,0.052781823,0.782466207,0.437329073,0.041009145,0.786083973,True
1.594000000,0.443996884,0.052781823,0.782466207,0.437375889,0.041021496,0.785988591,True
1.596000000,0.443996884,0.052781823,0.782466207,0.437420380,0.041030127,0.785897657,True
1.598000000,0.443996884,0.052781823,0.782466207,0.437462838,0.041035957,0.785810626,True
1.600000000,0.443996884,0.052781823,0.782466207,0.437503499,0.041039683,0.785727041,True
1.602000000,0.444853862,0.053605704,0.781395315,0.437569009,0.041078114,0.785649651,True
1.604000000,0.444853862,0.053605704,0.781395315,0.437647880,0.041140446,0.785567059,True
1.606000000,0.444853862,0.053605704,0.781395315,0.437734637,0.041219616,0.785476570,True
1.608000000,0.444853862,0.053605704,0.781395315,0.437826371,0.041310654,0.785378578,True
1.610000000,0.444853862,0.053605704,0.781395315,0.437921331,0.041409941,0.785274413,True
1.612000000,0.444853862,0.053605704,0.781395315,0.438018337,0.041514798,0.785165540,True
1.614000000,0.444853862,0.053605704,0.781395315,0.438116531,0.041623228,0.785053289,True
1.616000000,0.444853862,0.053605704,0.781395315,0.438215258,0.041733740,0.784938786,True
1.618000000,0.444853862,0.053605704,0.781395315,0.438314007,0.041845221,0.784822954,True
1.620000000,0.444853862,0.053605704,0.781395315,0.438412374,0.041956841,0.784706539,True
1.622000000,0.445710839,0.054429584,0.780324422,0.438514817,0.042072845,0.784587853,True
1.624000000,0.445710839,0.054429584,0.780324422,0.438619353,0.042191274,0.784466613,True
1.626000000,0.445710839,0.054429584,0.780324422,0.438724849,0.042310811,0.784343355,True
1.628000000,0.445710839,0.054429584,0.780324422,0.438830573,0.042430519,0.784218806,True
1.630000000,0.445710839,0.054429584,0.780324422,0.438936008,0.042549720,0.784093663,True
1.632000000,0.445710839,0.054429584,0.780324422,0.439040771,0.042667922,0.783968529,True
1.634000000,0.445710839,0.054429584,0.780324422,0.439144569,0.042784769,0.783843899,True
1.636000000,0.445710839,0.054429584,0.780324422,0.439247177,0.042900007,0.783720171,True
1.638000000,0.445710839,0.054429584,0.780324422,0.439348419,0.043013457,0.783597660,True
1.640000000,0.445710839,0.054429584,0.780324422,0.439448165,0.043124996,0.783476614,True
1.642000000,0.446567817,0.055253465,0.779253530,0.439527285,0.043206427,0.783346591,True
1.644000000,0.446567817,0.055253465,0.779253530,0.439595235,0.043266552,0.783219334,True
1.646000000,0.446567817,0.055253465,0.779253530,0.439656231,0.043311056,0.783098478,True
1.648000000,0.446567817,0.055253465,0.779253530,0.439712311,0.043343917,0.782984627,True
1.650000000,0.446567817,0.055253465,0.779253530,0.439764584,0.043368033,0.782877347,True
1.652000000,0.446567817,0.055253465,0.779253530,0.439813738,0.043385557,0.782775917,True
1.654000000,0.446567817,0.055253465,0.779253530,0.439860250,0.043398108,0.782679610,True
1.656000000,0.446567817,0.055253465,0.779253530,0.439904481,0.043406907,0.782587778,True
1.658000000,0.446567817,0.055253465,0.779253530,0.439946716,0.043412879,0.782499873,True
1.660000000,0.446567817,0.055253465,0.779253530,0.439987184,0.043416724,0.782415436,True
1.662000000,0.447424794,0.056077345,0.778182638,0.440053307,0.043455607,0.782338157,True
1.664000000,0.447424794,0.056077345,0.778182638,0.440133034,0.043518551,0.782255937,True
1.666000000,0.447424794,0.056077345,0.778182638,0.440220681,0.043598422,0.782165826,True
1.668000000,0.447424794,0.056077345,0.778182638,0.440313264,0.043690215,0.782068139,True
1.670000000,0.447424794,0.056077345,0.778182638,0.440409011,0.043790296,0.781964192,True
1.672000000,0.447424794,0.056077345,0.778182638,0.440506744,0.043895974,0.781855457,True
1.674000000,0.447424794,0.056077345,0.778182638,0.440605610,0.044005245,0.781743279,True
1.676000000,0.447424794,0.056077345,0.778182638,0.440704962,0.044116610,0.781628796,True
1.678000000,0.447424794,0.056077345,0.778182638,0.440804294,0.044228951,0.781512945,True
1.680000000,0.447424794,0.056077345,0.778182638,0.440903210,0.044341435,0.781396480,True
1.682000000,0.448281772,0.056901226,0.777111745,0.441006279,0.044458335,0.781277842,True
1.684000000,0.448281772,0.056901226,0.777111745,0.441111444,0.044577671,0.781156654,True
1.686000000,0.448281772,0.056901226,0.777111745,0.441217546,0.044698114,0.781033422,True
1.688000000,0.448281772,0.056901226,0.777111745,0.441323846,0.044818721,0.780908869,True
1.690000000,0.448281772,0.056901226,0.777111745,0.441429829,0.044938813,0.780783694,True
1.692000000,0.448281772,0.056901226,0.777111745,0.441535114,0.045057896,0.780658504,True
1.694000000,0.448281772,0.056901226,0.777111745,0.441639410,0.045175611,0.780533801,True
1.696000000,0.448281772,0.056901226,0.777111745,0.441742495,0.045291705,0.780409987,True
1.698000000,0.448281772,0.056901226,0.777111745,0.441844197,0.045405996,0.780287381,True
1.700000000,0.448281772,0.056901226,0.777111745,0.441944386,0.045518363,0.780166233,True
1.702000000,0.449138749,0.057725106,0.776040853,0.442023306,0.045600353,0.780035314,True
1.704000000,0.449138749,0.057725106,0.776040853,0.442090859,0.045660903,0.779906917,True
1.706000000,0.449138749,0.057725106,0.776040853,0.442151428,0.045705755,0.779784881,True
1.708000000,0.449138749,0.057725106,0.776040853,0.442207110,0.045738909,0.779669883,True
1.710000000,0.449138749,0.057725106,0.776040853,0.442259030,0.045763275,0.779561507,True
1.712000000,0.449138749,0.057725106,0.776040853,0.442307875,0.045781013,0.779459036,True
1.714000000,0.449138749,0.057725106,0.776040853,0.442354118,0.045793746,0.779361737,True
1.716000000,0.449138749,0.057725106,0.776040853,0.442398113,0.045802701,0.779268956,True
1.718000000,0.449138749,0.057725106,0.776040853,0.442440139,0.045808806,0.779180139,True
1.720000000,0.449138749,0.057725106,0.776040853,0.442480422,0.045812765,0.779094823,True
1.722000000,0.449995727,0.058548987,0.774969961,0.442547144,0.045852047,0.779017626,True
1.724000000,0.449995727,0.058548987,0.774969961,0.442627699,0.045915518,0.778935763,True
1.726000000,0.449995727,0.058548987,0.774969961,0.442716191,0.045995975,0.778846033,True
1.728000000,0.449995727,0.058548987,0.774969961,0.442809567,0.046088391,0.778748672,True
1.730000000,0.449995727,0.058548987,0.774969961,0.442906039,0.046189118,0.778644976,True
1.732000000,0.449995727,0.058548987,0.774969961,0.443004428,0.046295460,0.778536424,True
1.734000000,0.449995727,0.058548987,0.774969961,0.443103891,0.046405407,0.778424371,True
1.736000000,0.449995727,0.058548987,0.774969961,0.443203788,0.046517458,0.778309969,True
1.738000000,0.449995727,0.058548987,0.774969961,0.443303624,0.046630490,0.778194163,True
1.740000000,0.449995727,0.058548987,0.774969961,0.443403006,0.046743668,0.778077716,True
1.742000000,0.450852704,0.059372867,0.773899068,0.443506617,0.046861293,0.777959195,True
1.744000000,0.450852704,0.059372867,0.773899068,0.443612326,0.046981362,0.777838130,True
1.746000000,0.450852704,0.059372867,0.773899068,0.443718947,0.047102537,0.777714997,True
1.748000000,0.450852704,0.059372867,0.773899068,0.443825737,0.047223872,0.777590513,True
1.750000000,0.450852704,0.059372867,0.773899068,0.443932181,0.047344685,0.777465380,True
1.752000000,0.450852704,0.059372867,0.773899068,0.444037901,0.047464479,0.777340211,True
1.754000000,0.450852704,0.059372867,0.773899068,0.444142610,0.047582896,0.777215510,True
1.756000000,0.450852704,0.059372867,0.773899068,0.444246088,0.047699681,0.777091685,True
1.758000000,0.450852704,0.059372867,0.773899068,0.444348167,0.047814653,0.776969058,True
1.760000000,0.450852704,0.059372867,0.773899068,0.444448717,0.047927689,0.776847882,True
1.762000000,0.451709682,0.060196748,0.772828176,0.444527370,0.048010116,0.776716144,True
1.764000000,0.451709682,0.060196748,0.772828176,0.444594472,0.048071000,0.776586672,True
1.766000000,0.451709682,0.060196748,0.772828176,0.444654571,0.048116132,0.776463509,True
1.768000000,0.451709682,0.060196748,0.772828176,0.444709821,0.048149530,0.776347404,True
1.770000000,0.451709682,0.060196748,0.772828176,0.444761359,0.048174110,0.776237963,True
1.772000000,0.451709682,0.060196748,0.772828176,0.444809872,0.048192036,0.776134471,True
1.774000000,0.451709682,0.060196748,0.772828176,0.444855828,0.048204934,0.776036193,True
1.776000000,0.451709682,0.060196748,0.772828176,0.444899572,0.048214033,0.775942471,True
1.778000000,0.451709682,0.060196748,0.772828176,0.444941379,0.048220264,0.775852745,True
1.780000000,0.451709682,0.060196748,0.772828176,0.444981468,0.048224333,0.775766550,True
1.782000000,0.452566659,0.061020628,0.771757284,0.445048767,0.048263976,0.775689427,True
1.784000000,0.452566659,0.061020628,0.771757284,0.445130114,0.048327904,0.775607921,True
1.786000000,0.452566659,0.061020628,0.771757284,0.445219407,0.048408856,0.775518585,True
1.788000000,0.452566659,0.061020628,0.771757284,0.445313525,0.048501786,0.775421573,True
1.790000000,0.452566659,0.061020628,0.771757284,0.445410663,0.048603039,0.775318162,True
1.792000000,0.452566659,0.061020628,0.771757284,0.445509648,0.048709915,0.775209836,True
1.794000000,0.452566659,0.061020628,0.771757284,0.445609643,0.048820405,0.775097957,True
1.796000000,0.452566659,0.061020628,0.771757284,0.445710020,0.048933004,0.774983688,True
1.798000000,0.452566659,0.061020628,0.771757284,0.445810290,0.049046588,0.774867984,True
1.800000000,0.452566659,0.061020628,0.771757284,0.445910070,0.049160319,0.774751614,True
1.802000000,0.453423637,0.061844509,0.770686391,0.446014152,0.049278527,0.774633269,True
1.804000000,0.453423637,0.061844509,0.770686391,0.446120333,0.049399188,0.774512387,True
1.806000000,0.453423637,0.061844509,0.770686391,0.446227402,0.049520954,0.774389415,True
1.808000000,0.453423637,0.061844509,0.770686391,0.446334611,0.049642874,0.774265063,True
1.810000000,0.453423637,0.061844509,0.770686391,0.446441444,0.049764266,0.774140036,True
1.812000000,0.453423637,0.061844509,0.770686391,0.446547528,0.049884632,0.774014950,True
1.814000000,0.453423637,0.061844509,0.770686391,0.446652579,0.050003614,0.773890315,True
1.816000000,0.453423637,0.061844509,0.770686391,0.446756380,0.050120955,0.773766542,True
1.818000000,0.453423637,0.061844509,0.770686391,0.446858766,0.050236475,0.773643957,True
1.820000000,0.453423637,0.061844509,0.770686391,0.446959610,0.050350049,0.773522815,True
1.822000000,0.454280615,0.062668390,0.769615499,0.447037942,0.050432812,0.773390324,True
1.824000000,0.454280615,0.062668390,0.769615499,0.447104547,0.050493954,0.773259834,True
1.826000000,0.454280615,0.062668390,0.769615499,0.447164140,0.050539308,0.773135590,True
1.828000000,0.454280615,0.062668390,0.769615499,0.447218927,0.050572908,0.773018413,True
1.830000000,0.454280615,0.062668390,0.769615499,0.447270060,0.050597672,0.772907932,True
1.832000000,0.454280615,0.062668390,0.769615499,0.447318223,0.050615764,0.772803437,True
1.834000000,0.454280615,0.062668390,0.769615499,0.447363875,0.050628813,0.772704191,True
1.836000000,0.454280615,0.062668390,0.769615499,0.447407357,0.050638045,0.772609533,True
1.838000000,0.454280615,0.062668390,0.769615499,0.447448934,0.050644395,0.772518901,True
1.840000000,0.454280615,0.062668390,0.769615499,0.447488821,0.050648569,0.772431825,True
1.842000000,0.455137592,0.063492270,0.768544606,0.447556677,0.050688541,0.772354767,True
1.844000000,0.455137592,0.063492270,0.768544606,0.447638787,0.050752869,0.772273616,True
1.846000000,0.455137592,0.063492270,0.768544606,0.447728845,0.050834242,0.772184682,True
1.848000000,0.455137592,0.063492270,0.768544606,0.447823663,0.050927597,0.772088037,True
1.850000000,0.455137592,0.063492270,0.768544606,0.447921421,0.051029277,0.771984939,True
1.852000000,0.455137592,0.063492270,0.768544606,0.448020951,0.051136582,0.771876872,True
1.854000000,0.455137592,0.063492270,0.768544606,0.448121425,0.051247504,0.771765208,True
1.856000000,0.455137592,0.063492270,0.768544606,0.448222226,0.051360537,0.771651116,True
1.858000000,0.455137592,0.063492270,0.768544606,0.448322874,0.051474559,0.771535561,True
1.860000000,0.455137592,0.063492270,0.768544606,0.448422996,0.051588728,0.771419318,True
1.862000000,0.455994570,0.064316151,0.767473714,0.448527492,0.051707404,0.771301198,True
1.864000000,0.455994570,0.064316151,0.767473714,0.448634086,0.051828539,0.771180549,True
1.866000000,0.455994570,0.064316151,0.767473714,0.448741545,0.051950777,0.771057789,True
1.868000000,0.455994570,0.064316151,0.767473714,0.448849112,0.052073166,0.770933621,True
1.870000000,0.455994570,0.064316151,0.767473714,0.448956276,0.052195021,0.770808753,True
1.872000000,0.455994570,0.064316151,0.767473714,0.449062666,0.052315845,0.770683804,True
1.874000000,0.455994570,0.064316151,0.767473714,0.449168001,0.052435278,0.770559289,True
1.876000000,0.455994570,0.064316151,0.767473714,0.449272068,0.052553064,0.770435621,True
1.878000000,0.455994570,0.064316151,0.767473714,0.449374705,0.052669022,0.770313130,True
1.880000000,0.455994570,0.064316151,0.767473714,0.449475788,0.052783027,0.770192073,True
1.882000000,0.456851547,0.065140031,0.766402822,0.449553752,0.052866041,0.770058885,True
1.884000000,0.456851547,0.065140031,0.766402822,0.449619823,0.052927376,0.769927428,True
1.886000000,0.456851547,0.065140031,0.766402822,0.449678879,0.052972905,0.769802142,True
1.888000000,0.456851547,0.065140031,0.766402822,0.449733179,0.053006670,0.769683923,True
1.890000000,0.456851547,0.065140031,0.766402822,0.449783885,0.053031591,0.769572423,True
1.892000000,0.456851547,0.065140031,0.766402822,0.449831680,0.053049832,0.769466940,True
1.894000000,0.456851547,0.065140031,0.766402822,0.449877015,0.053063016,0.769366735,True
1.896000000,0.456851547,0.065140031,0.766402822,0.449920223,0.053072373,0.769271147,True
1.898000000,0.456851547,0.065140031,0.766402822,0.449961561,0.053078835,0.769179609,True
1.900000000,0.456851547,0.065140031,0.766402822,0.450001239,0.053083110,0.769091651,True
1.902000000,0.457708525,0.065963912,0.765331929,0.450069637,0.053123385,0.769014647,True
1.904000000,0.457708525,0.065963912,0.765331929,0.450152487,0.053188069,0.768933846,True
1.906000000,0.457708525,0.065963912,0.765331929,0.450243280,0.053269802,0.768845318,True
1.908000000,0.457708525,0.065963912,0.765331929,0.450338763,0.053363510,0.768749055,True
1.910000000,0.457708525,0.065963912,0.765331929,0.450437103,0.053465535,0.768646292,True
1.912000000,0.457708525,0.065963912,0.765331929,0.450537136,0.053573183,0.768538512,True
1.914000000,0.457708525,0.065963912,0.765331929,0.450638046,0.053684445,0.768427095,True
1.916000000,0.457708525,0.065963912,0.765331929,0.450739226,0.053797821,0.768313218,True
1.918000000,0.457708525,0.065963912,0.765331929,0.450840207,0.053912184,0.768197851,True
1.920000000,0.457708525,0.065963912,0.765331929,0.450940623,0.054026697,0.768081776,True
1.922000000,0.458565502,0.066787792,0.764261037,0.451045486,0.054145744,0.767963922,True
1.924000000,0.458565502,0.066787792,0.764261037,0.451152446,0.054267257,0.767843548,True
1.926000000,0.458565502,0.066787792,0.764261037,0.451260246,0.054389872,0.767721043,True
1.928000000,0.458565502,0.066787792,0.764261037,0.451368124,0.054512634,0.767597103,True
1.930000000,0.458565502,0.066787792,0.764261037,0.451475570,0.054634857,0.767472438,True
1.932000000,0.458565502,0.066787792,0.764261037,0.451582217,0.054756044,0.767347671,True
1.934000000,0.458565502,0.066787792,0.764261037,0.451687789,0.054875836,0.767223319,True
1.936000000,0.458565502,0.066787792,0.764261037,0.451792076,0.054993974,0.767099801,True
1.938000000,0.458565502,0.066787792,0.764261037,0.451894918,0.055110280,0.766977448,True
1.940000000,0.458565502,0.066787792,0.764261037,0.451996193,0.055224627,0.766856521,True
1.942000000,0.459422480,0.067611673,0.763190145,0.452073751,0.055307822,0.766722685,True
1.944000000,0.459422480,0.067611673,0.763190145,0.452139257,0.055369295,0.766590303,True
1.946000000,0.459422480,0.067611673,0.763190145,0.452197749,0.055414957,0.766464010,True
1.948000000,0.459422480,0.067611673,0.763190145,0.452251540,0.055448857,0.766344774,True
1.950000000,0.459422480,0.067611673,0.763190145,0.452301803,0.055473913,0.766232274,True
1.952000000,0.459422480,0.067611673,0.763190145,0.452349215,0.055492285,0.766125815,True
1.954000000,0.459422480,0.067611673,0.763190145,0.452394222,0.055505593,0.766024660,True
1.956000000,0.459422480,0.067611673,0.763190145,0.452437145,0.055515066,0.765928144,True
1.958000000,0.459422480,0.067611673,0.763190145,0.452478236,0.055521634,0.765835701,True
1.960000000,0.459422480,0.067611673,0.763190145,0.452517697,0.055526006,0.765746860,True
1.962000000,0.460279457,0.068435553,0.762119252,0.452595933,0.055567827,0.765685567,True
1.964000000,0.460279457,0.068435553,0.762119252,0.452665534,0.055630944,0.765584143,True
1.966000000,0.460279457,0.068435553,0.762119252,0.452757631,0.055713052,0.765495277,True
1.968000000,0.460279457,0.068435553,0.762119252,0.452854107,0.055807094,0.765398837,True
1.970000000,0.460279457,0.068435553,0.762119252,0.452953293,0.055909436,0.765296043,True
1.972000000,0.460279457,0.068435553,0.762119252,0.453054054,0.056017387,0.765188322,True
1.974000000,0.460279457,0.068435553,0.762119252,0.453155589,0.056128941,0.765077019,True
1.976000000,0.460279457,0.068435553,0.762119252,0.453257304,0.056242600,0.764963295,True
1.978000000,0.460279457,0.068435553,0.762119252,0.453358745,0.056357243,0.764848107,True
1.980000000,0.460279457,0.068435553,0.762119252,0.453459559,0.056472032,0.764732232,True
1.982000000,0.461136435,0.069259434,0.761048360,0.453564844,0.056591377,0.764614666,True
1.984000000,0.461136435,0.069259434,0.761048360,0.453672204,0.056713192,0.764494599,True
1.986000000,0.461136435,0.069259434,0.761048360,0.453780363,0.056836107,0.764372395,True
1.988000000,0.461136435,0.069259434,0.761048360,0.453888562,0.056959164,0.764248742,True
1.990000000,0.461136435,0.069259434,0.761048360,0.453996293,0.057081678,0.764124349,True
1.992000000,0.461136435,0.069259434,0.761048360,0.454103195,0.057203152,0.763999840,True
1.994000000,0.461136435,0.069259434,0.761048360,0.454208995,0.057323227,0.763875735,True
1.996000000,0.461136435,0.069259434,0.761048360,0.454313490,0.057441645,0.763752454,True
1.998000000,0.461136435,0.069259434,0.761048360,0.454416522,0.057558225,0.763630330,True
2.000000000,0.461136435,0.069259434,0.761048360,0.454517974,0.057672843,0.763509625,True
2.002000000,0.461993412,0.070083314,0.759977468,0.454595098,0.057756158,0.763375211,True
2.004000000,0.461993412,0.070083314,0.759977468,0.454660010,0.057817721,0.763241956,True
2.006000000,0.461993412,0.070083314,0.759977468,0.454717913,0.057863478,0.763114695,True
2.008000000,0.461993412,0.070083314,0.759977468,0.454771172,0.057897485,0.762994470,True
2.010000000,0.461993412,0.070083314,0.759977468,0.454820972,0.057922655,0.762880991,True
2.012000000,0.461993412,0.070083314,0.759977468,0.454867986,0.057941142,0.762773569,True
2.014000000,0.461993412,0.070083314,0.759977468,0.454912650,0.057954563,0.762671471,True
2.016000000,0.461993412,0.070083314,0.759977468,0.454955277,0.057964143,0.762574033,True
2.018000000,0.461993412,0.070083314,0.759977468,0.454996111,0.057970811,0.762480686,True
2.020000000,0.461993412,0.070083314,0.759977468,0.455035346,0.057975275,0.762390959,True
2.022000000,0.462850390,0.070907195,0.758906575,0.455113964,0.058017387,0.762329262,True
2.024000000,0.462850390,0.070907195,0.758906575,0.455200405,0.058083000,0.762255192,True
2.026000000,0.462850390,0.070907195,0.758906575,0.455292696,0.058165360,0.762170214,True
2.028000000,0.462850390,0.070907195,0.758906575,0.455388939,0.058259574,0.762076128,True
2.030000000,0.462850390,0.070907195,0.758906575,0.455487743,0.058362054,0.761974844,True
2.032000000,0.462850390,0.070907195,0.758906575,0.455588099,0.058470138,0.761868127,True
2.034000000,0.462850390,0.070907195,0.758906575,0.455689255,0.058581832,0.761757492,True
2.036000000,0.462850390,0.070907195,0.758906575,0.455790631,0.058695641,0.761644194,True
2.038000000,0.462850390,0.070907195,0.758906575,0.455891774,0.058810443,0.761529253,True
2.040000000,0.462850390,0.070907195,0.758906575,0.455992328,0.058925400,0.761413487,True
2.042000000,0.463707367,0.071731075,0.757835683,0.456097612,0.059044957,0.761296205,True
2.044000000,0.463707367,0.071731075,0.757835683,0.456205045,0.059166995,0.761176422,True
2.046000000,0.463707367,0.071731075,0.757835683,0.456313295,0.059290133,0.761054453,True
2.048000000,0.463707367,0.071731075,0.757835683,0.456421583,0.059413412,0.760930981,True
2.050000000,0.463707367,0.071731075,0.757835683,0.456529396,0.059536144,0.760806718,True
2.052000000,0.463707367,0.071731075,0.757835683,0.456636372,0.059657833,0.760682298,True
2.054000000,0.463707367,0.071731075,0.757835683,0.456742241,0.059778119,0.760558247,True
2.056000000,0.463707367,0.071731075,0.757835683,0.456846799,0.059896746,0.760434995,True
2.058000000,0.463707367,0.071731075,0.757835683,0.456949891,0.060013531,0.760312878,True
2.060000000,0.463707367,0.071731075,0.757835683,0.457051399,0.060128350,0.760192164,True
2.062000000,0.464564345,0.072554956,0.756764791,0.457128048,0.060211741,0.760057079,True
2.064000000,0.464564345,0.072554956,0.756764791,0.457192354,0.060273363,0.759922914,True
2.066000000,0.464564345,0.072554956,0.756764791,0.457249668,0.060319195,0.759794667,True
2.068000000,0.464564345,0.072554956,0.756764791,0.457302400,0.060353292,0.759673445,True
2.070000000,0.464564345,0.072554956,0.756764791,0.457351742,0.060378563,0.759558978,True
2.072000000,0.464564345,0.072554956,0.756764791,0.457398363,0.060397157,0.759450587,True
2.074000000,0.464564345,0.072554956,0.756764791,0.457442689,0.060410684,0.759347541,True
2.076000000,0.464564345,0.072554956,0.756764791,0.457485025,0.060420366,0.759249173,True
2.078000000,0.464564345,0.072554956,0.756764791,0.457525606,0.060427130,0.759154917,True
2.080000000,0.464564345,0.072554956,0.756764791,0.457564620,0.060431684,0.759064298,True
2.082000000,0.465421322,0.073378836,0.755693898,0.457643566,0.060474059,0.759002087,True
2.084000000,0.465421322,0.073378836,0.755693898,0.457730613,0.060539932,0.758928020,True
2.086000000,0.465421322,0.073378836,0.755693898,0.457823519,0.060622517,0.758843189,True
2.088000000,0.465421322,0.073378836,0.755693898,0.457920306,0.060716922,0.758749272,True
2.090000000,0.465421322,0.073378836,0.755693898,0.458019564,0.060819571,0.758648139,True
2.092000000,0.465421322,0.073378836,0.755693898,0.458120292,0.060927806,0.758541545,True
2.094000000,0.465421322,0.073378836,0.755693898,0.458221748,0.061039643,0.758431009,True
2.096000000,0.465421322,0.073378836,0.755693898,0.458323366,0.061153590,0.758317790,True
2.098000000,0.465421322,0.073378836,0.755693898,0.458424703,0.061268530,0.758202911,True
2.100000000,0.465421322,0.073378836,0.755693898,0.458525412,0.061383624,0.758087196,True
2.102000000,0.466278300,0.074202717,0.754623006,0.458630917,0.061503345,0.757970050,True
2.104000000,0.466278300,0.074202717,0.754623006,0.458738568,0.061625553,0.757850412,True
2.106000000,0.466278300,0.074202717,0.754623006,0.458847010,0.061748860,0.757728572,True
2.108000000,0.466278300,0.074202717,0.754623006,0.458955460,0.061872304,0.757605207,True
2.110000000,0.466278300,0.074202717,0.754623006,0.459063409,0.061995198,0.757481031,True
2.112000000,0.466278300,0.074202717,0.754623006,0.459170497,0.062117046,0.757356680,True
2.114000000,0.466278300,0.074202717,0.754623006,0.459276460,0.062237490,0.757232686,True
2.116000000,0.466278300,0.074202717,0.754623006,0.459381097,0.062356271,0.757109477,True
2.118000000,0.466278300,0.074202717,0.754623006,0.459484254,0.062473209,0.756987397,True
2.120000000,0.466278300,0.074202717,0.754623006,0.459585819,0.062588180,0.756866713,True
2.122000000,0.467135277,0.075026598,0.753552114,0.459661983,0.062671602,0.756730989,True
2.124000000,0.467135277,0.075026598,0.753552114,0.459725672,0.062733247,0.756595936,True
2.126000000,0.467135277,0.075026598,0.753552114,0.459782385,0.062779123,0.756466720,True
2.128000000,0.467135277,0.075026598,0.753552114,0.459834578,0.062813289,0.756344512,True
2.130000000,0.467135277,0.075026598,0.753552114,0.459883453,0.062838646,0.756229065,True
2.132000000,0.467135277,0.075026598,0.753552114,0.459929671,0.062857333,0.756119709,True
2.134000000,0.467135277,0.075026598,0.753552114,0.459973651,0.062870956,0.756015714,True
2.136000000,0.467135277,0.075026598,0.753552114,0.460015688,0.062880732,0.755916417,True
2.138000000,0.467135277,0.075026598,0.753552114,0.460056009,0.062887587,0.755821248,True
2.140000000,0.467135277,0.075026598,0.753552114,0.460094795,0.062892226,0.755729733,True
2.142000000,0.467992255,0.075850478,0.752481221,0.460174062,0.062934853,0.755667018,True
2.144000000,0.467992255,0.075850478,0.752481221,0.460261715,0.063000967,0.755592974,True
2.146000000,0.467992255,0.075850478,0.752481221,0.460355235,0.063083754,0.755508324,True
2.148000000,0.467992255,0.075850478,0.752481221,0.460452561,0.063178322,0.755414616,True
2.150000000,0.467992255,0.075850478,0.752481221,0.460552267,0.063281104,0.755313681,True
2.152000000,0.467992255,0.075850478,0.752481221,0.460653358,0.063389454,0.755207264,True
2.154000000,0.467992255,0.075850478,0.752481221,0.460755104,0.063501394,0.755096884,True
2.156000000,0.467992255,0.075850478,0.752481221,0.460856953,0.063615440,0.754983802,True
2.158000000,0.467992255,0.075850478,0.752481221,0.460958471,0.063730475,0.754869048,True
2.160000000,0.467992255,0.075850478,0.752481221,0.461059322,0.063845665,0.754753445,True
2.162000000,0.468849232,0.076674359,0.751410329,0.461165036,0.063965509,0.754636498,True
2.164000000,0.468849232,0.076674359,0.751410329,0.461272891,0.064087845,0.754517069,True
2.166000000,0.468849232,0.076674359,0.751410329,0.461381512,0.064211278,0.754395423,True
2.168000000,0.468849232,0.076674359,0.751410329,0.461490110,0.064334845,0.754272230,True
2.170000000,0.468849232,0.076674359,0.751410329,0.461598181,0.064457859,0.754148205,True
2.172000000,0.468849232,0.076674359,0.751410329,0.461705367,0.064579825,0.754023988,True
2.174000000,0.468849232,0.076674359,0.751410329,0.461811409,0.064700385,0.753900113,True
2.176000000,0.468849232,0.076674359,0.751410329,0.461916109,0.064819280,0.753777013,True
2.178000000,0.468849232,0.076674359,0.751410329,0.462019319,0.064936332,0.753655031,True
2.180000000,0.468849232,0.076674359,0.751410329,0.462120926,0.065051414,0.753534439,True
2.182000000,0.469706210,0.077498239,0.750339437,0.462196585,0.065134832,0.753398125,True
2.184000000,0.469706210,0.077498239,0.750339437,0.462259636,0.065196471,0.753262223,True
2.186000000,0.469706210,0.077498239,0.750339437,0.462315728,0.065242369,0.753132066,True
2.188000000,0.469706210,0.077498239,0.750339437,0.462367367,0.065276586,0.753008892,True
2.190000000,0.469706210,0.077498239,0.750339437,0.462415760,0.065302013,0.752892480,True
2.192000000,0.469706210,0.077498239,0.750339437,0.462461563,0.065320782,0.752782168,True
2.194000000,0.469706210,0.077498239,0.750339437,0.462505186,0.065334493,0.752677231,True
2.196000000,0.469706210,0.077498239,0.750339437,0.462546915,0.065344358,0.752577005,True
2.198000000,0.469706210,0.077498239,0.750339437,0.462586968,0.065351297,0.752480923,True
2.200000000,0.469706210,0.077498239,0.750339437,0.462625519,0.065356016,0.752388510,True
2.202000000,0.470563187,0.078322120,0.749268544,0.462705101,0.065398886,0.752325297,True
2.204000000,0.470563187,0.078322120,0.749268544,0.462793359,0.065465229,0.752251294,True
2.206000000,0.470563187,0.078322120,0.749268544,0.462887491,0.065548199,0.752166850,True
2.208000000,0.470563187,0.078322120,0.749268544,0.462985353,0.065642907,0.752073386,True
2.210000000,0.470563187,0.078322120,0.749268544,0.463085503,0.065745796,0.751972688,True
2.212000000,0.470563187,0.078322120,0.749268544,0.463186950,0.065854230,0.751866492,True
2.214000000,0.470563187,0.078322120,0.749268544,0.463288979,0.065966242,0.751756314,True
2.216000000,0.470563187,0.078322120,0.749268544,0.463391049,0.066080352,0.751643420,True
2.218000000,0.470563187,0.078322120,0.749268544,0.463492739,0.066195449,0.751528840,True
2.220000000,0.470563187,0.078322120,0.749268544,0.463593722,0.066310701,0.751413402,True
2.222000000,0.471420165,0.079146000,0.748197652,0.463699634,0.066430634,0.751296706,True
2.224000000,0.471420165,0.079146000,0.748197652,0.463807684,0.066553063,0.751177540,True
2.226000000,0.471420165,0.079146000,0.748197652,0.463916473,0.066676588,0.751056141,True
2.228000000,0.471420165,0.079146000,0.748197652,0.464025210,0.066800243,0.750933174,True
2.230000000,0.471420165,0.079146000,0.748197652,0.464133390,0.066923344,0.750809355,True
2.232000000,0.471420165,0.079146000,0.748197652,0.464240664,0.067045394,0.750685325,True
2.234000000,0.471420165,0.079146000,0.748197652,0.464346773,0.067166036,0.750561623,True
2.236000000,0.471420165,0.079146000,0.748197652,0.464451526,0.067285013,0.750438683,True
2.238000000,0.471420165,0.079146000,0.748197652,0.464554777,0.067402145,0.750316853,True
2.240000000,0.471420165,0.079146000,0.748197652,0.464656415,0.067517307,0.750196403,True
2.242000000,0.472277142,0.079969881,0.747126760,0.464731552,0.067600690,0.750059541,True
2.244000000,0.472277142,0.079969881,0.747126760,0.464793948,0.067662298,0.749922824,True
2.246000000,0.472277142,0.079969881,0.747126760,0.464849405,0.067708198,0.749791753,True
2.248000000,0.472277142,0.079969881,0.747126760,0.464900474,0.067742449,0.749667631,True
2.250000000,0.472277142,0.079969881,0.747126760,0.464948373,0.067767934,0.749550266,True
2.252000000,0.472277142,0.079969881,0.747126760,0.464993751,0.067786776,0.749439006,True
2.254000000,0.472277142,0.079969881,0.747126760,0.465037008,0.067800567,0.749333131,True
2.256000000,0.472277142,0.079969881,0.747126760,0.465078420,0.067810513,0.749231979,True
2.258000000,0.472277142,0.079969881,0.747126760,0.465118197,0.067817532,0.749134983,True
2.260000000,0.472277142,0.079969881,0.747126760,0.465156506,0.067822327,0.749041670,True
2.262000000,0.473134120,0.080793761,0.746055867,0.465236398,0.067865431,0.748977963,True
2.264000000,0.473134120,0.080793761,0.746055867,0.465325259,0.067931994,0.748904012,True
2.266000000,0.473134120,0.080793761,0.746055867,0.465420004,0.068015133,0.748819794,True
2.268000000,0.473134120,0.080793761,0.746055867,0.465518400,0.068109962,0.748726599,True
2.270000000,0.473134120,0.080793761,0.746055867,0.465618989,0.068212935,0.748626171,True
2.272000000,0.473134120,0.080793761,0.746055867,0.465720789,0.068321431,0.748520231,True
2.274000000,0.473134120,0.080793761,0.746055867,0.465823095,0.068433488,0.748410294,True
2.276000000,0.473134120,0.080793761,0.746055867,0.465925380,0.068547636,0.748297628,True
2.278000000,0.473134120,0.080793761,0.746055867,0.466027235,0.068662767,0.748183265,True
2.280000000,0.473134120,0.080793761,0.746055867,0.466128342,0.068778053,0.748068035,True
2.282000000,0.473991097,0.081617642,0.744984975,0.466234445,0.068898047,0.747951635,True
2.284000000,0.473991097,0.081617642,0.744984975,0.466342682,0.069020542,0.747832775,True
2.286000000,0.473991097,0.081617642,0.744984975,0.466451632,0.069144131,0.747711669,True
2.288000000,0.473991097,0.081617642,0.744984975,0.466560499,0.069267847,0.747588973,True
2.290000000,0.473991097,0.081617642,0.744984975,0.466668782,0.069391006,0.747465404,True
2.292000000,0.473991097,0.081617642,0.744984975,0.466776134,0.069513112,0.747341607,True
2.294000000,0.473991097,0.081617642,0.744984975,0.466882303,0.069633809,0.747218122,True
2.296000000,0.473991097,0.081617642,0.744984975,0.466987100,0.069752841,0.747095388,True
2.298000000,0.473991097,0.081617642,0.744984975,0.467090383,0.069870027,0.746973752,True
2.300000000,0.473991097,0.081617642,0.744984975,0.467192044,0.069985243,0.746853488,True
2.302000000,0.474848075,0.082441522,0.743914083,0.467266644,0.070068566,0.746716117,True
2.304000000,0.474848075,0.082441522,0.743914083,0.467328371,0.070130119,0.746578614,True
2.306000000,0.474848075,0.082441522,0.743914083,0.467383179,0.070176003,0.746446651,True
2.308000000,0.474848075,0.082441522,0.743914083,0.467433667,0.070210274,0.746321598,True
2.310000000,0.474848075,0.082441522,0.743914083,0.467481061,0.070235806,0.746203291,True
2.312000000,0.474848075,0.082441522,0.743914083,0.467526004,0.070254712,0.746091090,True
2.314000000,0.474848075,0.082441522,0.743914083,0.467568886,0.070268575,0.745984279,True
2.316000000,0.474848075,0.082441522,0.743914083,0.467609974,0.070278596,0.745882201,True
2.318000000,0.474848075,0.082441522,0.743914083,0.467649469,0.070285690,0.745784291,True
2.320000000,0.474848075,0.082441522,0.743914083,0.467687530,0.070290557,0.745690075,True
2.322000000,0.475705052,0.083265403,0.742843190,0.467767725,0.070333890,0.745625877,True
2.324000000,0.475705052,0.083265403,0.742843190,0.467857190,0.070400664,0.745551985,True
2.326000000,0.475705052,0.083265403,0.742843190,0.467952546,0.070483961,0.745468007,True
2.328000000,0.475705052,0.083265403,0.742843190,0.468051476,0.070578897,0.745375102,True
2.330000000,0.475705052,0.083265403,0.742843190,0.468152503,0.070681938,0.745274968,True
2.332000000,0.475705052,0.083265403,0.742843190,0.468254652,0.070790475,0.745169314,True
2.334000000,0.475705052,0.083265403,0.742843190,0.468357231,0.070902557,0.745059650,True
2.336000000,0.475705052,0.083265403,0.742843190,0.468459726,0.071016721,0.744947246,True
2.338000000,0.475705052,0.083265403,0.742843190,0.468561740,0.071131864,0.744833135,True
2.340000000,0.475705052,0.083265403,0.742843190,0.468662966,0.071247160,0.744718150,True
2.342000000,0.476562030,0.084089283,0.741772298,0.468769256,0.071367193,0.744602081,True
2.344000000,0.476562030,0.084089283,0.741772298,0.468877675,0.071489732,0.744483564,True
2.346000000,0.476562030,0.084089283,0.741772298,0.468986780,0.071613362,0.744362787,True
2.348000000,0.476562030,0.084089283,0.741772298,0.469095771,0.071737117,0.744240401,True
2.350000000,0.476562030,0.084089283,0.741772298,0.469204150,0.071860311,0.744117121,True
2.352000000,0.476562030,0.084089283,0.741772298,0.469311574,0.071982451,0.743993594,True
2.354000000,0.476562030,0.084089283,0.741772298,0.469417797,0.072103181,0.743870365,True
2.356000000,0.476562030,0.084089283,0.741772298,0.469522632,0.072222245,0.743747872,True
2.358000000,0.476562030,0.084089283,0.741772298,0.469625941,0.072339464,0.743626467,True
2.360000000,0.476562030,0.084089283,0.741772298,0.469727620,0.072454712,0.743506426,True
2.362000000,0.477419007,0.084913164,0.740701406,0.469801672,0.072537953,0.743368577,True
2.364000000,0.477419007,0.084913164,0.740701406,0.469862717,0.072599434,0.743230316,True
2.366000000,0.477419007,0.084913164,0.740701406,0.469916864,0.072645285,0.743097480,True
2.368000000,0.477419007,0.084913164,0.740701406,0.469966761,0.072679563,0.742971511,True
2.370000000,0.477419007,0.084913164,0.740701406,0.470013640,0.072705132,0.742852271,True
2.372000000,0.477419007,0.084913164,0.740701406,0.470058140,0.072724093,0.742739135,True
2.374000000,0.477419007,0.084913164,0.740701406,0.470100639,0.072738022,0.742631393,True
2.376000000,0.477419007,0.084913164,0.740701406,0.470141396,0.072748112,0.742528389,True
2.378000000,0.477419007,0.084913164,0.740701406,0.470180602,0.072755276,0.742429562,True
2.380000000,0.477419007,0.084913164,0.740701406,0.470218409,0.072760210,0.742334440,True
2.382000000,0.478275985,0.085737044,0.739630513,0.470298903,0.072803766,0.742269751,True
2.384000000,0.478275985,0.085737044,0.739630513,0.470388970,0.072870746,0.742195923,True
2.386000000,0.478275985,0.085737044,0.739630513,0.470484939,0.072954194,0.742112195,True
2.388000000,0.478275985,0.085737044,0.739630513,0.470584402,0.073049225,0.742019595,True
2.390000000,0.478275985,0.085737044,0.739630513,0.470685866,0.073152321,0.741919776,True
2.392000000,0.478275985,0.085737044,0.739630513,0.470788362,0.073260883,0.741814430,True
2.394000000,0.478275985,0.085737044,0.739630513,0.470891212,0.073372974,0.741705066,True
2.396000000,0.478275985,0.085737044,0.739630513,0.470993913,0.073487135,0.741592951,True
2.398000000,0.478275985,0.085737044,0.739630513,0.471096083,0.073602272,0.741479122,True
2.400000000,0.478275985,0.085737044,0.739630513,0.471197424,0.073717561,0.741364411,True
2.402000000,0.479132962,0.086560925,0.738559621,0.471303897,0.073837615,0.741248704,True
2.404000000,0.479132962,0.086560925,0.738559621,0.471412495,0.073960180,0.741130562,True
2.406000000,0.479132962,0.086560925,0.738559621,0.471521751,0.074083834,0.741010146,True
2.408000000,0.479132962,0.086560925,0.738559621,0.471630863,0.074207608,0.740888100,True
2.410000000,0.479132962,0.086560925,0.738559621,0.471739333,0.074330819,0.740765140,True
2.412000000,0.479132962,0.086560925,0.738559621,0.471846826,0.074452975,0.740641916,True
2.414000000,0.479132962,0.086560925,0.738559621,0.471953097,0.074573720,0.740518973,True
2.416000000,0.479132962,0.086560925,0.738559621,0.472057966,0.074692799,0.740396754,True
2.418000000,0.479132962,0.086560925,0.738559621,0.472161297,0.074810032,0.740275611,True
2.420000000,0.479132962,0.086560925,0.738559621,0.472262988,0.074925296,0.740155822,True
2.422000000,0.479989940,0.087384806,0.737488729,0.472336484,0.075008436,0.740017526,True
2.424000000,0.479989940,0.087384806,0.737488729,0.472396837,0.075069827,0.739878529,True
2.426000000,0.479989940,0.087384806,0.737488729,0.472450313,0.075115632,0.739744839,True
2.428000000,0.479989940,0.087384806,0.737488729,0.472499609,0.075149905,0.739617966,True
2.430000000,0.479989940,0.087384806,0.737488729,0.472545965,0.075175501,0.739497803,True
2.432000000,0.479989940,0.087384806,0.737488729,0.472590014,0.075194510,0.739383736,True
2.434000000,0.479989940,0.087384806,0.737488729,0.472632124,0.075208497,0.739275064,True
2.436000000,0.479989940,0.087384806,0.737488729,0.472672543,0.075218651,0.739171135,True
2.438000000,0.479989940,0.087384806,0.737488729,0.472711454,0.075225880,0.739071390,True
2.440000000,0.479989940,0.087384806,0.737488729,0.472749002,0.075230877,0.738975359,True
2.442000000,0.480846918,0.088208686,0.736417836,0.472829789,0.075274652,0.738910178,True
2.444000000,0.480846918,0.088208686,0.736417836,0.472920460,0.075341835,0.738836415,True
2.446000000,0.480846918,0.088208686,0.736417836,0.473017042,0.075425426,0.738752943,True
2.448000000,0.480846918,0.088208686,0.736417836,0.473117037,0.075520546,0.738660659,True
2.450000000,0.480846918,0.088208686,0.736417836,0.473218938,0.075623685,0.738561170,True
2.452000000,0.480846918,0.088208686,0.736417836,0.473321780,0.075732261,0.738456151,True
2.454000000,0.480846918,0.088208686,0.736417836,0.473424898,0.075844346,0.738347107,True
2.456000000,0.480846918,0.088208686,0.736417836,0.473527804,0.075958492,0.738235306,True
2.458000000,0.480846918,0.088208686,0.736417836,0.473630128,0.076073608,0.738121783,True
2.460000000,0.480846918,0.088208686,0.736417836,0.473731580,0.076188874,0.738007372,True
2.462000000,0.481703895,0.089032567,0.735346944,0.473838235,0.076308935,0.737892052,True
2.464000000,0.481703895,0.089032567,0.735346944,0.473947009,0.076431511,0.737774310,True
2.466000000,0.481703895,0.089032567,0.735346944,0.474056415,0.076555174,0.737654280,True
2.468000000,0.481703895,0.089032567,0.735346944,0.474165644,0.076678953,0.737532602,True
2.470000000,0.481703895,0.089032567,0.735346944,0.474274204,0.076802167,0.737409989,True
2.472000000,0.481703895,0.089032567,0.735346944,0.474381762,0.076924324,0.737287094,True
2.474000000,0.481703895,0.089032567,0.735346944,0.474488079,0.077045069,0.737164464,True
2.476000000,0.481703895,0.089032567,0.735346944,0.474592978,0.077164149,0.737042545,True
2.478000000,0.481703895,0.089032567,0.735346944,0.474696328,0.077281383,0.736921691,True
2.480000000,0.481703895,0.089032567,0.735346944,0.474798029,0.077396648,0.736802180,True
2.482000000,0.482560873,0.089856447,0.734276052,0.474870960,0.077479671,0.736663461,True
2.484000000,0.482560873,0.089856447,0.734276052,0.474930612,0.077540957,0.736523751,True
2.486000000,0.482560873,0.089856447,0.734276052,0.474983409,0.077586703,0.736389224,True
2.488000000,0.482560873,0.089856447,0.734276052,0.475032097,0.077620961,0.736261458,True
2.490000000,0.482560873,0.089856447,0.734276052,0.475077923,0.077646575,0.736140378,True
2.492000000,0.482560873,0.089856447,0.734276052,0.475121513,0.077665623,0.736025386,True
2.494000000,0.482560873,0.089856447,0.734276052,0.475163228,0.077679663,0.735915785,True
2.496000000,0.482560873,0.089856447,0.734276052,0.475203303,0.077689876,0.735810931,True
2.498000000,0.482560873,0.089856447,0.734276052,0.475241914,0.077697165,0.735710265,True
2.500000000,0.482560873,0.089856447,0.734276052,0.475279196,0.077702221,0.735613322,True
2.502000000,0.483417850,0.090680328,0.733205159,0.475360273,0.077746212,0.735547647,True
2.504000000,0.483417850,0.090680328,0.733205159,0.475451546,0.077813595,0.735473948,True
2.506000000,0.483417850,0.090680328,0.733205159,0.475548741,0.077897326,0.735390735,True
2.508000000,0.483417850,0.090680328,0.733205159,0.475649270,0.077992527,0.735298776,True
2.510000000,0.483417850,0.090680328,0.733205159,0.475751607,0.078095701,0.735199627,True
2.512000000,0.483417850,0.090680328,0.733205159,0.475854795,0.078204282,0.735094951,True
2.514000000,0.483417850,0.090680328,0.733205159,0.475958180,0.078316351,0.734986245,True
2.516000000,0.483417850,0.090680328,0.733205159,0.476061291,0.078430470,0.734874776,True
2.518000000,0.483417850,0.090680328,0.733205159,0.476163767,0.078545553,0.734761579,True
2.520000000,0.483417850,0.090680328,0.733205159,0.476265330,0.078660785,0.734647489,True
2.522000000,0.484274828,0.091504208,0.732134267,0.476372164,0.078780841,0.734532577,True
2.524000000,0.484274828,0.091504208,0.732134267,0.476481114,0.078903417,0.734415256,True
2.526000000,0.484274828,0.091504208,0.732134267,0.476590668,0.079027077,0.734295636,True
2.528000000,0.484274828,0.091504208,0.732134267,0.476700014,0.079150851,0.734174347,True
2.530000000,0.484274828,0.091504208,0.732134267,0.476808661,0.079274055,0.734052104,True
2.532000000,0.484274828,0.091504208,0.732134267,0.476916283,0.079396201,0.733929561,True
2.534000000,0.484274828,0.091504208,0.732134267,0.477022644,0.079516936,0.733807267,True
2.536000000,0.484274828,0.091504208,0.732134267,0.477127572,0.079636004,0.733685670,True
2.538000000,0.484274828,0.091504208,0.732134267,0.477230938,0.079753228,0.733565126,True
2.540000000,0.484274828,0.091504208,0.732134267,0.477332648,0.079868483,0.733445915,True
2.542000000,0.485131805,0.092328089,0.731063375,0.477405008,0.079951375,0.733306797,True
2.544000000,0.485131805,0.092328089,0.731063375,0.477463952,0.080012543,0.733166393,True
2.546000000,0.485131805,0.092328089,0.731063375,0.477516063,0.080058217,0.733031042,True
2.548000000,0.485131805,0.092328089,0.731063375,0.477564135,0.080092451,0.732902395,True
2.550000000,0.485131805,0.092328089,0.731063375,0.477609424,0.080118075,0.732780406,True
2.552000000,0.485131805,0.092328089,0.731063375,0.477652550,0.080137156,0.732664491,True
2.554000000,0.485131805,0.092328089,0.731063375,0.477693862,0.080151243,0.732553963,True
2.556000000,0.485131805,0.092328089,0.731063375,0.477733589,0.080161509,0.732448182,True
2.558000000,0.485131805,0.092328089,0.731063375,0.477771893,0.080168854,0.732346594,True
2.560000000,0.485131805,0.092328089,0.731063375,0.477808906,0.080173964,0.732248735,True
2.562000000,0.485988783,0.093151969,0.729992482,0.477890268,0.080218168,0.732182563,True
2.564000000,0.485988783,0.093151969,0.729992482,0.477982143,0.080285749,0.732108925,True
2.566000000,0.485988783,0.093151969,0.729992482,0.478079952,0.080369619,0.732025973,True
2.568000000,0.485988783,0.093151969,0.729992482,0.478181015,0.080464896,0.731934342,True
2.570000000,0.485988783,0.093151969,0.729992482,0.478283789,0.080568100,0.731835544,True
2.572000000,0.485988783,0.093151969,0.729992482,0.478387322,0.080676678,0.731731221,True
2.574000000,0.485988783,0.093151969,0.729992482,0.478490975,0.080788723,0.731622867,True
2.576000000,0.485988783,0.093151969,0.729992482,0.478594289,0.080902806,0.731511746,True
2.578000000,0.485988783,0.093151969,0.729992482,0.478696917,0.081017847,0.731398892,True
2.580000000,0.485988783,0.093151969,0.729992482,0.478798590,0.081133035,0.731285142,True
2.582000000,0.486845760,0.093975850,0.728921590,0.478905604,0.081253077,0.731170655,True
2.584000000,0.486845760,0.093975850,0.728921590,0.479014730,0.081375645,0.731053773,True
2.586000000,0.486845760,0.093975850,0.728921590,0.479124431,0.081499293,0.730934580,True
2.588000000,0.486845760,0.093975850,0.728921590,0.479233893,0.081623051,0.730813699,True
2.590000000,0.486845760,0.093975850,0.728921590,0.479342627,0.081746237,0.730691845,True
2.592000000,0.486845760,0.093975850,0.728921590,0.479450311,0.081868363,0.730569672,True
2.594000000,0.486845760,0.093975850,0.728921590,0.479556716,0.081989077,0.730447734,True
2.596000000,0.486845760,0.093975850,0.728921590,0.479661672,0.082108125,0.730326478,True
2.598000000,0.486845760,0.093975850,0.728921590,0.479765054,0.082225329,0.730206263,True
2.600000000,0.486845760,0.093975850,0.728921590,0.479866771,0.082340566,0.730087371,True
2.602000000,0.487702738,0.094799730,0.727850698,0.479938555,0.082423315,0.729947874,True
2.604000000,0.487702738,0.094799730,0.727850698,0.479996785,0.082484352,0.729806794,True
2.606000000,0.487702738,0.094799730,0.727850698,0.480048203,0.082529946,0.729670634,True
2.608000000,0.487702738,0.094799730,0.727850698,0.480095654,0.082564145,0.729541116,True
2.610000000,0.487702738,0.094799730,0.727850698,0.480140400,0.082589772,0.729418222,True
2.612000000,0.487702738,0.094799730,0.727850698,0.480183056,0.082608880,0.729301388,True
2.614000000,0.487702738,0.094799730,0.727850698,0.480223961,0.082623007,0.729189935,True
2.616000000,0.487702738,0.094799730,0.727850698,0.480263332,0.082633322,0.729083226,True
2.618000000,0.487702738,0.094799730,0.727850698,0.480301326,0.082640717,0.728980713,True
2.620000000,0.487702738,0.094799730,0.727850698,0.480338064,0.082645877,0.728881935,True
2.622000000,0.488559715,0.095623611,0.726779805,0.480419707,0.082690292,0.728815262,True
2.624000000,0.488559715,0.095623611,0.726779805,0.480512185,0.082758072,0.728741680,True
2.626000000,0.488559715,0.095623611,0.726779805,0.480610608,0.082842078,0.728658986,True
2.628000000,0.488559715,0.095623611,0.726779805,0.480712206,0.082937429,0.728567687,True
2.630000000,0.488559715,0.095623611,0.726779805,0.480815417,0.083040659,0.728469245,True
2.632000000,0.488559715,0.095623611,0.726779805,0.480919296,0.083149227,0.728365285,True
2.634000000,0.488559715,0.095623611,0.726779805,0.481023217,0.083261242,0.728257295,True
2.636000000,0.488559715,0.095623611,0.726779805,0.481126735,0.083375282,0.728146534,True
2.638000000,0.488559715,0.095623611,0.726779805,0.481229514,0.083490274,0.728034038,True
2.640000000,0.488559715,0.095623611,0.726779805,0.481331297,0.083605409,0.727920642,True
2.642000000,0.489416693,0.096447491,0.725708913,0.481438492,0.083725431,0.727806595,True
2.644000000,0.489416693,0.096447491,0.725708913,0.481547794,0.083847983,0.727690167,True
2.646000000,0.489416693,0.096447491,0.725708913,0.481657643,0.083971613,0.727571417,True
2.648000000,0.489416693,0.096447491,0.725708913,0.481767221,0.084095348,0.727450960,True
2.650000000,0.489416693,0.096447491,0.725708913,0.481876042,0.084218509,0.727329511,True
2.652000000,0.489416693,0.096447491,0.725708913,0.481983789,0.084340608,0.727207725,True
2.654000000,0.489416693,0.096447491,0.725708913,0.482090237,0.084461294,0.727086157,True
2.656000000,0.489416693,0.096447491,0.725708913,0.482195221,0.084580315,0.726965259,True
2.658000000,0.489416693,0.096447491,0.725708913,0.482298619,0.084697492,0.726845390,True
2.660000000,0.489416693,0.096447491,0.725708913,0.482400342,0.084812704,0.726726832,True
2.662000000,0.490273670,0.097271372,0.724638021,0.482471546,0.084895298,0.726586975,True
2.664000000,0.490273670,0.097271372,0.724638021,0.482529057,0.084956195,0.726445235,True
2.666000000,0.490273670,0.097271372,0.724638021,0.482579777,0.085001697,0.726308279,True
2.668000000,0.490273670,0.097271372,0.724638021,0.482626601,0.085035855,0.726177897,True
2.670000000,0.490273670,0.097271372,0.724638021,0.482670798,0.085061476,0.726054106,True
2.672000000,0.490273670,0.097271372,0.724638021,0.482712979,0.085080604,0.725936356,True
2.674000000,0.490273670,0.097271372,0.724638021,0.482753472,0.085094767,0.725823976,True
2.676000000,0.490273670,0.097271372,0.724638021,0.482792484,0.085105125,0.725716339,True
2.678000000,0.490273670,0.097271372,0.724638021,0.482830162,0.085112566,0.725612899,True
2.680000000,0.490273670,0.097271372,0.724638021,0.482866620,0.085117773,0.725513198,True
2.682000000,0.491130648,0.098095252,0.723567128,0.482948540,0.085162397,0.725446019,True
2.684000000,0.491130648,0.098095252,0.723567128,0.483041619,0.085230375,0.725372488,True
2.686000000,0.491130648,0.098095252,0.723567128,0.483140658,0.085314517,0.725290050,True
2.688000000,0.491130648,0.098095252,0.723567128,0.483242791,0.085409941,0.725199082,True
2.690000000,0.491130648,0.098095252,0.723567128,0.483346440,0.085513193,0.725101001,True
2.692000000,0.491130648,0.098095252,0.723567128,0.483450666,0.085621748,0.724997411,True
2.694000000,0.491130648,0.098095252,0.723567128,0.483554856,0.085733728,0.724889792,True
2.696000000,0.491130648,0.098095252,0.723567128,0.483658578,0.085847720,0.724779403,True
2.698000000,0.491130648,0.098095252,0.723567128,0.483761509,0.085962656,0.724667277,True
2.700000000,0.491130648,0.098095252,0.723567128,0.483863403,0.086077734,0.724554247,True
2.702000000,0.491987625,0.098919133,0.722496236,0.483970780,0.086197730,0.724440653,True
2.704000000,0.491987625,0.098919133,0.722496236,0.484080258,0.086320261,0.724324691,True
2.706000000,0.491987625,0.098919133,0.722496236,0.484190257,0.086443867,0.724206396,True
2.708000000,0.491987625,0.098919133,0.722496236,0.484299951,0.086567574,0.724086377,True
2.710000000,0.491987625,0.098919133,0.722496236,0.484408861,0.086690703,0.723965346,True
2.712000000,0.491987625,0.098919133,0.722496236,0.484516671,0.086812769,0.723843961,True
2.714000000,0.491987625,0.098919133,0.722496236,0.484623162,0.086933422,0.723722779,True
2.716000000,0.491987625,0.098919133,0.722496236,0.484728174,0.087052410,0.723602252,True
2.718000000,0.491987625,0.098919133,0.722496236,0.484831589,0.087169556,0.723482741,True
2.720000000,0.491987625,0.098919133,0.722496236,0.484933320,0.087284736,0.723364532,True
2.722000000,0.492844603,0.099743014,0.721425344,0.485003941,0.087367167,0.723224331,True
2.724000000,0.492844603,0.099743014,0.721425344,0.485060728,0.087427913,0.723081947,True
2.726000000,0.492844603,0.099743014,0.721425344,0.485110745,0.087473316,0.722944208,True
2.728000000,0.492844603,0.099743014,0.721425344,0.485156937,0.087507423,0.722812971,True
2.730000000,0.492844603,0.099743014,0.721425344,0.485200581,0.087533033,0.722688287,True
2.732000000,0.492844603,0.099743014,0.721425344,0.485242282,0.087552175,0.722569622,True
2.734000000,0.492844603,0.099743014,0.721425344,0.485282357,0.087566368,0.722456317,True
2.736000000,0.492844603,0.099743014,0.721425344,0.485321005,0.087576765,0.722347750,True
2.738000000,0.492844603,0.099743014,0.721425344,0.485358362,0.087584248,0.722243379,True
2.740000000,0.492844603,0.099743014,0.721425344,0.485394536,0.087589496,0.722142753,True
2.742000000,0.493701580,0.100566894,0.720354451,0.485476730,0.087634328,0.722075063,True
2.744000000,0.493701580,0.100566894,0.720354451,0.485570410,0.087702506,0.722001575,True
2.746000000,0.493701580,0.100566894,0.720354451,0.485670064,0.087786784,0.721919388,True
2.748000000,0.493701580,0.100566894,0.720354451,0.485772734,0.087882279,0.721828752,True
2.750000000,0.493701580,0.100566894,0.720354451,0.485876822,0.087985551,0.721731032,True
2.752000000,0.493701580,0.100566894,0.720354451,0.485981395,0.088094092,0.721627818,True
2.754000000,0.493701580,0.100566894,0.720354451,0.486085855,0.088206033,0.721520578,True
2.756000000,0.493701580,0.100566894,0.720354451,0.486189782,0.088319972,0.721410569,True
2.758000000,0.493701580,0.100566894,0.720354451,0.486292867,0.088434848,0.721298822,True
2.760000000,0.493701580,0.100566894,0.720354451,0.486394872,0.088549864,0.721186170,True
2.762000000,0.494558558,0.101390775,0.719283559,0.486502432,0.088669831,0.721073038,True
2.764000000,0.494558558,0.101390775,0.719283559,0.486612090,0.088792337,0.720957553,True
2.766000000,0.494558558,0.101390775,0.719283559,0.486722238,0.088915915,0.720839725,True
2.768000000,0.494558558,0.101390775,0.719283559,0.486832051,0.089039589,0.720720154,True
2.770000000,0.494558558,0.101390775,0.719283559,0.486941049,0.089162683,0.720599554,True
2.772000000,0.494558558,0.101390775,0.719283559,0.487048924,0.089284712,0.720478582,True
2.774000000,0.494558558,0.101390775,0.719283559,0.487155460,0.089405327,0.720357796,True
2.776000000,0.494558558,0.101390775,0.719283559,0.487260501,0.089524278,0.720237652,True
2.778000000,0.494558558,0.101390775,0.719283559,0.487363933,0.089641388,0.720118513,True
2.780000000,0.494558558,0.101390775,0.719283559,0.487465672,0.089756533,0.720000663,True
2.782000000,0.495415535,0.102214655,0.718212667,0.487535707,0.089838792,0.719860135,True
2.784000000,0.495415535,0.102214655,0.718212667,0.487591767,0.089899379,0.719717122,True
2.786000000,0.495415535,0.102214655,0.718212667,0.487641078,0.089944673,0.719578609,True
2.788000000,0.495415535,0.102214655,0.718212667,0.487686633,0.089978723,0.719446525,True
2.790000000,0.495415535,0.102214655,0.718212667,0.487729720,0.090004315,0.719320953,True
2.792000000,0.495415535,0.102214655,0.718212667,0.487770936,0.090023466,0.719201376,True
2.794000000,0.495415535,0.102214655,0.718212667,0.487810590,0.090037684,0.719087145,True
2.796000000,0.495415535,0.102214655,0.718212667,0.487848869,0.090048114,0.718977646,True
2.798000000,0.495415535,0.102214655,0.718212667,0.487885901,0.090055635,0.718872343,True
2.800000000,0.495415535,0.102214655,0.718212667,0.487921787,0.090060921,0.718770786,True
2.802000000,0.496272513,0.103038536,0.717141774,0.488004251,0.090105958,0.718702580,True
2.804000000,0.496272513,0.103038536,0.717141774,0.488098531,0.090174337,0.718629128,True
2.806000000,0.496272513,0.103038536,0.717141774,0.488198800,0.090258752,0.718547186,True
2.808000000,0.496272513,0.103038536,0.717141774,0.488302007,0.090354319,0.718456879,True
2.810000000,0.496272513,0.103038536,0.717141774,0.488406535,0.090457611,0.718359523,True
2.812000000,0.496272513,0.103038536,0.717141774,0.488511457,0.090566134,0.718256687,True
2.814000000,0.496272513,0.103038536,0.717141774,0.488616188,0.090678034,0.718149832,True
2.816000000,0.496272513,0.103038536,0.717141774,0.488720322,0.090791917,0.718040210,True
2.818000000,0.496272513,0.103038536,0.717141774,0.488823560,0.090906731,0.717928851,True
2.820000000,0.496272513,0.103038536,0.717141774,0.488925678,0.091021681,0.717816585,True
2.822000000,0.497129490,0.103862416,0.716070882,0.489033424,0.091141615,0.717703924,True
2.824000000,0.497129490,0.103862416,0.716070882,0.489143262,0.091264095,0.717588925,True
2.826000000,0.497129490,0.103862416,0.716070882,0.489253562,0.091387641,0.717471572,True
2.828000000,0.497129490,0.103862416,0.716070882,0.489363495,0.091511280,0.717352460,True
2.830000000,0.497129490,0.103862416,0.716070882,0.489472583,0.091634336,0.717232300,True
2.832000000,0.497129490,0.103862416,0.716070882,0.489580524,0.091756325,0.717111751,True
2.834000000,0.497129490,0.103862416,0.716070882,0.489687106,0.091876899,0.716991373,True
2.836000000,0.497129490,0.103862416,0.716070882,0.489792178,0.091995810,0.716871622,True
2.838000000,0.497129490,0.103862416,0.716070882,0.489895629,0.092112880,0.716752863,True
2.840000000,0.497129490,0.103862416,0.716070882,0.489997376,0.092227987,0.716635383,True
2.842000000,0.497986468,0.104686297,0.714999990,0.490066824,0.092310067,0.716494544,True
2.844000000,0.497986468,0.104686297,0.714999990,0.490122154,0.092370486,0.716350914,True
2.846000000,0.497986468,0.104686297,0.714999990,0.490170754,0.092415664,0.716211638,True
2.848000000,0.497986468,0.104686297,0.714999990,0.490215669,0.092449650,0.716078714,True
2.850000000,0.497986468,0.104686297,0.714999990,0.490258195,0.092475217,0.715952258,True
2.852000000,0.497986468,0.104686297,0.714999990,0.490298922,0.092494371,0.715831771,True
2.854000000,0.497986468,0.104686297,0.714999990,0.490338150,0.092508609,0.715716615,True
2.856000000,0.497986468,0.104686297,0.714999990,0.490376056,0.092519069,0.715606183,True
2.858000000,0.497986468,0.104686297,0.714999990,0.490412759,0.092526623,0.715499944,True
2.860000000,0.497986468,0.104686297,0.714999990,0.490448352,0.092531942,0.715397453,True
2.862000000,0.498843445,0.105510177,0.713929097,0.490531082,0.092577185,0.715328725,True
2.864000000,0.498843445,0.105510177,0.713929097,0.490625962,0.092645766,0.715255299,True
2.866000000,0.498843445,0.105510177,0.713929097,0.490726847,0.092730320,0.715173597,True
2.868000000,0.498843445,0.105510177,0.713929097,0.490830592,0.092825959,0.715083615,True
2.870000000,0.498843445,0.105510177,0.713929097,0.490935561,0.092929270,0.714986622,True
2.872000000,0.498843445,0.105510177,0.713929097,0.491040833,0.093037775,0.714884166,True
2.874000000,0.498843445,0.105510177,0.713929097,0.491145836,0.093149632,0.714777700,True
2.876000000,0.498843445,0.105510177,0.713929097,0.491250177,0.093263458,0.714668472,True
2.878000000,0.498843445,0.105510177,0.713929097,0.491353572,0.093378206,0.714557507,True
2.880000000,0.498843445,0.105510177,0.713929097,0.491455805,0.093493088,0.714445636,True
2.882000000,0.499700423,0.106334058,0.712858205,0.491563737,0.093612988,0.714333452,True
2.884000000,0.499700423,0.106334058,0.712858205,0.491673757,0.093735438,0.714218946,True
2.886000000,0.499700423,0.106334058,0.712858205,0.491784212,0.093858952,0.714102077,True
2.888000000,0.499700423,0.106334058,0.712858205,0.491894266,0.093982554,0.713983432,True
2.890000000,0.499700423,0.106334058,0.712858205,0.492003447,0.094105569,0.713863720,True
2.892000000,0.499700423,0.106334058,0.712858205,0.492111455,0.094227515,0.713743603,True
2.894000000,0.499700423,0.106334058,0.712858205,0.492218085,0.094348047,0.713623641,True
2.896000000,0.499700423,0.106334058,0.712858205,0.492323189,0.094466915,0.713504293,True
2.898000000,0.499700423,0.106334058,0.712858205,0.492426660,0.094583943,0.713385924,True
2.900000000,0.499700423,0.106334058,0.712858205,0.492528418,0.094699010,0.713268823,True
2.902000000,0.500557400,0.107157938,0.711787312,0.492597277,0.094780904,0.713127685,True
2.904000000,0.500557400,0.107157938,0.711787312,0.492651874,0.094841147,0.712983451,True
2.906000000,0.500557400,0.107157938,0.711787312,0.492699762,0.094886202,0.712843423,True
2.908000000,0.500557400,0.107157938,0.711787312,0.492744033,0.094920118,0.712709666,True
2.910000000,0.500557400,0.107157938,0.711787312,0.492785994,0.094945655,0.712582330,True
2.912000000,0.500557400,0.107157938,0.711787312,0.492826228,0.094964807,0.712460934,True
2.914000000,0.500557400,0.107157938,0.711787312,0.492865026,0.094979060,0.712344853,True
2.916000000,0.500557400,0.107157938,0.711787312,0.492902555,0.094989544,0.712233485,True
2.918000000,0.500557400,0.107157938,0.711787312,0.492938925,0.094997127,0.712126307,True
2.920000000,0.500557400,0.107157938,0.711787312,0.492974221,0.095002476,0.712022879,True
2.922000000,0.501414378,0.107981819,0.710716420,0.493057214,0.095047922,0.711953622,True
2.924000000,0.501414378,0.107981819,0.710716420,0.493152692,0.095116708,0.711880214,True
2.926000000,0.501414378,0.107981819,0.710716420,0.493254193,0.095201403,0.711798743,True
2.928000000,0.501414378,0.107981819,0.710716420,0.493358476,0.095297116,0.711709082,True
2.930000000,0.501414378,0.107981819,0.710716420,0.493463886,0.095400446,0.711612451,True
2.932000000,0.501414378,0.107981819,0.710716420,0.493569510,0.095508932,0.711510377,True
2.934000000,0.501414378,0.107981819,0.710716420,0.493674786,0.095620745,0.711404304,True
2.936000000,0.501414378,0.107981819,0.710716420,0.493779337,0.095734512,0.711295473,True
2.938000000,0.501414378,0.107981819,0.710716420,0.493882890,0.095849193,0.711184908,True
2.940000000,0.501414378,0.107981819,0.710716420,0.493985239,0.095964005,0.711073438,True
2.942000000,0.502271355,0.108805699,0.709645528,0.494093361,0.096083870,0.710961738,True
2.944000000,0.502271355,0.108805699,0.709645528,0.494203566,0.096206290,0.710847731,True
2.946000000,0.502271355,0.108805699,0.709645528,0.494314176,0.096329770,0.710731353,True
2.948000000,0.502271355,0.108805699,0.709645528,0.494424354,0.096453334,0.710613181,True
2.950000000,0.502271355,0.108805699,0.709645528,0.494533629,0.096576306,0.710493926,True
2.952000000,0.502271355,0.108805699,0.709645528,0.494641707,0.096698209,0.710374248,True
2.954000000,0.502271355,0.108805699,0.709645528,0.494748386,0.096818696,0.710254711,True
2.956000000,0.502271355,0.108805699,0.709645528,0.494853524,0.096937520,0.710135773,True
2.958000000,0.502271355,0.108805699,0.709645528,0.494957017,0.097054505,0.710017802,True
2.960000000,0.502271355,0.108805699,0.709645528,0.495058788,0.097169531,0.709901086,True
2.962000000,0.503128333,0.109629580,0.708574635,0.495127058,0.097251232,0.709759663,True
2.964000000,0.503128333,0.109629580,0.708574635,0.495180920,0.097311293,0.709614839,True
2.966000000,0.503128333,0.109629580,0.708574635,0.495228092,0.097356218,0.709474067,True
2.968000000,0.503128333,0.109629580,0.708574635,0.495271717,0.097390057,0.709339484,True
2.970000000,0.503128333,0.109629580,0.708574635,0.495313109,0.097415558,0.709211271,True
2.972000000,0.503128333,0.109629580,0.708574635,0.495352847,0.097434703,0.709088968,True
2.974000000,0.503128333,0.109629580,0.708574635,0.495391212,0.097448966,0.708971960,True
2.976000000,0.503128333,0.109629580,0.708574635,0.495428359,0.097459471,0.708859655,True
2.978000000,0.503128333,0.109629580,0.708574635,0.495464392,0.097467078,0.708751536,True
2.980000000,0.503128333,0.109629580,0.708574635,0.495499387,0.097472452,0.708647166,True
2.982000000,0.503985310,0.110453460,0.707503743,0.495582639,0.097518102,0.708577374,True
2.984000000,0.503985310,0.110453460,0.707503743,0.495678714,0.097587095,0.708503974,True
2.986000000,0.503985310,0.110453460,0.707503743,0.495780830,0.097671932,0.708422726,True
2.988000000,0.503985310,0.110453460,0.707503743,0.495885653,0.097767720,0.708333382,True
2.990000000,0.503985310,0.110453460,0.707503743,0.495991506,0.097871071,0.708237110,True
2.992000000,0.503985310,0.110453460,0.707503743,0.496097482,0.097979538,0.708135418,True
2.994000000,0.503985310,0.110453460,0.707503743,0.496203033,0.098091307,0.708029739,True
2.996000000,0.503985310,0.110453460,0.707503743,0.496307795,0.098205014,0.707921310,True
2.998000000,0.503985310,0.110453460,0.707503743,0.496411508,0.098319628,0.707811150,True
3.000000000,0.503985310,0.110453460,0.707503743,0.496513974,0.098434368,0.707700086,True
3.002000000,0.504842288,0.111277341,0.706432851,0.496622288,0.098554198,0.707588875,True
3.004000000,0.504842288,0.111277341,0.706432851,0.496732680,0.098676587,0.707475373,True
3.006000000,0.504842288,0.111277341,0.706432851,0.496843449,0.098800033,0.707359491,True
3.008000000,0.504842288,0.111277341,0.706432851,0.496953753,0.098923557,0.707241800,True
3.010000000,0.504842288,0.111277341,0.706432851,0.497063124,0.099046487,0.707123007,True
3.012000000,0.504842288,0.111277341,0.706432851,0.497171274,0.099168344,0.707003776,True
3.014000000,0.504842288,0.111277341,0.706432851,0.497278005,0.099288786,0.706884669,True
3.016000000,0.504842288,0.111277341,0.706432851,0.497383179,0.099407565,0.706766148,True
3.018000000,0.504842288,0.111277341,0.706432851,0.497486695,0.099524507,0.706648582,True
3.020000000,0.504842288,0.111277341,0.706432851,0.497588482,0.099639490,0.706532260,True
3.022000000,0.505699265,0.112101222,0.705361958,0.497656160,0.099720993,0.706390563,True
3.024000000,0.505699265,0.112101222,0.705361958,0.497709287,0.099780865,0.706245159,True
3.026000000,0.505699265,0.112101222,0.705361958,0.497755741,0.099825654,0.706103654,True
3.028000000,0.505699265,0.112101222,0.705361958,0.497798717,0.099859410,0.705968250,True
3.030000000,0.505699265,0.112101222,0.705361958,0.497839538,0.099884870,0.705839165,True
3.032000000,0.505699265,0.112101222,0.705361958,0.497878776,0.099904002,0.705715956,True
3.034000000,0.505699265,0.112101222,0.705361958,0.497916703,0.099918272,0.705598020,True
3.036000000,0.505699265,0.112101222,0.705361958,0.497953466,0.099928792,0.705484776,True
3.038000000,0.505699265,0.112101222,0.705361958,0.497989158,0.099936420,0.705375712,True
3.040000000,0.505699265,0.112101222,0.705361958,0.498023849,0.099941815,0.705270396,True
3.042000000,0.506556243,0.112925102,0.704291066,0.498107356,0.099987668,0.705200063,True
3.044000000,0.506556243,0.112925102,0.704291066,0.498204026,0.100056869,0.705126661,True
3.046000000,0.506556243,0.112925102,0.704291066,0.498306758,0.100141852,0.705045628,True
3.048000000,0.506556243,0.112925102,0.704291066,0.498412119,0.100237716,0.704956594,True
3.050000000,0.506556243,0.112925102,0.704291066,0.498518416,0.100341089,0.704860680,True
3.052000000,0.506556243,0.112925102,0.704291066,0.498624745,0.100449538,0.704759369,True
3.054000000,0.506556243,0.112925102,0.704291066,0.498730573,0.100561263,0.704654086,True
3.056000000,0.506556243,0.112925102,0.704291066,0.498835549,0.100674910,0.704546061,True
3.058000000,0.506556243,0.112925102,0.704291066,0.498939422,0.100789455,0.704436311,True
3.060000000,0.506556243,0.112925102,0.704291066,0.499042009,0.100904124,0.704325658,True
3.062000000,0.507413221,0.113748983,0.703220174,0.499150517,0.101023918,0.704214940,True
3.064000000,0.507413221,0.113748983,0.703220174,0.499261099,0.101146277,0.704101946,True
3.066000000,0.507413221,0.113748983,0.703220174,0.499372029,0.101269688,0.703986566,True
3.068000000,0.507413221,0.113748983,0.703220174,0.499482461,0.101393173,0.703869360,True
3.070000000,0.507413221,0.113748983,0.703220174,0.499591931,0.101516060,0.703751036,True
3.072000000,0.507413221,0.113748983,0.703220174,0.499700154,0.101637873,0.703632257,True
3.074000000,0.507413221,0.113748983,0.703220174,0.499806939,0.101758269,0.703513587,True
3.076000000,0.507413221,0.113748983,0.703220174,0.499912151,0.101877002,0.703395490,True
3.078000000,0.507413221,0.113748983,0.703220174,0.500015694,0.101993900,0.703278334,True
3.080000000,0.507413221,0.113748983,0.703220174,0.500117497,0.102108840,0.703162412,True
3.082000000,0.508270198,0.114572863,0.702149281,0.500184585,0.102190140,0.703020453,True
3.084000000,0.508270198,0.114572863,0.702149281,0.500236974,0.102249818,0.702874481,True
3.086000000,0.508270198,0.114572863,0.702149281,0.500282709,0.102294464,0.702732251,True
3.088000000,0.508270198,0.114572863,0.702149281,0.500325033,0.102328131,0.702596033,True
3.090000000,0.508270198,0.114572863,0.702149281,0.500365280,0.102353545,0.702466078,True
3.092000000,0.508270198,0.114572863,0.702149281,0.500404016,0.102372660,0.702341963,True
3.094000000,0.508270198,0.114572863,0.702149281,0.500441503,0.102386931,0.702223101,True
3.096000000,0.508270198,0.114572863,0.702149281,0.500477877,0.102397463,0.702108915,True
3.098000000,0.508270198,0.114572863,0.702149281,0.500513224,0.102405107,0.701998903,True
3.100000000,0.508270198,0.114572863,0.702149281,0.500547606,0.102410520,0.701892637,True
3.102000000,0.509127176,0.115396744,0.701078389,0.500631366,0.102456575,0.701821755,True
3.104000000,0.509127176,0.115396744,0.701078389,0.500728630,0.102525987,0.701748341,True
3.106000000,0.509127176,0.115396744,0.701078389,0.500831976,0.102611118,0.701667514,True
3.108000000,0.509127176,0.115396744,0.701078389,0.500937877,0.102707061,0.701578785,True
3.110000000,0.509127176,0.115396744,0.701078389,0.501044618,0.102810456,0.701483224,True
3.112000000,0.509127176,0.115396744,0.701078389,0.501151302,0.102918888,0.701382294,True
3.114000000,0.509127176,0.115396744,0.701078389,0.501257408,0.103030569,0.701277407,True
3.116000000,0.509127176,0.115396744,0.701078389,0.501362598,0.103144157,0.701169789,True
3.118000000,0.509127176,0.115396744,0.701078389,0.501466635,0.103258633,0.701060451,True
3.120000000,0.509127176,0.115396744,0.701078389,0.501569344,0.103373230,0.700950213,True
3.122000000,0.509984153,0.116220624,0.700007497,0.501678049,0.103492989,0.700839992,True
3.124000000,0.509984153,0.116220624,0.700007497,0.501788823,0.103615318,0.700727512,True
3.126000000,0.509984153,0.116220624,0.700007497,0.501899916,0.103738696,0.700612636,True
3.128000000,0.509984153,0.116220624,0.700007497,0.502010479,0.103862142,0.700495921,True
3.130000000,0.509984153,0.116220624,0.700007497,0.502120050,0.103984986,0.700378071,True
3.132000000,0.509984153,0.116220624,0.700007497,0.502228349,0.104106753,0.700259749,True
3.134000000,0.509984153,0.116220624,0.700007497,0.502335190,0.104227104,0.700141522,True
3.136000000,0.509984153,0.116220624,0.700007497,0.502440443,0.104345792,0.700023854,True
3.138000000,0.509984153,0.116220624,0.700007497,0.502544014,0.104462645,0.699907115,True
3.140000000,0.509984153,0.116220624,0.700007497,0.502645836,0.104577542,0.699791597,True
3.142000000,0.510841131,0.117044505,0.698936604,0.502712333,0.104658636,0.699649387,True
3.144000000,0.510841131,0.117044505,0.698936604,0.502763985,0.104718112,0.699502859,True
3.146000000,0.510841131,0.117044505,0.698936604,0.502808998,0.104762611,0.699359912,True
3.148000000,0.510841131,0.117044505,0.698936604,0.502850670,0.104796184,0.699222885,True
3.150000000,0.510841131,0.117044505,0.698936604,0.502890340,0.104821547,0.699092063,True
3.152000000,0.510841131,0.117044505,0.698936604,0.502928570,0.104840640,0.698967045,True
3.154000000,0.510841131,0.117044505,0.698936604,0.502965613,0.104854908,0.698847253,True
3.156000000,0.510841131,0.117044505,0.698936604,0.503001595,0.104865447,0.698732124,True
3.158000000,0.510841131,0.117044505,0.698936604,0.503036594,0.104873103,0.698621160,True
3.160000000,0.510841131,0.117044505,0.698936604,0.503070664,0.104878529,0.698513941,True
3.162000000,0.511698108,0.117868385,0.697865712,0.503154672,0.104924786,0.698442503,True
3.164000000,0.511698108,0.117868385,0.697865712,0.503252528,0.104994411,0.698369066,True
3.166000000,0.511698108,0.117868385,0.697865712,0.503356489,0.105079692,0.698288436,True
3.168000000,0.511698108,0.117868385,0.697865712,0.503462929,0.105175717,0.698200004,True
3.170000000,0.511698108,0.117868385,0.697865712,0.503570114,0.105279136,0.698104793,True
3.172000000,0.511698108,0.117868385,0.697865712,0.503677154,0.105387552,0.698004242,True
3.174000000,0.511698108,0.117868385,0.697865712,0.503783540,0.105499191,0.697899753,True
3.176000000,0.511698108,0.117868385,0.697865712,0.503888947,0.105612719,0.697792543,True
3.178000000,0.511698108,0.117868385,0.697865712,0.503993149,0.105727128,0.697683621,True
3.180000000,0.511698108,0.117868385,0.697865712,0.504095983,0.105841652,0.697573802,True
3.182000000,0.512555086,0.118692266,0.696794820,0.504204886,0.105961377,0.697464081,True
3.184000000,0.512555086,0.118692266,0.696794820,0.504315855,0.106083678,0.697352116,True
3.186000000,0.512555086,0.118692266,0.696794820,0.504427114,0.106207022,0.697237750,True
3.188000000,0.512555086,0.118692266,0.696794820,0.504537810,0.106330429,0.697121529,True
3.190000000,0.512555086,0.118692266,0.696794820,0.504647485,0.106453231,0.697004158,True
3.192000000,0.512555086,0.118692266,0.696794820,0.504755863,0.106574954,0.696886298,True
3.194000000,0.512555086,0.118692266,0.696794820,0.504862762,0.106695260,0.696768519,True
3.196000000,0.512555086,0.118692266,0.696794820,0.504968058,0.106813903,0.696651284,True
3.198000000,0.512555086,0.118692266,0.696794820,0.505071659,0.106930713,0.696534966,True
3.200000000,0.512555086,0.118692266,0.696794820,0.505173502,0.107045567,0.696419858,True
3.202000000,0.513412063,0.119516146,0.695723927,0.505239410,0.107126449,0.696277409,True
3.204000000,0.513412063,0.119516146,0.695723927,0.505290323,0.107185719,0.696130333,True
3.206000000,0.513412063,0.119516146,0.695723927,0.505334614,0.107230065,0.695986678,True
3.208000000,0.513412063,0.119516146,0.695723927,0.505375631,0.107263539,0.695848848,True
3.210000000,0.513412063,0.119516146,0.695723927,0.505414722,0.107288845,0.695717163,True
3.212000000,0.513412063,0.119516146,0.695723927,0.505452444,0.107307912,0.695591241,True
3.214000000,0.513412063,0.119516146,0.695723927,0.505489040,0.107322172,0.695470520,True
3.216000000,0.513412063,0.119516146,0.695723927,0.505524627,0.107332715,0.695354445,True
3.218000000,0.513412063,0.119516146,0.695723927,0.505559274,0.107340379,0.695242526,True
3.220000000,0.513412063,0.119516146,0.695723927,0.505593028,0.107345814,0.695134348,True
3.222000000,0.514269041,0.120340027,0.694653035,0.505677282,0.107392273,0.695062348,True
3.224000000,0.514269041,0.120340027,0.694653035,0.505775728,0.107462113,0.694988877,True
3.226000000,0.514269041,0.120340027,0.694653035,0.505880302,0.107547547,0.694908435,True
3.228000000,0.514269041,0.120340027,0.694653035,0.505987280,0.107643655,0.694820294,True
3.230000000,0.514269041,0.120340027,0.694653035,0.506094911,0.107747101,0.694725428,True
3.232000000,0.514269041,0.120340027,0.694653035,0.506202308,0.107855503,0.694625254,True
3.234000000,0.514269041,0.120340027,0.694653035,0.506308975,0.107967100,0.694521162,True
3.236000000,0.514269041,0.120340027,0.694653035,0.506414600,0.108080569,0.694414362,True
3.238000000,0.514269041,0.120340027,0.694653035,0.506518970,0.108194910,0.694305858,True
3.240000000,0.514269041,0.120340027,0.694653035,0.506621930,0.108309363,0.694196461,True
3.242000000,0.515126018,0.121163907,0.693582143,0.506731035,0.108429055,0.694087242,True
3.244000000,0.515126018,0.121163907,0.693582143,0.506842202,0.108551328,0.693975797,True
3.246000000,0.515126018,0.121163907,0.693582143,0.506953629,0.108674640,0.693861943,True
3.248000000,0.515126018,0.121163907,0.693582143,0.507064461,0.108798010,0.693746221,True
3.250000000,0.515126018,0.121163907,0.693582143,0.507174241,0.108920771,0.693629331,True
3.252000000,0.515126018,0.121163907,0.693582143,0.507282700,0.109042450,0.693511939,True
3.254000000,0.515126018,0.121163907,0.693582143,0.507389661,0.109162711,0.693394611,True
3.256000000,0.515126018,0.121163907,0.693582143,0.507495002,0.109281311,0.693277815,True
3.258000000,0.515126018,0.121163907,0.693582143,0.507598636,0.109398077,0.693161923,True
3.260000000,0.515126018,0.121163907,0.693582143,0.507700502,0.109512889,0.693047229,True
3.262000000,0.515982996,0.121987788,0.692511250,0.507765820,0.109593555,0.692904551,True
3.264000000,0.515982996,0.121987788,0.692511250,0.507815995,0.109652615,0.692756939,True
3.266000000,0.515982996,0.121987788,0.692511250,0.507859564,0.109696802,0.692612583,True
3.268000000,0.515982996,0.121987788,0.692511250,0.507899924,0.109730172,0.692473955,True
3.270000000,0.515982996,0.121987788,0.692511250,0.507938434,0.109755417,0.692341409,True
3.272000000,0.515982996,0.121987788,0.692511250,0.507975645,0.109774453,0.692214585,True
3.274000000,0.515982996,0.121987788,0.692511250,0.508011791,0.109788701,0.692092933,True
3.276000000,0.515982996,0.121987788,0.692511250,0.508046980,0.109799243,0.691975909,True
3.278000000,0.515982996,0.121987788,0.692511250,0.508081271,0.109806912,0.691863032,True
3.280000000,0.515982996,0.121987788,0.692511250,0.508114706,0.109812353,0.691753892,True
3.282000000,0.516839973,0.122811668,0.691440358,0.508199201,0.109859012,0.691681321,True
3.284000000,0.516839973,0.122811668,0.691440358,0.508298236,0.109929070,0.691607806,True
3.286000000,0.516839973,0.122811668,0.691440358,0.508403421,0.110014660,0.691527542,True
3.288000000,0.516839973,0.122811668,0.691440358,0.508510939,0.110110854,0.691439685,True
3.290000000,0.516839973,0.122811668,0.691440358,0.508619015,0.110214329,0.691345160,True
3.292000000,0.516839973,0.122811668,0.691440358,0.508726770,0.110322717,0.691245361,True
3.294000000,0.516839973,0.122811668,0.691440358,0.508833720,0.110434273,0.691141666,True
3.296000000,0.516839973,0.122811668,0.691440358,0.508939565,0.110547685,0.691035276,True
3.298000000,0.516839973,0.122811668,0.691440358,0.509044104,0.110661959,0.690927191,True
3.300000000,0.516839973,0.122811668,0.691440358,0.509147193,0.110776341,0.690818220,True
3.302000000,0.517696951,0.123635549,0.690369466,0.509256503,0.110896001,0.690709506,True
3.304000000,0.517696951,0.123635549,0.690369466,0.509367869,0.111018248,0.690598582,True
3.306000000,0.517696951,0.123635549,0.690369466,0.509479467,0.111141530,0.690485243,True
3.308000000,0.517696951,0.123635549,0.690369466,0.509590437,0.111264864,0.690370023,True
3.310000000,0.517696951,0.123635549,0.690369466,0.509700326,0.111387584,0.690253619,True
3.312000000,0.517696951,0.123635549,0.690369466,0.509808868,0.111509221,0.690136697,True
3.314000000,0.517696951,0.123635549,0.690369466,0.509915893,0.111629438,0.690019826,True
3.316000000,0.517696951,0.123635549,0.690369466,0.510021281,0.111747994,0.689903473,True
3.318000000,0.517696951,0.123635549,0.690369466,0.510124950,0.111864718,0.689788011,True
3.320000000,0.517696951,0.123635549,0.690369466,0.510226843,0.111979490,0.689673736,True
3.322000000,0.518553928,0.124459430,0.689298573,0.510334873,0.112098572,0.689561021,True
3.324000000,0.518553928,0.124459430,0.689298573,0.510444849,0.112219489,0.689447086,True
3.326000000,0.518553928,0.124459430,0.689298573,0.510554951,0.112340869,0.689331506,True
3.328000000,0.518553928,0.124459430,0.689298573,0.510664333,0.112461872,0.689214650,True
3.330000000,0.518553928,0.124459430,0.689298573,0.510772563,0.112581945,0.689097089,True
3.332000000,0.518553928,0.124459430,0.689298573,0.510879393,0.112700708,0.688979392,True
3.334000000,0.518553928,0.124459430,0.689298573,0.510984668,0.112817893,0.688862048,True
3.336000000,0.518553928,0.124459430,0.689298573,0.511088284,0.112933312,0.688745462,True
3.338000000,0.518553928,0.124459430,0.689298573,0.511190168,0.113046833,0.688629958,True
3.340000000,0.518553928,0.124459430,0.689298573,0.511290272,0.113158369,0.688515792,True
3.342000000,0.519410906,0.125283310,0.688227681,0.511354026,0.113236497,0.688373507,True
3.344000000,0.519410906,0.125283310,0.688227681,0.511402862,0.113293651,0.688225998,True
3.346000000,0.519410906,0.125283310,0.688227681,0.511445296,0.113336442,0.688081438,True
3.348000000,0.519410906,0.125283310,0.688227681,0.511484694,0.113368809,0.687942331,True
3.350000000,0.519410906,0.125283310,0.688227681,0.511522385,0.113393351,0.687809078,True
3.352000000,0.519410906,0.125283310,0.688227681,0.511558897,0.113411905,0.687681365,True
3.354000000,0.519410906,0.125283310,0.688227681,0.511594440,0.113425838,0.687558682,True
3.356000000,0.519410906,0.125283310,0.688227681,0.511629108,0.113436187,0.687440520,True
3.358000000,0.519410906,0.125283310,0.688227681,0.511662945,0.113443752,0.687326423,True
3.360000000,0.519410906,0.125283310,0.688227681,0.511695979,0.113449155,0.687216006,True
3.362000000,0.520267883,0.126107191,0.687156789,0.511779955,0.113495069,0.687142275,True
3.364000000,0.520267883,0.126107191,0.687156789,0.511878284,0.113563717,0.687068002,True
3.366000000,0.520267883,0.126107191,0.687156789,0.511982555,0.113647372,0.686987336,True
3.368000000,0.520267883,0.126107191,0.687156789,0.512088976,0.113741239,0.686899375,True
3.370000000,0.520267883,0.126107191,0.687156789,0.512195810,0.113842105,0.686804989,True
3.372000000,0.520267883,0.126107191,0.687156789,0.512302208,0.113947690,0.686705524,True
3.374000000,0.520267883,0.126107191,0.687156789,0.512407715,0.114056314,0.686602313,True
3.376000000,0.520267883,0.126107191,0.687156789,0.512512056,0.114166716,0.686496526,True
3.378000000,0.520267883,0.126107191,0.687156789,0.512615048,0.114277939,0.686389133,True
3.380000000,0.520267883,0.126107191,0.687156789,0.512716561,0.114389257,0.686280922,True
3.382000000,0.521124861,0.126931071,0.686085896,0.512824324,0.114505838,0.686173040,True
3.384000000,0.521124861,0.126931071,0.686085896,0.512934124,0.114624987,0.686062990,True
3.386000000,0.521124861,0.126931071,0.686085896,0.513044131,0.114745165,0.685950548,True
3.388000000,0.521124861,0.126931071,0.686085896,0.513153489,0.114865403,0.685836237,True
3.390000000,0.521124861,0.126931071,0.686085896,0.513261756,0.114985048,0.685720748,True
3.392000000,0.521124861,0.126931071,0.686085896,0.513368674,0.115103643,0.685604740,True
3.394000000,0.521124861,0.126931071,0.686085896,0.513474079,0.115220858,0.685488779,True
3.396000000,0.521124861,0.126931071,0.686085896,0.513577860,0.115336456,0.685373329,True
3.398000000,0.521124861,0.126931071,0.686085896,0.513679937,0.115450271,0.685258759,True
3.400000000,0.521124861,0.126931071,0.686085896,0.513780257,0.115562186,0.685145365,True
3.402000000,0.521981838,0.127754952,0.685015004,0.513843472,0.115640379,0.685003033,True
3.404000000,0.521981838,0.127754952,0.685015004,0.513891567,0.115697519,0.684855095,True
3.406000000,0.521981838,0.127754952,0.685015004,0.513933257,0.115740291,0.684709904,True
3.408000000,0.521981838,0.127754952,0.685015004,0.513971973,0.115772654,0.684570048,True
3.410000000,0.521981838,0.127754952,0.685015004,0.514009056,0.115797203,0.684435970,True
3.412000000,0.521981838,0.127754952,0.685015004,0.514045031,0.115815774,0.684307380,True
3.414000000,0.521981838,0.127754952,0.685015004,0.514080101,0.115829724,0.684183786,True
3.416000000,0.521981838,0.127754952,0.685015004,0.514114348,0.115840087,0.684064689,True
3.418000000,0.521981838,0.127754952,0.685015004,0.514147809,0.115847661,0.683949643,True
3.420000000,0.521981838,0.127754952,0.685015004,0.514180505,0.115853066,0.683838268,True
3.422000000,0.522838816,0.128578832,0.683944112,0.514264842,0.115899352,0.683764029,True
3.424000000,0.522838816,0.128578832,0.683944112,0.514363984,0.115968514,0.683689809,True
3.426000000,0.522838816,0.128578832,0.683944112,0.514469135,0.116052702,0.683609408,True
3.428000000,0.522838816,0.128578832,0.683944112,0.514576380,0.116147084,0.683521797,True
3.430000000,0.522838816,0.128578832,0.683944112,0.514683951,0.116248443,0.683427796,True
3.432000000,0.522838816,0.128578832,0.683944112,0.514791002,0.116354505,0.683328729,True
3.434000000,0.522838816,0.128578832,0.683944112,0.514897086,0.116463594,0.683225923,True
3.436000000,0.522838816,0.128578832,0.683944112,0.515001940,0.116574452,0.683120541,True
3.438000000,0.522838816,0.128578832,0.683944112,0.515105393,0.116686128,0.683013552,True
3.440000000,0.522838816,0.128578832,0.683944112,0.515207323,0.116797896,0.682905742,True
3.442000000,0.523695793,0.129402713,0.682873219,0.515315590,0.116914980,0.682798344,True
3.444000000,0.523695793,0.129402713,0.682873219,0.515425893,0.117034641,0.682688791,True
3.446000000,0.523695793,0.129402713,0.682873219,0.515536372,0.117155326,0.682576837,True
3.448000000,0.523695793,0.129402713,0.682873219,0.515646166,0.117276063,0.682462997,True
3.450000000,0.523695793,0.129402713,0.682873219,0.515754834,0.117396199,0.682347959,True
3.452000000,0.523695793,0.129402713,0.682873219,0.515862124,0.117515275,0.682232385,True
3.454000000,0.523695793,0.129402713,0.682873219,0.515967875,0.117632963,0.682116841,True
3.456000000,0.523695793,0.129402713,0.682873219,0.516071981,0.117749027,0.682001791,True
3.458000000,0.523695793,0.129402713,0.682873219,0.516174366,0.117863300,0.681887610,True
3.460000000,0.523695793,0.129402713,0.682873219,0.516274979,0.117975666,0.681774591,True
3.462000000,0.524552771,0.130226593,0.681802327,0.516337731,0.118053978,0.681631925,True
3.464000000,0.524552771,0.130226593,0.681802327,0.516385153,0.118111141,0.681483337,True
3.466000000,0.524552771,0.130226593,0.681802327,0.516426155,0.118153921,0.681337346,True
3.468000000,0.524552771,0.130226593,0.681802327,0.516464233,0.118186297,0.681196608,True
3.470000000,0.524552771,0.130226593,0.681802327,0.516500744,0.118210865,0.681061602,True
3.472000000,0.524552771,0.130226593,0.681802327,0.516536209,0.118229457,0.680932056,True
3.474000000,0.524552771,0.130226593,0.681802327,0.516570825,0.118243426,0.680807489,True
3.476000000,0.524552771,0.130226593,0.681802327,0.516604665,0.118253803,0.680687411,True
3.478000000,0.524552771,0.130226593,0.681802327,0.516637759,0.118261384,0.680571381,True
3.480000000,0.524552771,0.130226593,0.681802327,0.516670122,0.118266787,0.680459024,True
3.482000000,0.525409748,0.131050474,0.680731435,0.516754802,0.118313414,0.680384242,True
3.484000000,0.525409748,0.131050474,0.680731435,0.516854723,0.118383044,0.680310031,True
3.486000000,0.525409748,0.131050474,0.680731435,0.516960712,0.118467702,0.680229858,True
3.488000000,0.525409748,0.131050474,0.680731435,0.517068737,0.118562528,0.680142569,True
3.490000000,0.525409748,0.131050474,0.680731435,0.517177001,0.118664303,0.680048933,True
3.492000000,0.525409748,0.131050474,0.680731435,0.517284660,0.118770758,0.679950252,True
3.494000000,0.525409748,0.131050474,0.680731435,0.517391277,0.118880225,0.679847844,True
3.496000000,0.525409748,0.131050474,0.680731435,0.517496601,0.118991453,0.679742867,True
3.498000000,0.525409748,0.131050474,0.680731435,0.517600470,0.119103493,0.679636284,True
3.500000000,0.525409748,0.131050474,0.680731435,0.517702774,0.119215621,0.679528880,True
3.502000000,0.526266726,0.131874354,0.679660542,0.517811501,0.119333116,0.679421970,True
3.504000000,0.526266726,0.131874354,0.679660542,0.517922262,0.119453197,0.679312921,True
3.506000000,0.526266726,0.131874354,0.679660542,0.518033168,0.119574299,0.679201462,True
3.508000000,0.526266726,0.131874354,0.679660542,0.518143352,0.119695444,0.679088100,True
3.510000000,0.526266726,0.131874354,0.679660542,0.518252378,0.119815979,0.678973523,True
3.512000000,0.526266726,0.131874354,0.679660542,0.518359995,0.119935447,0.678858393,True
3.514000000,0.526266726,0.131874354,0.679660542,0.518466051,0.120053520,0.678743276,True
3.516000000,0.526266726,0.131874354,0.679660542,0.518570440,0.120169963,0.678628640,True
3.518000000,0.526266726,0.131874354,0.679660542,0.518673092,0.120284609,0.678514858,True
3.520000000,0.526266726,0.131874354,0.679660542,0.518773957,0.120397342,0.678402227,True
3.522000000,0.527123703,0.132698235,0.678589650,0.518820056,0.120471792,0.678238678,True
3.524000000,0.527123703,0.132698235,0.678589650,0.518870228,0.120529754,0.678090874,True
3.526000000,0.527123703,0.132698235,0.678589650,0.518911924,0.120572840,0.677944149,True
3.528000000,0.527123703,0.132698235,0.678589650,0.518950120,0.120605383,0.677802317,True
3.530000000,0.527123703,0.132698235,0.678589650,0.518986585,0.120630068,0.677666181,True
3.532000000,0.527123703,0.132698235,0.678589650,0.519021962,0.120648752,0.677535556,True
3.534000000,0.527123703,0.132698235,0.678589650,0.519056483,0.120662797,0.677409981,True
3.536000000,0.527123703,0.132698235,0.678589650,0.519090232,0.120673235,0.677288964,True
3.538000000,0.527123703,0.132698235,0.678589650,0.519123243,0.120680864,0.677172056,True
3.540000000,0.527123703,0.132698235,0.678589650,0.519155529,0.120686304,0.677058876,True
3.542000000,0.527980681,0.133522115,0.677518758,0.519240799,0.120733298,0.676983786,True
3.544000000,0.527980681,0.133522115,0.677518758,0.519341616,0.120803380,0.676909726,True
3.546000000,0.527980681,0.133522115,0.677518758,0.519448513,0.120888476,0.676829904,True
3.548000000,0.527980681,0.133522115,0.677518758,0.519557368,0.120983701,0.676743061,True
3.550000000,0.527980681,0.133522115,0.677518758,0.519666367,0.121085841,0.676649925,True
3.552000000,0.527980681,0.133522115,0.677518758,0.519774668,0.121192634,0.676551775,True
3.554000000,0.527980681,0.133522115,0.677518758,0.519881849,0.121302422,0.676449916,True
3.556000000,0.527980681,0.133522115,0.677518758,0.519987670,0.121413960,0.676345499,True
3.558000000,0.527980681,0.133522115,0.677518758,0.520091981,0.121526303,0.676239482,True
3.560000000,0.527980681,0.133522115,0.677518758,0.520194681,0.121638731,0.676132647,True
3.562000000,0.528837658,0.134345996,0.676447865,0.520303896,0.121756579,0.676026396,True
3.564000000,0.528837658,0.134345996,0.676447865,0.520415141,0.121877022,0.675918023,True
3.566000000,0.528837658,0.134345996,0.676447865,0.520526500,0.121998480,0.675807233,True
3.568000000,0.528837658,0.134345996,0.676447865,0.520637101,0.122119974,0.675694524,True
3.570000000,0.528837658,0.134345996,0.676447865,0.520746508,0.122240850,0.675580582,True
3.572000000,0.528837658,0.134345996,0.676447865,0.520854477,0.122360652,0.675466068,True
3.574000000,0.528837658,0.134345996,0.676447865,0.520960858,0.122479053,0.675351549,True
3.576000000,0.528837658,0.134345996,0.676447865,0.521065552,0.122595819,0.675237494,True
3.578000000,0.528837658,0.134345996,0.676447865,0.521168491,0.122710782,0.675124279,True
3.580000000,0.528837658,0.134345996,0.676447865,0.521269629,0.122823826,0.675012198,True
3.582000000,0.529694636,0.135169876,0.675376973,0.521315415,0.122898272,0.674848854,True
3.584000000,0.529694636,0.135169876,0.675376973,0.521365229,0.122956263,0.674700979,True
3.586000000,0.529694636,0.135169876,0.675376973,0.521406297,0.122999312,0.674553741,True
3.588000000,0.529694636,0.135169876,0.675376973,0.521443836,0.123031816,0.674411193,True
3.590000000,0.529694636,0.135169876,0.675376973,0.521479690,0.123056477,0.674274230,True
3.592000000,0.529694636,0.135169876,0.675376973,0.521514513,0.123075147,0.674142711,True
3.594000000,0.529694636,0.135169876,0.675376973,0.521548539,0.123089183,0.674016200,True
3.596000000,0.529694636,0.135169876,0.675376973,0.521581844,0.123099614,0.673894219,True
3.598000000,0.529694636,0.135169876,0.675376973,0.521614454,0.123107234,0.673776331,True
3.600000000,0.529694636,0.135169876,0.675376973,0.521646377,0.123112660,0.673662162,True
3.602000000,0.530551613,0.135993757,0.674306081,0.521731959,0.123159958,0.673586536,True
3.604000000,0.530551613,0.135993757,0.674306081,0.521833537,0.123230452,0.673512523,True
3.606000000,0.530551613,0.135993757,0.674306081,0.521941257,0.123315946,0.673432992,True
3.608000000,0.530551613,0.135993757,0.674306081,0.522050877,0.123411527,0.673346554,True
3.610000000,0.530551613,0.135993757,0.674306081,0.522160553,0.123513984,0.673253882,True
3.612000000,0.530551613,0.135993757,0.674306081,0.522269446,0.123621064,0.673156231,True
3.614000000,0.530551613,0.135993757,0.674306081,0.522377143,0.123731118,0.673054892,True
3.616000000,0.530551613,0.135993757,0.674306081,0.522483416,0.123842908,0.672951008,True
3.618000000,0.530551613,0.135993757,0.674306081,0.522588127,0.123955495,0.672845531,True
3.620000000,0.530551613,0.135993757,0.674306081,0.522691184,0.124068163,0.672739239,True
3.622000000,0.531408591,0.136817638,0.673235188,0.522800841,0.124186300,0.672633614,True
3.624000000,0.531408591,0.136817638,0.673235188,0.522912526,0.124307042,0.672525885,True
3.626000000,0.531408591,0.136817638,0.673235188,0.523024294,0.124428793,0.672415732,True
3.628000000,0.531408591,0.136817638,0.673235188,0.523135267,0.124550572,0.672303645,True
3.630000000,0.531408591,0.136817638,0.673235188,0.523245012,0.124671726,0.672190307,True
3.632000000,0.531408591,0.136817638,0.673235188,0.523353290,0.124791799,0.672076378,True
3.634000000,0.531408591,0.136817638,0.673235188,0.523459957,0.124910465,0.671962429,True
3.636000000,0.531408591,0.136817638,0.673235188,0.523564916,0.125027492,0.671848928,True
3.638000000,0.531408591,0.136817638,0.673235188,0.523668103,0.125142712,0.671736251,True
3.640000000,0.531408591,0.136817638,0.673235188,0.523769477,0.125256010,0.671624694,True
3.642000000,0.532265569,0.137641518,0.672164296,0.523877490,0.125373821,0.671515047,True
3.644000000,0.532265569,0.137641518,0.672164296,0.523987507,0.125493482,0.671404231,True
3.646000000,0.532265569,0.137641518,0.672164296,0.524097568,0.125613571,0.671291715,True
3.648000000,0.532265569,0.137641518,0.672164296,0.524206798,0.125733245,0.671177834,True
3.650000000,0.532265569,0.137641518,0.672164296,0.524314772,0.125851965,0.671063154,True
3.652000000,0.532265569,0.137641518,0.672164296,0.524421260,0.125969364,0.670948242,True
3.654000000,0.532265569,0.137641518,0.672164296,0.524526127,0.126085184,0.670833597,True
3.656000000,0.532265569,0.137641518,0.672164296,0.524629285,0.126199248,0.670719628,True
3.658000000,0.532265569,0.137641518,0.672164296,0.524730678,0.126311429,0.670606664,True
3.660000000,0.532265569,0.137641518,0.672164296,0.524830266,0.126421643,0.670494965,True
3.662000000,0.533122546,0.138465399,0.671093404,0.524874606,0.126493774,0.670332033,True
3.664000000,0.533122546,0.138465399,0.671093404,0.524923263,0.126550113,0.670184220,True
3.666000000,0.533122546,0.138465399,0.671093404,0.524963299,0.126591925,0.670036714,True
3.668000000,0.533122546,0.138465399,0.671093404,0.524999941,0.126623527,0.669893620,True
3.670000000,0.533122546,0.138465399,0.671093404,0.525035014,0.126647542,0.669755886,True
3.672000000,0.533122546,0.138465399,0.671093404,0.525069158,0.126665761,0.669623419,True
3.674000000,0.533122546,0.138465399,0.671093404,0.525102590,0.126679490,0.669495822,True
3.676000000,0.533122546,0.138465399,0.671093404,0.525135372,0.126689720,0.669372651,True
3.678000000,0.533122546,0.138465399,0.671093404,0.525167518,0.126697217,0.669253495,True
3.680000000,0.533122546,0.138465399,0.671093404,0.525199025,0.126702577,0.669138003,True
3.682000000,0.533979524,0.139289279,0.670022511,0.525284125,0.126749229,0.669061157,True
3.684000000,0.533979524,0.139289279,0.670022511,0.525385081,0.126818506,0.668986295,True
3.686000000,0.533979524,0.139289279,0.670022511,0.525492005,0.126902321,0.668906249,True
3.688000000,0.533979524,0.139289279,0.670022511,0.525600674,0.126995874,0.668819583,True
3.690000000,0.533979524,0.139289279,0.670022511,0.525709274,0.127096050,0.668726918,True
3.692000000,0.533979524,0.139289279,0.670022511,0.525816993,0.127200673,0.668629461,True
3.694000000,0.533979524,0.139289279,0.670022511,0.525923442,0.127308154,0.668528464,True
3.696000000,0.533979524,0.139289279,0.670022511,0.526028415,0.127417300,0.668425036,True
3.698000000,0.533979524,0.139289279,0.670022511,0.526131788,0.127527205,0.668320105,True
3.700000000,0.533979524,0.139289279,0.670022511,0.526233483,0.127637179,0.668214423,True
3.702000000,0.534836501,0.140113160,0.668951619,0.526341814,0.127752616,0.668109478,True
3.704000000,0.534836501,0.140113160,0.668951619,0.526452156,0.127870642,0.668002468,True
3.706000000,0.534836501,0.140113160,0.668951619,0.526562557,0.127989670,0.667893057,True
3.708000000,0.534836501,0.140113160,0.668951619,0.526672144,0.128108731,0.667781725,True
3.710000000,0.534836501,0.140113160,0.668951619,0.526780491,0.128227185,0.667669148,True
3.712000000,0.534836501,0.140113160,0.668951619,0.526887367,0.128344585,0.667555983,True
3.714000000,0.534836501,0.140113160,0.668951619,0.526992635,0.128460612,0.667442794,True
3.716000000,0.534836501,0.140113160,0.668951619,0.527096203,0.128575039,0.667330046,True
3.718000000,0.534836501,0.140113160,0.668951619,0.527198013,0.128687702,0.667218114,True
3.720000000,0.534836501,0.140113160,0.668951619,0.527298024,0.128798488,0.667107293,True
3.722000000,0.535693479,0.140937040,0.667880727,0.527342132,0.128870795,0.666944791,True
3.724000000,0.535693479,0.140937040,0.667880727,0.527390484,0.128927292,0.666797094,True
3.726000000,0.535693479,0.140937040,0.667880727,0.527429888,0.128969149,0.666649188,True
3.728000000,0.535693479,0.140937040,0.667880727,0.527465853,0.129000767,0.666505453,True
3.730000000,0.535693479,0.140937040,0.667880727,0.527500288,0.129024794,0.666366945,True
3.732000000,0.535693479,0.140937040,0.667880727,0.527533855,0.129043021,0.666233623,True
3.734000000,0.535693479,0.140937040,0.667880727,0.527566767,0.129056755,0.666105117,True
3.736000000,0.535693479,0.140937040,0.667880727,0.527599082,0.129066984,0.665980999,True
3.738000000,0.535693479,0.140937040,0.667880727,0.527630807,0.129074471,0.665860873,True
3.740000000,0.535693479,0.140937040,0.667880727,0.527661932,0.129079813,0.665744396,True
3.742000000,0.536550456,0.141760921,0.666809834,0.527747432,0.129126900,0.665667056,True
3.744000000,0.536550456,0.141760921,0.666809834,0.527849321,0.129196819,0.665592305,True
3.746000000,0.536550456,0.141760921,0.666809834,0.527957270,0.129281325,0.665512604,True
3.748000000,0.536550456,0.141760921,0.666809834,0.528066920,0.129375568,0.665426381,True
3.750000000,0.536550456,0.141760921,0.666809834,0.528176418,0.129476422,0.665334201,True
3.752000000,0.536550456,0.141760921,0.666809834,0.528284950,0.129581711,0.665237249,True
3.754000000,0.536550456,0.141760921,0.666809834,0.528392137,0.129689850,0.665136766,True
3.756000000,0.536550456,0.141760921,0.666809834,0.528497782,0.129799648,0.665033854,True
3.758000000,0.536550456,0.141760921,0.666809834,0.528601772,0.129910201,0.664929437,True
3.760000000,0.536550456,0.141760921,0.666809834,0.528704038,0.130020819,0.664824268,True
3.762000000,0.537407434,0.142584801,0.665738942,0.528813036,0.130136962,0.664719921,True
3.764000000,0.537407434,0.142584801,0.665738942,0.528924045,0.130255706,0.664613525,True
3.766000000,0.537407434,0.142584801,0.665738942,0.529035079,0.130375447,0.664504718,True
3.768000000,0.537407434,0.142584801,0.665738942,0.529145260,0.130495211,0.664393971,True
3.770000000,0.537407434,0.142584801,0.665738942,0.529254164,0.130614355,0.664281961,True
3.772000000,0.537407434,0.142584801,0.665738942,0.529361564,0.130732434,0.664169341,True
3.774000000,0.537407434,0.142584801,0.665738942,0.529467327,0.130849131,0.664056680,True
3.776000000,0.537407434,0.142584801,0.665738942,0.529571367,0.130964216,0.663944444,True
3.778000000,0.537407434,0.142584801,0.665738942,0.529673627,0.131077527,0.663833007,True
3.780000000,0.537407434,0.142584801,0.665738942,0.529774073,0.131188949,0.663722667,True
3.782000000,0.538264411,0.143408682,0.664668050,0.529817969,0.131261484,0.663560286,True
3.784000000,0.538264411,0.143408682,0.664668050,0.529866024,0.131318175,0.663412448,True
3.786000000,0.538264411,0.143408682,0.664668050,0.529904829,0.131360106,0.663263965,True
3.788000000,0.538264411,0.143408682,0.664668050,0.529940151,0.131391764,0.663119458,True
3.790000000,0.538264411,0.143408682,0.664668050,0.529973979,0.131415817,0.662980077,True
3.792000000,0.538264411,0.143408682,0.664668050,0.530006991,0.131434063,0.662845824,True
3.794000000,0.538264411,0.143408682,0.664668050,0.530039403,0.131447807,0.662716350,True
3.796000000,0.538264411,0.143408682,0.664668050,0.530071266,0.131458037,0.662591242,True
3.798000000,0.538264411,0.143408682,0.664668050,0.530102580,0.131465514,0.662470114,True
3.800000000,0.538264411,0.143408682,0.664668050,0.530133330,0.131470835,0.662352628,True
3.802000000,0.539121389,0.144232562,0.663597157,0.530219200,0.131518316,0.662274747,True
3.804000000,0.539121389,0.144232562,0.663597157,0.530321959,0.131588810,0.662200038,True
3.806000000,0.539121389,0.144232562,0.663597157,0.530430862,0.131673919,0.662120615,True
3.808000000,0.539121389,0.144232562,0.663597157,0.530541417,0.131768753,0.662034773,True
3.810000000,0.539121389,0.144232562,0.663597157,0.530651737,0.131870176,0.661943025,True
3.812000000,0.539121389,0.144232562,0.663597157,0.530761008,0.131976017,0.661846534,True
3.814000000,0.539121389,0.144232562,0.663597157,0.530868859,0.132084695,0.661746526,True
3.816000000,0.539121389,0.144232562,0.663597157,0.530975104,0.132195024,0.661644097,True
3.818000000,0.539121389,0.144232562,0.663597157,0.531079640,0.132306103,0.661540169,True
3.820000000,0.539121389,0.144232562,0.663597157,0.531182408,0.132417244,0.661435488,True
3.822000000,0.539978366,0.145056443,0.662526265,0.531292002,0.132533968,0.661331713,True
3.824000000,0.539978366,0.145056443,0.662526265,0.531403603,0.132653303,0.661225905,True
3.826000000,0.539978366,0.145056443,0.662526265,0.531515199,0.132773631,0.661117678,True
3.828000000,0.539978366,0.145056443,0.662526265,0.531625902,0.132893971,0.661007496,True
3.830000000,0.539978366,0.145056443,0.662526265,0.531735293,0.133013683,0.660896031,True
3.832000000,0.539978366,0.145056443,0.662526265,0.531843149,0.133132319,0.660783940,True
3.834000000,0.539978366,0.145056443,0.662526265,0.531949340,0.133249563,0.660671789,True
3.836000000,0.539978366,0.145056443,0.662526265,0.532053786,0.133365187,0.660560047,True
3.838000000,0.539978366,0.145056443,0.662526265,0.532156433,0.133479028,0.660449091,True
3.840000000,0.539978366,0.145056443,0.662526265,0.532257248,0.133590973,0.660339217,True
3.842000000,0.540835344,0.145880323,0.661455373,0.532365001,0.133707559,0.660231442,True
3.844000000,0.540835344,0.145880323,0.661455373,0.532474791,0.133826005,0.660122527,True
3.846000000,0.540835344,0.145880323,0.661455373,0.532584576,0.133944857,0.660011882,True
3.848000000,0.540835344,0.145880323,0.661455373,0.532693465,0.134063276,0.659899824,True
3.850000000,0.540835344,0.145880323,0.661455373,0.532801037,0.134180728,0.659786914,True
3.852000000,0.540835344,0.145880323,0.661455373,0.532907077,0.134296857,0.659673720,True
3.854000000,0.540835344,0.145880323,0.661455373,0.533011459,0.134411415,0.659560741,True
3.856000000,0.540835344,0.145880323,0.661455373,0.533114108,0.134524227,0.659448390,True
3.858000000,0.540835344,0.145880323,0.661455373,0.533214973,0.134635173,0.659336997,True
3.860000000,0.540835344,0.145880323,0.661455373,0.533314025,0.134744172,0.659226827,True
3.862000000,0.541692321,0.146704204,0.660384480,0.533356602,0.134814693,0.659064661,True
3.864000000,0.541692321,0.146704204,0.660384480,0.533403582,0.134869945,0.658916721,True
3.866000000,0.541692321,0.146704204,0.660384480,0.533441421,0.134910790,0.658767840,True
3.868000000,0.541692321,0.146704204,0.660384480,0.533475893,0.134941649,0.658622684,True
3.870000000,0.542000000,0.147000000,0.660000000,0.533509639,0.134966154,0.658480038,True
3.872000000,0.542000000,0.147000000,0.660000000,0.533543162,0.134985775,0.658340415,True
3.874000000,0.542000000,0.147000000,0.660000000,0.533576548,0.135001569,0.658203904,True
3.876000000,0.542000000,0.147000000,0.660000000,0.533609751,0.135014338,0.658070457,True
3.878000000,0.542000000,0.147000000,0.660000000,0.533642692,0.135024702,0.657939987,True
3.880000000,0.542000000,0.147000000,0.660000000,0.533675293,0.135033152,0.657812399,True
3.882000000,0.542000000,0.147000000,0.660000000,0.533707488,0.135040074,0.657687607,True
3.884000000,0.542000000,0.147000000,0.660000000,0.533739225,0.135045776,0.657565530,True
3.886000000,0.542000000,0.147000000,0.660000000,0.533770462,0.135050504,0.657446096,True
3.888000000,0.542000000,0.147000000,0.660000000,0.533801170,0.135054451,0.657329239,True
3.890000000,0.533801170,0.135054451,0.657329239,0.533832131,0.135058368,0.657209197,True
3.892000000,0.533801170,0.135054451,0.657329239,0.533863435,0.135062302,0.657087378,True
3.894000000,0.533801170,0.135054451,0.657329239,0.533894998,0.135066228,0.656964744,True
3.896000000,0.533801170,0.135054451,0.657329239,0.533926687,0.135070112,0.656841997,True
3.898000000,0.533801170,0.135054451,0.657329239,0.533958370,0.135073922,0.656719668,True
3.900000000,0.533801170,0.135054451,0.657329239,0.533989927,0.135077636,0.656598168,True
3.902000000,0.533801170,0.135054451,0.657329239,0.534021258,0.135081239,0.656477818,True
3.904000000,0.533801170,0.135054451,0.657329239,0.534052284,0.135084724,0.656358868,True
3.906000000,0.533801170,0.135054451,0.657329239,0.534082938,0.135088091,0.656241508,True
3.908000000,0.533801170,0.135054451,0.657329239,0.534113171,0.135091339,0.656125887,True
3.910000000,0.533896166,0.135192858,0.655738070,0.534143701,0.135094715,0.656006790,True
3.912000000,0.533896166,0.135192858,0.655738070,0.534174612,0.135098229,0.655885684,True
3.914000000,0.533896166,0.135192858,0.655738070,0.534205817,0.135101830,0.655763577,True
3.916000000,0.533896166,0.135192858,0.655738070,0.534237178,0.135105463,0.655641206,True
3.918000000,0.533896166,0.135192858,0.655738070,0.534268556,0.135109079,0.655519133,True
3.920000000,0.533896166,0.135192858,0.655738070,0.534299830,0.135112642,0.655397794,True
3.922000000,0.533896166,0.135192858,0.655738070,0.534330898,0.135116129,0.655277529,True
3.924000000,0.533896166,0.135192858,0.655738070,0.534361675,0.135119524,0.655158601,True
3.926000000,0.533896166,0.135192858,0.655738070,0.534392095,0.135122821,0.655041217,True
3.928000000,0.533896166,0.135192858,0.655738070,0.534422106,0.135126015,0.654925532,True
3.930000000,0.533991162,0.135331266,0.654146901,0.534452415,0.135129337,0.654806356,True
3.932000000,0.533991162,0.135331266,0.654146901,0.534483104,0.135132799,0.654685155,True
3.934000000,0.533991162,0.135331266,0.654146901,0.534514088,0.135136350,0.654562941,True
3.936000000,0.533991162,0.135331266,0.654146901,0.534545229,0.135139932,0.654440456,True
3.938000000,0.533991162,0.135331266,0.654146901,0.534576391,0.135143498,0.654318263,True
3.940000000,0.533991162,0.135331266,0.654146901,0.534607450,0.135147012,0.654196800,True
3.942000000,0.533991162,0.135331266,0.654146901,0.534638305,0.135150450,0.654076407,True
3.944000000,0.533991162,0.135331266,0.654146901,0.534668873,0.135153798,0.653957351,True
3.946000000,0.533991162,0.135331266,0.654146901,0.534699088,0.135157047,0.653839837,True
3.948000000,0.533991162,0.135331266,0.654146901,0.534728896,0.135160195,0.653724024,True
3.950000000,0.534086158,0.135469673,0.652555731,0.534758998,0.135163470,0.653604715,True
3.952000000,0.534086158,0.135469673,0.652555731,0.534789478,0.135166883,0.653483378,True
3.954000000,0.534086158,0.135469673,0.652555731,0.534820251,0.135170385,0.653361026,True
3.956000000,0.534086158,0.135469673,0.652555731,0.534851180,0.135173918,0.653238401,True
3.958000000,0.534086158,0.135469673,0.652555731,0.534882130,0.135177434,0.653116068,True
3.960000000,0.534086158,0.135469673,0.652555731,0.534912978,0.135180899,0.652994466,True
3.962000000,0.534086158,0.135469673,0.652555731,0.534943625,0.135184289,0.652873935,True
3.964000000,0.534086158,0.135469673,0.652555731,0.534973986,0.135187589,0.652754743,True
3.966000000,0.534086158,0.135469673,0.652555731,0.535003995,0.135190790,0.652637095,True
3.968000000,0.534086158,0.135469673,0.652555731,0.535033602,0.135193891,0.652521150,True
3.970000000,0.534181154,0.135608080,0.650964562,0.535063497,0.135197119,0.652401707,True
3.972000000,0.534181154,0.135608080,0.650964562,0.535093768,0.135200483,0.652280232,True
3.974000000,0.534181154,0.135608080,0.650964562,0.535124329,0.135203935,0.652157741,True
3.976000000,0.534181154,0.135608080,0.650964562,0.535155047,0.135207418,0.652034976,True
3.978000000,0.534181154,0.135608080,0.650964562,0.535185784,0.135210885,0.651912503,True
3.980000000,0.534181154,0.135608080,0.650964562,0.535216422,0.135214301,0.651790762,True
3.982000000,0.534181154,0.135608080,0.650964562,0.535246858,0.135217641,0.651670094,True
3.984000000,0.534181154,0.135608080,0.650964562,0.535277011,0.135220893,0.651550766,True
3.986000000,0.534181154,0.135608080,0.650964562,0.535306816,0.135224046,0.651432985,True
3.988000000,0.534181154,0.135608080,0.650964562,0.535336220,0.135227100,0.651316908,True
3.990000000,0.534276150,0.135746488,0.649373393,0.535365908,0.135230279,0.651197331,True
3.992000000,0.534276150,0.135746488,0.649373393,0.535395969,0.135233595,0.651075720,True
3.994000000,0.534276150,0.135746488,0.649373393,0.535426318,0.135236997,0.650953090,True
3.996000000,0.534276150,0.135746488,0.649373393,0.535456822,0.135240431,0.650830186,True
3.998000000,0.534276150,0.135746488,0.649373393,0.535487347,0.135243848,0.650707574,True
4.000000000,0.534276150,0.135746488,0.649373393,0.535517773,0.135247214,0.650585694,True
4.002000000,0.534276150,0.135746488,0.649373393,0.535547999,0.135250505,0.650464890,True
4.004000000,0.534276150,0.135746488,0.649373393,0.535577944,0.135253708,0.650345427,True
4.006000000,0.534276150,0.135746488,0.649373393,0.535607542,0.135256814,0.650227513,True
4.008000000,0.534276150,0.135746488,0.649373393,0.535636742,0.135259820,0.650111306,True
4.010000000,0.534371146,0.135884895,0.647782224,0.535666223,0.135262951,0.649991596,True
4.012000000,0.534371146,0.135884895,0.647782224,0.535696073,0.135266218,0.649869849,True
4.014000000,0.534371146,0.135884895,0.647782224,0.535726209,0.135269570,0.649747081,True
4.016000000,0.534371146,0.135884895,0.647782224,0.535756500,0.135272954,0.649624039,True
4.018000000,0.534371146,0.135884895,0.647782224,0.535786811,0.135276321,0.649501289,True
4.020000000,0.534371146,0.135884895,0.647782224,0.535817024,0.135279637,0.649379272,True
4.022000000,0.534371146,0.135884895,0.647782224,0.535847039,0.135282880,0.649258331,True
4.024000000,0.534371146,0.135884895,0.647782224,0.535876774,0.135286034,0.649138734,True
4.026000000,0.534371146,0.135884895,0.647782224,0.535906166,0.135289092,0.649020689,True
4.028000000,0.534371146,0.135884895,0.647782224,0.535935162,0.135292051,0.648904353,True
4.030000000,0.534466142,0.136023303,0.646191055,0.535964434,0.135295133,0.648784510,True
4.032000000,0.534466142,0.136023303,0.646191055,0.535994072,0.135298350,0.648662628,True
4.034000000,0.534466142,0.136023303,0.646191055,0.536023995,0.135301653,0.648539724,True
4.036000000,0.534466142,0.136023303,0.646191055,0.536054071,0.135304987,0.648416543,True
4.038000000,0.534466142,0.136023303,0.646191055,0.536084168,0.135308304,0.648293656,True
4.040000000,0.534466142,0.136023303,0.646191055,0.536114167,0.135311570,0.648171503,True
4.042000000,0.534466142,0.136023303,0.646191055,0.536143970,0.135314763,0.648050427,True
4.044000000,0.534466142,0.136023303,0.646191055,0.536173496,0.135317869,0.647930698,True
4.046000000,0.534466142,0.136023303,0.646191055,0.536202680,0.135320878,0.647812521,True
4.048000000,0.534466142,0.136023303,0.646191055,0.536231471,0.135323790,0.647696056,True
4.050000000,0.534561138,0.136161710,0.644599886,0.536260533,0.135326824,0.647576082,True
4.052000000,0.534561138,0.136161710,0.644599886,0.536289959,0.135329992,0.647454066,True
4.054000000,0.534561138,0.136161710,0.644599886,0.536319667,0.135333245,0.647331026,True
4.056000000,0.534561138,0.136161710,0.644599886,0.536349528,0.135336528,0.647207709,True
4.058000000,0.534561138,0.136161710,0.644599886,0.536379410,0.135339795,0.647084685,True
4.060000000,0.534561138,0.136161710,0.644599886,0.536409195,0.135343012,0.646962397,True
4.062000000,0.534561138,0.136161710,0.644599886,0.536438785,0.135346155,0.646841187,True
4.064000000,0.534561138,0.136161710,0.644599886,0.536468100,0.135349211,0.646721325,True
4.066000000,0.534561138,0.136161710,0.644599886,0.536497075,0.135352173,0.646603018,True
4.068000000,0.534561138,0.136161710,0.644599886,0.536525661,0.135355037,0.646486426,True
4.070000000,0.534656134,0.136300118,0.643008717,0.536554513,0.135358023,0.646366321,True
4.072000000,0.534656134,0.136300118,0.643008717,0.536583725,0.135361141,0.646244172,True
4.074000000,0.534656134,0.136300118,0.643008717,0.536613218,0.135364344,0.646120997,True
4.076000000,0.534656134,0.136300118,0.643008717,0.536642864,0.135367576,0.645997544,True
4.078000000,0.534656134,0.136300118,0.643008717,0.536672529,0.135370793,0.645874385,True
4.080000000,0.534656134,0.136300118,0.643008717,0.536702099,0.135373960,0.645751962,True
4.082000000,0.534656134,0.136300118,0.643008717,0.536731476,0.135377054,0.645630619,True
4.084000000,0.534656134,0.136300118,0.643008717,0.536760579,0.135380061,0.645510626,True
4.086000000,0.534656134,0.136300118,0.643008717,0.536789345,0.135382974,0.645392190,True
4.088000000,0.534656134,0.136300118,0.643008717,0.536817724,0.135385791,0.645275471,True
4.090000000,0.534751130,0.136438525,0.641417548,0.536846366,0.135388728,0.645155236,True
4.092000000,0.534751130,0.136438525,0.641417548,0.536875364,0.135391796,0.645032955,True
4.094000000,0.534751130,0.136438525,0.641417548,0.536904641,0.135394949,0.644909646,True
4.096000000,0.534751130,0.136438525,0.641417548,0.536934069,0.135398131,0.644786059,True
4.098000000,0.534751130,0.136438525,0.641417548,0.536963518,0.135401298,0.644662765,True
4.100000000,0.534751130,0.136438525,0.641417548,0.536992872,0.135404414,0.644540208,True
4.102000000,0.534751130,0.136438525,0.641417548,0.537022034,0.135407459,0.644418733,True
4.104000000,0.534751130,0.136438525,0.641417548,0.537050925,0.135410417,0.644298609,True
4.106000000,0.534751130,0.136438525,0.641417548,0.537079481,0.135413281,0.644180045,True
4.108000000,0.534751130,0.136438525,0.641417548,0.537107653,0.135416050,0.644063200,True
4.110000000,0.534846126,0.136576933,0.639826378,0.537136083,0.135418938,0.643942837,True
4.112000000,0.534846126,0.136576933,0.639826378,0.537164867,0.135421957,0.643820424,True
4.114000000,0.534846126,0.136576933,0.639826378,0.537193927,0.135425059,0.643696982,True
4.116000000,0.534846126,0.136576933,0.639826378,0.537223137,0.135428191,0.643573261,True
4.118000000,0.534846126,0.136576933,0.639826378,0.537252369,0.135431307,0.643449833,True
4.120000000,0.534846126,0.136576933,0.639826378,0.537281506,0.135434373,0.643327143,True
4.122000000,0.534846126,0.136576933,0.639826378,0.537310453,0.135437368,0.643205537,True
4.124000000,0.534846126,0.136576933,0.639826378,0.537339131,0.135440277,0.643085284,True
4.126000000,0.534846126,0.136576933,0.639826378,0.537367477,0.135443093,0.642966592,True
4.128000000,0.534846126,0.136576933,0.639826378,0.537395440,0.135445814,0.642849622,True
4.130000000,0.534941122,0.136715340,0.638235209,0.537423658,0.135448653,0.642729131,True
4.132000000,0.534941122,0.136715340,0.638235209,0.537452226,0.135451622,0.642606588,True
4.134000000,0.534941122,0.136715340,0.638235209,0.537481069,0.135454674,0.642483013,True
4.136000000,0.534941122,0.136715340,0.638235209,0.537510061,0.135457755,0.642359159,True
4.138000000,0.534941122,0.136715340,0.638235209,0.537539074,0.135460820,0.642235599,True
4.140000000,0.534941122,0.136715340,0.638235209,0.537567994,0.135463836,0.642112777,True
4.142000000,0.534941122,0.136715340,0.638235209,0.537596725,0.135466781,0.641991041,True
4.144000000,0.534941122,0.136715340,0.638235209,0.537625189,0.135469640,0.641870659,True
4.146000000,0.534941122,0.136715340,0.638235209,0.537653323,0.135472408,0.641751841,True
4.148000000,0.534941122,0.136715340,0.638235209,0.537681078,0.135475081,0.641634746,True
4.150000000,0.535036118,0.136853747,0.636644040,0.537709083,0.135477871,0.641514129,True
4.152000000,0.535036118,0.136853747,0.636644040,0.537737434,0.135480789,0.641391456,True
4.154000000,0.535036118,0.136853747,0.636644040,0.537766058,0.135483791,0.641267750,True
4.156000000,0.535036118,0.136853747,0.636644040,0.537794831,0.135486821,0.641143764,True
4.158000000,0.535036118,0.136853747,0.636644040,0.537823625,0.135489836,0.641020072,True
4.160000000,0.535036118,0.136853747,0.636644040,0.537852327,0.135492802,0.640897119,True
4.162000000,0.535036118,0.136853747,0.636644040,0.537880841,0.135495696,0.640775253,True
4.164000000,0.535036118,0.136853747,0.636644040,0.537909091,0.135498506,0.640654744,True
4.166000000,0.535036118,0.136853747,0.636644040,0.537937012,0.135501225,0.640535800,True
4.168000000,0.535036118,0.136853747,0.636644040,0.537964558,0.135503850,0.640418582,True
4.170000000,0.535131114,0.136992155,0.635052871,0.537992349,0.135506591,0.640297839,True
4.172000000,0.535131114,0.136992155,0.635052871,0.538020483,0.135509459,0.640175037,True
4.174000000,0.535131114,0.136992155,0.635052871,0.538048888,0.135512410,0.640051201,True
4.176000000,0.535131114,0.136992155,0.635052871,0.538077441,0.135515390,0.639927084,True
4.178000000,0.535131114,0.136992155,0.635052871,0.538106016,0.135518354,0.639803261,True
4.180000000,0.535131114,0.136992155,0.635052871,0.538134499,0.135521269,0.639680178,True
4.182000000,0.535131114,0.136992155,0.635052871,0.538162795,0.135524113,0.639558183,True
4.184000000,0.535131114,0.136992155,0.635052871,0.538190829,0.135526874,0.639437547,True
4.186000000,0.535131114,0.136992155,0.635052871,0.538218538,0.135529544,0.639318479,True
4.188000000,0.535131114,0.136992155,0.635052871,0.538245874,0.135532120,0.639201139,True
4.190000000,0.535226110,0.137130562,0.633461702,0.538273450,0.135534812,0.639080270,True
4.192000000,0.535226110,0.137130562,0.633461702,0.538301366,0.135537630,0.638957341,True
4.194000000,0.535226110,0.137130562,0.633461702,0.538329552,0.135540530,0.638833375,True
4.196000000,0.535226110,0.137130562,0.633461702,0.538357884,0.135543459,0.638709128,True
4.198000000,0.535226110,0.137130562,0.633461702,0.538386237,0.135546372,0.638585175,True
4.200000000,0.535226110,0.137130562,0.633461702,0.538414500,0.135549236,0.638461963,True
4.202000000,0.535226110,0.137130562,0.633461702,0.538442579,0.135552030,0.638339841,True
4.204000000,0.535226110,0.137130562,0.633461702,0.538470397,0.135554741,0.638219079,True
4.206000000,0.535226110,0.137130562,0.633461702,0.538497892,0.135557362,0.638099887,True
4.208000000,0.535226110,0.137130562,0.633461702,0.538525017,0.135559891,0.637982425,True
4.210000000,0.535321106,0.137268970,0.631870533,0.538552378,0.135562533,0.637861432,True
4.212000000,0.535321106,0.137268970,0.631870533,0.538580075,0.135565301,0.637738376,True
4.214000000,0.535321106,0.137268970,0.631870533,0.538608040,0.135568150,0.637614282,True
4.216000000,0.535321106,0.137268970,0.631870533,0.538636151,0.135571028,0.637489906,True
4.218000000,0.535321106,0.137268970,0.631870533,0.538664283,0.135573889,0.637365824,True
4.220000000,0.535321106,0.137268970,0.631870533,0.538692325,0.135576703,0.637242484,True
4.222000000,0.535321106,0.137268970,0.631870533,0.538720185,0.135579447,0.637120235,True
4.224000000,0.535321106,0.137268970,0.631870533,0.538747786,0.135582108,0.636999348,True
4.226000000,0.535321106,0.137268970,0.631870533,0.538775067,0.135584680,0.636880033,True
4.228000000,0.535321106,0.137268970,0.631870533,0.538801980,0.135587160,0.636762451,True
4.230000000,0.535416102,0.137407377,0.630279364,0.538829125,0.135589753,0.636641335,True
4.232000000,0.535416102,0.137407377,0.630279364,0.538856603,0.135592470,0.636518153,True
4.234000000,0.535416102,0.137407377,0.630279364,0.538884346,0.135595269,0.636393931,True
4.236000000,0.535416102,0.137407377,0.630279364,0.538912235,0.135598095,0.636269427,True
4.238000000,0.535416102,0.137407377,0.630279364,0.538940145,0.135600906,0.636145217,True
4.240000000,0.535416102,0.137407377,0.630279364,0.538967966,0.135603668,0.636021750,True
4.242000000,0.535416102,0.137407377,0.630279364,0.538995606,0.135606362,0.635899375,True
4.244000000,0.535416102,0.137407377,0.630279364,0.539022989,0.135608973,0.635778364,True
4.246000000,0.535416102,0.137407377,0.630279364,0.539050055,0.135611495,0.635658927,True
4.248000000,0.535416102,0.137407377,0.630279364,0.539076755,0.135613927,0.635541225,True
4.250000000,0.535511098,0.137545785,0.628688195,0.539103684,0.135616470,0.635419987,True
4.252000000,0.535511098,0.137545785,0.628688195,0.539130942,0.135619137,0.635296680,True
4.254000000,0.535511098,0.137545785,0.628688195,0.539158463,0.135621885,0.635172332,True
4.256000000,0.535511098,0.137545785,0.628688195,0.539186128,0.135624660,0.635047700,True
4.258000000,0.535511098,0.137545785,0.628688195,0.539213815,0.135627419,0.634923363,True
4.260000000,0.535511098,0.137545785,0.628688195,0.539241415,0.135630131,0.634799770,True
4.262000000,0.535511098,0.137545785,0.628688195,0.539268834,0.135632774,0.634677270,True
4.264000000,0.535511098,0.137545785,0.628688195,0.539295999,0.135635335,0.634556136,True
4.266000000,0.535511098,0.137545785,0.628688195,0.539322849,0.135637808,0.634436578,True
4.268000000,0.535511098,0.137545785,0.628688195,0.539349336,0.135640191,0.634318758,True
4.270000000,0.535606093,0.137684192,0.627097026,0.539376047,0.135642685,0.634197398,True
4.272000000,0.535606093,0.137684192,0.627097026,0.539403084,0.135645301,0.634073967,True
4.274000000,0.535606093,0.137684192,0.627097026,0.539430383,0.135647997,0.633949493,True
4.276000000,0.535606093,0.137684192,0.627097026,0.539457824,0.135650721,0.633824735,True
4.278000000,0.535606093,0.137684192,0.627097026,0.539485288,0.135653429,0.633700272,True
4.280000000,0.535606093,0.137684192,0.627097026,0.539512664,0.135656090,0.633576553,True
4.282000000,0.535606093,0.137684192,0.627097026,0.539539862,0.135658682,0.633453930,True
4.284000000,0.535606093,0.137684192,0.627097026,0.539566808,0.135661193,0.633332674,True
4.286000000,0.535606093,0.137684192,0.627097026,0.539593441,0.135663617,0.633212996,True
4.288000000,0.535606093,0.137684192,0.627097026,0.539619715,0.135665951,0.633095057,True
4.290000000,0.535701089,0.137822600,0.625505856,0.539646207,0.135668395,0.632973577,True
4.292000000,0.535701089,0.137822600,0.625505856,0.539673023,0.135670961,0.632850024,True
4.294000000,0.535701089,0.137822600,0.625505856,0.539700098,0.135673605,0.632725425,True
4.296000000,0.535701089,0.137822600,0.625505856,0.539727315,0.135676278,0.632600541,True
4.298000000,0.535701089,0.137822600,0.625505856,0.539754554,0.135678934,0.632475953,True
4.300000000,0.535701089,0.137822600,0.625505856,0.539781707,0.135681543,0.632352110,True
4.302000000,0.535701089,0.137822600,0.625505856,0.539808683,0.135684085,0.632229364,True
4.304000000,0.535701089,0.137822600,0.625505856,0.539835409,0.135686546,0.632107986,True
4.306000000,0.535701089,0.137822600,0.625505856,0.539861825,0.135688920,0.631988189,True
4.308000000,0.535701089,0.137822600,0.625505856,0.539887884,0.135691206,0.631870134,True
4.310000000,0.535796085,0.137961007,0.623914687,0.539914158,0.135693600,0.631748534,True
4.312000000,0.535796085,0.137961007,0.623914687,0.539940751,0.135696115,0.631624859,True
4.314000000,0.535796085,0.137961007,0.623914687,0.539967601,0.135698708,0.631500137,True
4.316000000,0.535796085,0.137961007,0.623914687,0.539994593,0.135701329,0.631375129,True
4.318000000,0.535796085,0.137961007,0.623914687,0.540021607,0.135703933,0.631250416,True
4.320000000,0.535796085,0.137961007,0.623914687,0.540048536,0.135706492,0.631126450,True
4.322000000,0.535796085,0.137961007,0.623914687,0.540075289,0.135708982,0.631003581,True
4.324000000,0.535796085,0.137961007,0.623914687,0.540101795,0.135711393,0.630882084,True
4.326000000,0.535796085,0.137961007,0.623914687,0.540127992,0.135713717,0.630762169,True
4.328000000,0.535796085,0.137961007,0.623914687,0.540153837,0.135715954,0.630643997,True
4.330000000,0.535891081,0.138099414,0.622323518,0.540179890,0.135718298,0.630522279,True
4.332000000,0.535891081,0.138099414,0.622323518,0.540206261,0.135720762,0.630398483,True
4.334000000,0.535891081,0.138099414,0.622323518,0.540232886,0.135723304,0.630273638,True
4.336000000,0.535891081,0.138099414,0.622323518,0.540259652,0.135725873,0.630148506,True
4.338000000,0.535891081,0.138099414,0.622323518,0.540286440,0.135728426,0.630023670,True
4.340000000,0.535891081,0.138099414,0.622323518,0.540313143,0.135730933,0.629899582,True
4.342000000,0.535891081,0.138099414,0.622323518,0.540339674,0.135733372,0.629776592,True
4.344000000,0.535891081,0.138099414,0.622323518,0.540365958,0.135735733,0.629654976,True
4.346000000,0.535891081,0.138099414,0.622323518,0.540391937,0.135738008,0.629534943,True
4.348000000,0.535891081,0.138099414,0.622323518,0.540417565,0.135740196,0.629416657,True
4.350000000,0.535986077,0.138237822,0.620732349,0.540443398,0.135742489,0.629294821,True
4.352000000,0.535986077,0.138237822,0.620732349,0.540469545,0.135744902,0.629170904,True
4.354000000,0.535986077,0.138237822,0.620732349,0.540495944,0.135747393,0.629045938,True
4.356000000,0.535986077,0.138237822,0.620732349,0.540522483,0.135749910,0.628920684,True
4.358000000,0.535986077,0.138237822,0.620732349,0.540549044,0.135752411,0.628795726,True
4.360000000,0.535986077,0.138237822,0.620732349,0.540575523,0.135754866,0.628671516,True
4.362000000,0.535986077,0.138237822,0.620732349,0.540601829,0.135757255,0.628548406,True
4.364000000,0.535986077,0.138237822,0.620732349,0.540627891,0.135759565,0.628426671,True
4.366000000,0.535986077,0.138237822,0.620732349,0.540653650,0.135761790,0.628306523,True
4.368000000,0.535986077,0.138237822,0.620732349,0.540679062,0.135763929,0.628188122,True
4.370000000,0.536081073,0.138376229,0.619141180,0.540704674,0.135766172,0.628066170,True
4.372000000,0.536081073,0.138376229,0.619141180,0.540730596,0.135768534,0.627942134,True
4.374000000,0.536081073,0.138376229,0.619141180,0.540756769,0.135770973,0.627817046,True
4.376000000,0.536081073,0.138376229,0.619141180,0.540783081,0.135773438,0.627691671,True
4.378000000,0.536081073,0.138376229,0.619141180,0.540809414,0.135775887,0.627566592,True
4.380000000,0.536081073,0.138376229,0.619141180,0.540835666,0.135778291,0.627442261,True
4.382000000,0.536081073,0.138376229,0.619141180,0.540861747,0.135780628,0.627319033,True
4.384000000,0.536081073,0.138376229,0.619141180,0.540887586,0.135782888,0.627197180,True
4.386000000,0.536081073,0.138376229,0.619141180,0.540913126,0.135785063,0.627076916,True
4.388000000,0.536081073,0.138376229,0.619141180,0.540938320,0.135787152,0.626958403,True
4.390000000,0.536176069,0.138514637,0.617550011,0.540963711,0.135789346,0.626836335,True
4.392000000,0.536176069,0.138514637,0.617550011,0.540989408,0.135791657,0.626712181,True
4.394000000,0.536176069,0.138514637,0.617550011,0.541015353,0.135794043,0.626586973,True
4.396000000,0.536176069,0.138514637,0.617550011,0.541041437,0.135796456,0.626461478,True
4.398000000,0.536176069,0.138514637,0.617550011,0.541067542,0.135798854,0.626336278,True
4.400000000,0.536176069,0.138514637,0.617550011,0.541093567,0.135801206,0.626211828,True
4.402000000,0.536176069,0.138514637,0.617550011,0.541119422,0.135803492,0.626088482,True
4.404000000,0.536176069,0.138514637,0.617550011,0.541145038,0.135805701,0.625966513,True
4.406000000,0.536176069,0.138514637,0.617550011,0.541170357,0.135807826,0.625846135,True
4.408000000,0.536176069,0.138514637,0.617550011,0.541195333,0.135809866,0.625727509,True
4.410000000,0.536271065,0.138653044,0.615958842,0.541220501,0.135812009,0.625605326,True
4.412000000,0.536271065,0.138653044,0.615958842,0.541245972,0.135814269,0.625481055,True
4.414000000,0.536271065,0.138653044,0.615958842,0.541271690,0.135816604,0.625355729,True
4.416000000,0.536271065,0.138653044,0.615958842,0.541297544,0.135818964,0.625230114,True
4.418000000,0.536271065,0.138653044,0.615958842,0.541323421,0.135821310,0.625104795,True
4.420000000,0.536271065,0.138653044,0.615958842,0.541349218,0.135823610,0.624980226,True
4.422000000,0.536271065,0.138653044,0.615958842,0.541374847,0.135825845,0.624856763,True
4.424000000,0.536271065,0.138653044,0.615958842,0.541400239,0.135828002,0.624734679,True
4.426000000,0.536271065,0.138653044,0.615958842,0.541425335,0.135830078,0.624614187,True
4.428000000,0.536271065,0.138653044,0.615958842,0.541450093,0.135832069,0.624495450,True
4.430000000,0.536366061,0.138791452,0.614367673,0.541475038,0.135834161,0.624373153,True
4.432000000,0.536366061,0.138791452,0.614367673,0.541500283,0.135836369,0.624248766,True
4.434000000,0.536366061,0.138791452,0.614367673,0.541525771,0.135838652,0.624123322,True
4.436000000,0.536366061,0.138791452,0.614367673,0.541551396,0.135840961,0.623997588,True
4.438000000,0.536366061,0.138791452,0.614367673,0.541577043,0.135843254,0.623872151,True
4.440000000,0.536366061,0.138791452,0.614367673,0.541602611,0.135845502,0.623747466,True
4.442000000,0.536366061,0.138791452,0.614367673,0.541628014,0.135847686,0.623623886,True
4.444000000,0.536366061,0.138791452,0.614367673,0.541653181,0.135849793,0.623501687,True
4.446000000,0.536366061,0.138791452,0.614367673,0.541678055,0.135851817,0.623381083,True
4.448000000,0.536366061,0.138791452,0.614367673,0.541702594,0.135853759,0.623262236,True
4.450000000,0.536461057,0.138929859,0.612776504,0.541727315,0.135855801,0.623139826,True
4.452000000,0.536461057,0.138929859,0.612776504,0.541752332,0.135857958,0.623015324,True
4.454000000,0.536461057,0.138929859,0.612776504,0.541777591,0.135860189,0.622889763,True
4.456000000,0.536461057,0.138929859,0.612776504,0.541802985,0.135862445,0.622763912,True
4.458000000,0.536461057,0.138929859,0.612776504,0.541828403,0.135864686,0.622638358,True
4.460000000,0.536461057,0.138929859,0.612776504,0.541853741,0.135866882,0.622513556,True
4.462000000,0.536461057,0.138929859,0.612776504,0.541878916,0.135869014,0.622389861,True
4.464000000,0.536461057,0.138929859,0.612776504,0.541903857,0.135871070,0.622267549,True
4.466000000,0.536461057,0.138929859,0.612776504,0.541928509,0.135873044,0.622146833,True
4.468000000,0.536461057,0.138929859,0.612776504,0.541952828,0.135874937,0.622027876,True
4.470000000,0.536556053,0.139068267,0.611185334,0.541977324,0.135876928,0.621905355,True
4.472000000,0.536556053,0.139068267,0.611185334,0.542002113,0.135879033,0.621780739,True
4.474000000,0.536556053,0.139068267,0.611185334,0.542027142,0.135881212,0.621655062,True
4.476000000,0.536556053,0.139068267,0.611185334,0.542052305,0.135883415,0.621529095,True
4.478000000,0.536556053,0.139068267,0.611185334,0.542077492,0.135885604,0.621403424,True
4.480000000,0.536556053,0.139068267,0.611185334,0.542102600,0.135887748,0.621278506,True
4.482000000,0.536556053,0.139068267,0.611185334,0.542127546,0.135889828,0.621154697,True
4.484000000,0.536556053,0.139068267,0.611185334,0.542152261,0.135891833,0.621032273,True
4.486000000,0.536556053,0.139068267,0.611185334,0.542176690,0.135893757,0.620911447,True
4.488000000,0.536556053,0.139068267,0.611185334,0.542200788,0.135895600,0.620792382,True
4.490000000,0.536651049,0.139206674,0.609594165,0.542225059,0.135897540,0.620669750,True
4.492000000,0.536651049,0.139206674,0.609594165,0.542249619,0.135899594,0.620545020,True
4.494000000,0.536651049,0.139206674,0.609594165,0.542274417,0.135901720,0.620419229,True
4.496000000,0.536651049,0.139206674,0.609594165,0.542299349,0.135903872,0.620293146,True
4.498000000,0.536651049,0.139206674,0.609594165,0.542324303,0.135906008,0.620167360,True
4.500000000,0.536651049,0.139206674,0.609594165,0.542349181,0.135908100,0.620042328,True
4.502000000,0.536651049,0.139206674,0.609594165,0.542373898,0.135910128,0.619918406,True
4.504000000,0.536651049,0.139206674,0.609594165,0.542398386,0.135912082,0.619795870,True
4.506000000,0.536651049,0.139206674,0.609594165,0.542422590,0.135913956,0.619674935,True
4.508000000,0.536651049,0.139206674,0.609594165,0.542446467,0.135915748,0.619555762,True
4.510000000,0.536746045,0.139345081,0.608002996,0.542470512,0.135917638,0.619433021,True
4.512000000,0.536746045,0.139345081,0.608002996,0.542494843,0.135919640,0.619308179,True
4.514000000,0.536746045,0.139345081,0.608002996,0.542519410,0.135921714,0.619182273,True
4.516000000,0.536746045,0.139345081,0.608002996,0.542544109,0.135923813,0.619056076,True
4.518000000,0.536746045,0.139345081,0.608002996,0.542568831,0.135925896,0.618930176,True
4.520000000,0.536746045,0.139345081,0.608002996,0.542593477,0.135927936,0.618805030,True
4.522000000,0.536746045,0.139345081,0.608002996,0.542617965,0.135929912,0.618680996,True
4.524000000,0.536746045,0.139345081,0.608002996,0.542642225,0.135931815,0.618558350,True
4.526000000,0.536746045,0.139345081,0.608002996,0.542666204,0.135933638,0.618437306,True
4.528000000,0.536746045,0.139345081,0.608002996,0.542689859,0.135935381,0.618318027,True
4.530000000,0.536841041,0.139483489,0.606411827,0.542713677,0.135937220,0.618195177,True
4.532000000,0.536841041,0.139483489,0.606411827,0.542737778,0.135939170,0.618070224,True
4.534000000,0.536841041,0.139483489,0.606411827,0.542762113,0.135941191,0.617944206,True
4.536000000,0.536841041,0.139483489,0.606411827,0.542786579,0.135943237,0.617817895,True
4.538000000,0.536841041,0.139483489,0.606411827,0.542811068,0.135945268,0.617691882,True
4.540000000,0.536841041,0.139483489,0.606411827,0.542835482,0.135947255,0.617566624,True
4.542000000,0.536841041,0.139483489,0.606411827,0.542859739,0.135949180,0.617442478,True
4.544000000,0.536841041,0.139483489,0.606411827,0.542883771,0.135951031,0.617319723,True
4.546000000,0.536841041,0.139483489,0.606411827,0.542907525,0.135952804,0.617198571,True
4.548000000,0.536841041,0.139483489,0.606411827,0.542930957,0.135954497,0.617079187,True
4.550000000,0.536936037,0.139621896,0.604820658,0.542954548,0.135956285,0.616956229,True
4.552000000,0.536936037,0.139621896,0.604820658,0.542978418,0.135958183,0.616831165,True
4.554000000,0.536936037,0.139621896,0.604820658,0.543002519,0.135960152,0.616705036,True
4.556000000,0.536936037,0.139621896,0.604820658,0.543026752,0.135962145,0.616578613,True
4.558000000,0.536936037,0.139621896,0.604820658,0.543051007,0.135964123,0.616452487,True
4.560000000,0.536936037,0.139621896,0.604820658,0.543075188,0.135966058,0.616327118,True
4.562000000,0.536936037,0.139621896,0.604820658,0.543099214,0.135967931,0.616202863,True
4.564000000,0.536936037,0.139621896,0.604820658,0.543123017,0.135969730,0.616079999,True
4.566000000,0.536936037,0.139621896,0.604820658,0.543146544,0.135971452,0.615958740,True
4.568000000,0.536936037,0.139621896,0.604820658,0.543169753,0.135973096,0.615839252,True
4.570000000,0.537031033,0.139760304,0.603229489,0.543193117,0.135974832,0.615716187,True
4.572000000,0.537031033,0.139760304,0.603229489,0.543216755,0.135976678,0.615591014,True
4.574000000,0.537031033,0.139760304,0.603229489,0.543240623,0.135978595,0.615464774,True
4.576000000,0.537031033,0.139760304,0.603229489,0.543264621,0.135980535,0.615338239,True
4.578000000,0.537031033,0.139760304,0.603229489,0.543288642,0.135982460,0.615212003,True
4.580000000,0.537031033,0.139760304,0.603229489,0.543312590,0.135984342,0.615086523,True
4.582000000,0.537031033,0.139760304,0.603229489,0.543336384,0.135986163,0.614962159,True
4.584000000,0.537031033,0.139760304,0.603229489,0.543359957,0.135987911,0.614839188,True
4.586000000,0.537031033,0.139760304,0.603229489,0.543383257,0.135989582,0.614717824,True
4.588000000,0.537031033,0.139760304,0.603229489,0.543406242,0.135991175,0.614598231,True
4.590000000,0.537126029,0.139898711,0.601638320,0.543429377,0.135992861,0.614475061,True
4.592000000,0.537126029,0.139898711,0.601638320,0.543452784,0.135994655,0.614349780,True
4.594000000,0.537126029,0.139898711,0.601638320,0.543476417,0.135996518,0.614223430,True
4.596000000,0.537126029,0.139898711,0.601638320,0.543500179,0.135998406,0.614096786,True
4.598000000,0.537126029,0.139898711,0.601638320,0.543523965,0.136000278,0.613970439,True
4.600000000,0.537126029,0.139898711,0.601638320,0.543547679,0.136002108,0.613844850,True
4.602000000,0.537126029,0.139898711,0.601638320,0.543571241,0.136003876,0.613720377,True
4.604000000,0.537126029,0.139898711,0.601638320,0.543594584,0.136005573,0.613597300,True
4.606000000,0.537126029,0.139898711,0.601638320,0.543617656,0.136007193,0.613475832,True
4.608000000,0.537126029,0.139898711,0.601638320,0.543640416,0.136008736,0.613356137,True
4.610000000,0.537221025,0.140037119,0.600047151,0.543610710,0.136007176,0.613167777,True
4.612000000,0.537221025,0.140037119,0.600047151,0.543592125,0.136017942,0.612975154,True
4.614000000,0.537221025,0.140037119,0.600047151,0.543543496,0.136028909,0.612743538,True
4.616000000,0.537221025,0.140037119,0.600047151,0.543513662,0.136050904,0.612520858,True
4.618000000,0.537221025,0.140037119,0.600047151,0.543481002,0.136076926,0.612291002,True
4.620000000,0.537221025,0.140037119,0.600047151,0.543448150,0.136106413,0.612057813,True
4.622000000,0.537221025,0.140037119,0.600047151,0.543415864,0.136138571,0.611823423,True
4.624000000,0.537221025,0.140037119,0.600047151,0.543384336,0.136172669,0.611589224,True
4.626000000,0.537221025,0.140037119,0.600047151,0.543353586,0.136208105,0.611356212,True
4.628000000,0.537221025,0.140037119,0.600047151,0.543323577,0.136244398,0.611125129,True
4.630000000,0.537316021,0.140175526,0.598455982,0.543333425,0.136282177,0.610940391,True
4.632000000,0.537316021,0.140175526,0.598455982,0.543351181,0.136313768,0.610771850,True
4.634000000,0.537316021,0.140175526,0.598455982,0.543372594,0.136339227,0.610614053,True
4.636000000,0.537316021,0.140175526,0.598455982,0.543395560,0.136359265,0.610464147,True
4.638000000,0.537316021,0.140175526,0.598455982,0.543419097,0.136374769,0.610320548,True
4.640000000,0.537316021,0.140175526,0.598455982,0.543442744,0.136386583,0.610182286,True
4.642000000,0.537316021,0.140175526,0.598455982,0.543466273,0.136395437,0.610048703,True
4.644000000,0.537316021,0.140175526,0.598455982,0.543489563,0.136401934,0.609919316,True
4.646000000,0.537316021,0.140175526,0.598455982,0.543512543,0.136406564,0.609793754,True
4.648000000,0.537316021,0.140175526,0.598455982,0.543535169,0.136409718,0.609671717,True
4.650000000,0.537411017,0.140313934,0.596864812,0.543557653,0.136412488,0.609546435,True
4.652000000,0.537411017,0.140313934,0.596864812,0.543580258,0.136415031,0.609419395,True
4.654000000,0.537411017,0.140313934,0.596864812,0.543603010,0.136417398,0.609291606,True
4.656000000,0.537411017,0.140313934,0.596864812,0.543625846,0.136419604,0.609163797,True
4.658000000,0.537411017,0.140313934,0.596864812,0.543648680,0.136421654,0.609036514,True
4.660000000,0.537411017,0.140313934,0.596864812,0.543671427,0.136423555,0.608910178,True
4.662000000,0.537411017,0.140313934,0.596864812,0.543694015,0.136425312,0.608785111,True
4.664000000,0.537411017,0.140313934,0.596864812,0.543716382,0.136426934,0.608661564,True
4.666000000,0.537411017,0.140313934,0.596864812,0.543738481,0.136428433,0.608539728,True
4.668000000,0.537411017,0.140313934,0.596864812,0.543760273,0.136429819,0.608419747,True
4.670000000,0.537506013,0.140452341,0.595273643,0.543730111,0.136428206,0.608232263,True
4.672000000,0.537506013,0.140452341,0.595273643,0.543711548,0.136438979,0.608040469,True
4.674000000,0.537506013,0.140452341,0.595273643,0.543662736,0.136449808,0.607809941,True
4.676000000,0.537506013,0.140452341,0.595273643,0.543632942,0.136471661,0.607588057,True
4.678000000,0.537506013,0.140452341,0.595273643,0.543600664,0.136497571,0.607359315,True
4.680000000,0.537506013,0.140452341,0.595273643,0.543568274,0.136526922,0.607127322,True
4.682000000,0.537506013,0.140452341,0.595273643,0.543536451,0.136558908,0.606894134,True
4.684000000,0.537506013,0.140452341,0.595273643,0.543505365,0.136592804,0.606661122,True
4.686000000,0.537506013,0.140452341,0.595273643,0.543475029,0.136628012,0.606429274,True
4.688000000,0.537506013,0.140452341,0.595273643,0.543445410,0.136664057,0.606199334,True
4.690000000,0.537601009,0.140590748,0.593682474,0.543455125,0.136701468,0.606014858,True
4.692000000,0.537601009,0.140590748,0.593682474,0.543472056,0.136732569,0.605846044,True
4.694000000,0.537601009,0.140590748,0.593682474,0.543492419,0.136757546,0.605687834,True
4.696000000,0.537601009,0.140590748,0.593682474,0.543514270,0.136777146,0.605537512,True
4.698000000,0.537601009,0.140590748,0.593682474,0.543536683,0.136792261,0.605393535,True
4.700000000,0.537601009,0.140590748,0.593682474,0.543559219,0.136803730,0.605254941,True
4.702000000,0.537601009,0.140590748,0.593682474,0.543581655,0.136812278,0.605121069,True
4.704000000,0.537601009,0.140590748,0.593682474,0.543603875,0.136818500,0.604991432,True
4.706000000,0.537601009,0.140590748,0.593682474,0.543625806,0.136822881,0.604865649,True
4.708000000,0.537601009,0.140590748,0.593682474,0.543647404,0.136825809,0.604743417,True
4.710000000,0.537696005,0.140729156,0.592091305,0.543668862,0.136828360,0.604617956,True
4.712000000,0.537696005,0.140729156,0.592091305,0.543690435,0.136830686,0.604490738,True
4.714000000,0.537696005,0.140729156,0.592091305,0.543712150,0.136832838,0.604362773,True
4.716000000,0.537696005,0.140729156,0.592091305,0.543733948,0.136834831,0.604234788,True
4.718000000,0.537696005,0.140729156,0.592091305,0.543755746,0.136836672,0.604107332,True
4.720000000,0.537696005,0.140729156,0.592091305,0.543777464,0.136838365,0.603980827,True
4.722000000,0.537696005,0.140729156,0.592091305,0.543799030,0.136839918,0.603855596,True
4.724000000,0.537696005,0.140729156,0.592091305,0.543820388,0.136841340,0.603731890,True
4.726000000,0.537696005,0.140729156,0.592091305,0.543841489,0.136842642,0.603609900,True
4.728000000,0.537696005,0.140729156,0.592091305,0.543862298,0.136843835,0.603489771,True
4.730000000,0.537791001,0.140867563,0.590500136,0.543883208,0.136845101,0.603366075,True
4.732000000,0.537791001,0.140867563,0.590500136,0.543904354,0.136846461,0.603240274,True
4.734000000,0.537791001,0.140867563,0.590500136,0.543925704,0.136847880,0.603113410,True
4.736000000,0.537791001,0.140867563,0.590500136,0.543947172,0.136849317,0.602986261,True
4.738000000,0.537791001,0.140867563,0.590500136,0.543968664,0.136850737,0.602859424,True
4.740000000,0.537791001,0.140867563,0.590500136,0.543990093,0.136852114,0.602733361,True
4.742000000,0.537791001,0.140867563,0.590500136,0.544011386,0.136853433,0.602608431,True
4.744000000,0.537791001,0.140867563,0.590500136,0.544032482,0.136854684,0.602484912,True
4.746000000,0.537791001,0.140867563,0.590500136,0.544053332,0.136855864,0.602363021,True
4.748000000,0.537791001,0.140867563,0.590500136,0.544073900,0.136856973,0.602242919,True
4.750000000,0.537885997,0.141005971,0.588908967,0.544042671,0.136855444,0.602055722,True
4.752000000,0.537885997,0.141005971,0.588908967,0.544023491,0.136866635,0.601863616,True
4.754000000,0.537885997,0.141005971,0.588908967,0.543973809,0.136877947,0.601632779,True
4.756000000,0.537885997,0.141005971,0.588908967,0.543943439,0.136900468,0.601410016,True
4.758000000,0.537885997,0.141005971,0.588908967,0.543910523,0.136927098,0.601180125,True
4.760000000,0.537885997,0.141005971,0.588908967,0.543877461,0.136957211,0.600946752,True
4.762000000,0.537885997,0.141005971,0.588908967,0.543844944,0.136989986,0.600712005,True
4.764000000,0.537885997,0.141005971,0.588908967,0.543813150,0.137024688,0.600477298,True
4.766000000,0.537885997,0.141005971,0.588908967,0.543782098,0.137060712,0.600243657,True
4.768000000,0.537885997,0.141005971,0.588908967,0.543751760,0.137097576,0.600011858,True
4.770000000,0.537980993,0.141144378,0.587317798,0.543760546,0.137135483,0.599825249,True
4.772000000,0.537980993,0.141144378,0.587317798,0.543776212,0.137166811,0.599654456,True
4.774000000,0.537980993,0.141144378,0.587317798,0.543795216,0.137191864,0.599494560,True
4.776000000,0.537980993,0.141144378,0.587317798,0.543815695,0.137211443,0.599342851,True
4.778000000,0.537980993,0.141144378,0.587317798,0.543836747,0.137226467,0.599197754,True
4.780000000,0.537980993,0.141144378,0.587317798,0.543857942,0.137237797,0.599058260,True
4.782000000,0.537980993,0.141144378,0.587317798,0.543879062,0.137246168,0.598923669,True
4.784000000,0.537980993,0.141144378,0.587317798,0.543899989,0.137252187,0.598793460,True
4.786000000,0.537980993,0.141144378,0.587317798,0.543920653,0.137256345,0.598667222,True
4.788000000,0.537980993,0.141144378,0.587317798,0.543941008,0.137259037,0.598544629,True
4.790000000,0.538075989,0.141282786,0.585726629,0.543961209,0.137261344,0.598418835,True
4.792000000,0.538075989,0.141282786,0.585726629,0.543981510,0.137263421,0.598291299,True
4.794000000,0.538075989,0.141282786,0.585726629,0.544001944,0.137265318,0.598163026,True
4.796000000,0.538075989,0.141282786,0.585726629,0.544022458,0.137267055,0.598034746,True
4.798000000,0.538075989,0.141282786,0.585726629,0.544042975,0.137268637,0.597907006,True
4.800000000,0.538075989,0.141282786,0.585726629,0.544063417,0.137270073,0.597780229,True
4.802000000,0.538075989,0.141282786,0.585726629,0.544083719,0.137271371,0.597654737,True
4.804000000,0.538075989,0.141282786,0.585726629,0.544103825,0.137272540,0.597530781,True
4.806000000,0.538075989,0.141282786,0.585726629,0.544123689,0.137273592,0.597408552,True
4.808000000,0.538075989,0.141282786,0.585726629,0.544143278,0.137274538,0.597288194,True
4.810000000,0.538170985,0.141421193,0.584135460,0.544128095,0.137277199,0.597117385,True
4.812000000,0.538170985,0.141421193,0.584135460,0.544099795,0.137286025,0.596919573,True
4.814000000,0.538170985,0.141421193,0.584135460,0.544067014,0.137301560,0.596706168,True
4.816000000,0.538170985,0.141421193,0.584135460,0.544033147,0.137322987,0.596483334,True
4.818000000,0.538170985,0.141421193,0.584135460,0.543999485,0.137349157,0.596254799,True
4.820000000,0.538170985,0.141421193,0.584135460,0.543966485,0.137378968,0.596023056,True
4.822000000,0.538170985,0.141421193,0.584135460,0.543934277,0.137411472,0.595789892,True
4.824000000,0.538170985,0.141421193,0.584135460,0.543902869,0.137445900,0.595556643,True
4.826000000,0.538170985,0.141421193,0.584135460,0.543872225,0.137481636,0.595324331,True
4.828000000,0.538170985,0.141421193,0.584135460,0.543842297,0.137518201,0.595093742,True
4.830000000,0.538265981,0.141559601,0.582544290,0.543850829,0.137555650,0.594907330,True
4.832000000,0.538265981,0.141559601,0.582544290,0.543865630,0.137586425,0.594736279,True
4.834000000,0.538265981,0.141559601,0.582544290,0.543883566,0.137610949,0.594576006,True
4.836000000,0.538265981,0.141559601,0.582544290,0.543902918,0.137630052,0.594423920,True
4.838000000,0.538265981,0.141559601,0.582544290,0.543922840,0.137644658,0.594278482,True
4.840000000,0.538265981,0.141559601,0.582544290,0.543942918,0.137655621,0.594138692,True
4.842000000,0.538265981,0.141559601,0.582544290,0.543962941,0.137663668,0.594003847,True
4.844000000,0.538265981,0.141559601,0.582544290,0.543982795,0.137669399,0.593873416,True
4.846000000,0.538265981,0.141559601,0.582544290,0.544002408,0.137673300,0.593746987,True
4.848000000,0.538265981,0.141559601,0.582544290,0.544021737,0.137675758,0.593624226,True
4.850000000,0.538360977,0.141698008,0.580953121,0.544040910,0.137677840,0.593498276,True
4.852000000,0.538360977,0.141698008,0.580953121,0.544060177,0.137679694,0.593370587,True
4.854000000,0.538360977,0.141698008,0.580953121,0.544079573,0.137681372,0.593242161,True
4.856000000,0.538360977,0.141698008,0.580953121,0.544099048,0.137682891,0.593113728,True
4.858000000,0.538360977,0.141698008,0.580953121,0.544118528,0.137684259,0.592985838,True
4.860000000,0.538360977,0.141698008,0.580953121,0.544137940,0.137685484,0.592858914,True
4.862000000,0.538360977,0.141698008,0.580953121,0.544157220,0.137686574,0.592733280,True
4.864000000,0.538360977,0.141698008,0.580953121,0.544176314,0.137687539,0.592609186,True
4.866000000,0.538360977,0.141698008,0.580953121,0.544195181,0.137688390,0.592486825,True
4.868000000,0.538360977,0.141698008,0.580953121,0.544213786,0.137689140,0.592366340,True
4.870000000,0.538455973,0.141836415,0.579361952,0.544232445,0.137689953,0.592242272,True
4.872000000,0.538455973,0.141836415,0.579361952,0.544251305,0.137690850,0.592116084,True
4.874000000,0.538455973,0.141836415,0.579361952,0.544270348,0.137691802,0.591988824,True
4.876000000,0.538455973,0.141836415,0.579361952,0.544289501,0.137692769,0.591861277,True
4.878000000,0.538455973,0.141836415,0.579361952,0.544308680,0.137693720,0.591734044,True
4.880000000,0.538455973,0.141836415,0.579361952,0.544327806,0.137694631,0.591607592,True
4.882000000,0.538455973,0.141836415,0.579361952,0.544346813,0.137695488,0.591482282,True
4.884000000,0.538455973,0.141836415,0.579361952,0.544365645,0.137696283,0.591358395,True
4.886000000,0.538455973,0.141836415,0.579361952,0.544384260,0.137697013,0.591236147,True
4.888000000,0.538455973,0.141836415,0.579361952,0.544402621,0.137697679,0.591115701,True
4.890000000,0.538550969,0.141974823,0.577770783,0.544387038,0.137700602,0.590945253,True
4.892000000,0.538550969,0.141974823,0.577770783,0.544358583,0.137709952,0.590747560,True
4.894000000,0.538550969,0.141974823,0.577770783,0.544325691,0.137726147,0.590533862,True
4.896000000,0.538550969,0.141974823,0.577770783,0.544291692,0.137748315,0.590310330,True
4.898000000,0.538550969,0.141974823,0.577770783,0.544257861,0.137775276,0.590080755,True
4.900000000,0.538550969,0.141974823,0.577770783,0.544224657,0.137805908,0.589847701,True
4.902000000,0.538550969,0.141974823,0.577770783,0.544192216,0.137839251,0.589613018,True
4.904000000,0.538550969,0.141974823,0.577770783,0.544160551,0.137874526,0.589378094,True
4.906000000,0.538550969,0.141974823,0.577770783,0.544129632,0.137911112,0.589143994,True
4.908000000,0.538550969,0.141974823,0.577770783,0.544099416,0.137948524,0.588911541,True
4.910000000,0.538645965,0.142113230,0.576179614,0.544107250,0.137986442,0.588722949,True
4.912000000,0.538645965,0.142113230,0.576179614,0.544120863,0.138017387,0.588549837,True
4.914000000,0.538645965,0.142113230,0.576179614,0.544137460,0.138041926,0.588387801,True
4.916000000,0.538645965,0.142113230,0.576179614,0.544155437,0.138060951,0.588234270,True
4.918000000,0.538645965,0.142113230,0.576179614,0.544173987,0.138075419,0.588087669,True
4.920000000,0.538645965,0.142113230,0.576179614,0.544192712,0.138086203,0.587946954,True
4.922000000,0.538645965,0.142113230,0.576179614,0.544211407,0.138094042,0.587811378,True
4.924000000,0.538645965,0.142113230,0.576179614,0.544229956,0.138099546,0.587680375,True
4.926000000,0.538645965,0.142113230,0.576179614,0.544248291,0.138103204,0.587553499,True
4.928000000,0.538645965,0.142113230,0.576179614,0.544266366,0.138105411,0.587430394,True
4.930000000,0.538740961,0.142251638,0.574588445,0.544284276,0.138107239,0.587304131,True
4.932000000,0.538740961,0.142251638,0.574588445,0.544302267,0.138108833,0.587176148,True
4.934000000,0.538740961,0.142251638,0.574588445,0.544320379,0.138110249,0.587047442,True
4.936000000,0.538740961,0.142251638,0.574588445,0.544338566,0.138111503,0.586918741,True
4.938000000,0.538740961,0.142251638,0.574588445,0.544356761,0.138112607,0.586790595,True
4.940000000,0.538740961,0.142251638,0.574588445,0.544374894,0.138113569,0.586663427,True
4.942000000,0.538740961,0.142251638,0.574588445,0.544392906,0.138114397,0.586537561,True
4.944000000,0.538740961,0.142251638,0.574588445,0.544410745,0.138115104,0.586413246,True
4.946000000,0.538740961,0.142251638,0.574588445,0.544428372,0.138115701,0.586290675,True
4.948000000,0.538740961,0.142251638,0.574588445,0.544445754,0.138116201,0.586169989,True
4.950000000,0.538835957,0.142390045,0.572997276,0.544463165,0.138116757,0.586045713,True
4.952000000,0.538835957,0.142390045,0.572997276,0.544480757,0.138117392,0.585919309,True
4.954000000,0.538835957,0.142390045,0.572997276,0.544498520,0.138118079,0.585791829,True
4.956000000,0.538835957,0.142390045,0.572997276,0.544516388,0.138118781,0.585664060,True
4.958000000,0.538835957,0.142390045,0.572997276,0.544534283,0.138119467,0.585536608,True
4.960000000,0.538835957,0.142390045,0.572997276,0.544552131,0.138120114,0.585409939,True
4.962000000,0.538835957,0.142390045,0.572997276,0.544569869,0.138120709,0.585284418,True
4.964000000,0.538835957,0.142390045,0.572997276,0.544587445,0.138121245,0.585160327,True
4.966000000,0.538835957,0.142390045,0.572997276,0.544604819,0.138121721,0.585037880,True
4.968000000,0.538835957,0.142390045,0.572997276,0.544621956,0.138122136,0.584917242,True
4.970000000,0.538930953,0.142528453,0.571406107,0.544606224,0.138125400,0.584747235,True
4.972000000,0.538930953,0.142528453,0.571406107,0.544577956,0.138135352,0.584549823,True
4.974000000,0.538930953,0.142528453,0.571406107,0.544545323,0.138152274,0.584336030,True
4.976000000,0.538930953,0.142528453,0.571406107,0.544511564,0.138175230,0.584112016,True
4.978000000,0.538930953,0.142528453,0.571406107,0.544477931,0.138203013,0.583881626,True
4.980000000,0.538930953,0.142528453,0.571406107,0.544444881,0.138234482,0.583647490,True
4.982000000,0.538930953,0.142528453,0.571406107,0.544412554,0.138268670,0.583411518,True
4.984000000,0.538930953,0.142528453,0.571406107,0.544380970,0.138304789,0.583175151,True
4.986000000,0.538930953,0.142528453,0.571406107,0.544350104,0.138342215,0.582939495,True
4.988000000,0.538930953,0.142528453,0.571406107,0.544319921,0.138380458,0.582705406,True
4.990000000,0.539025949,0.142666860,0.569814938,0.544327232,0.138418799,0.582514781,True
4.992000000,0.539025949,0.142666860,0.569814938,0.544339700,0.138449846,0.582339678,True
4.994000000,0.539025949,0.142666860,0.569814938,0.544354954,0.138474334,0.582175919,True
4.996000000,0.539025949,0.142666860,0.569814938,0.544371537,0.138493227,0.582020969,True
4.998000000,0.539025949,0.142666860,0.569814938,0.544388694,0.138507513,0.581873228,True
5.000000000,0.539025949,0.142666860,0.569814938,0.544406044,0.138518082,0.581731609,True
5.002000000,0.539025949,0.142666860,0.569814938,0.544423388,0.138525686,0.581595323,True
5.004000000,0.539025949,0.142666860,0.569814938,0.544440614,0.138530941,0.581463767,True
5.006000000,0.539025949,0.142666860,0.569814938,0.544457653,0.138534342,0.581336464,True
5.008000000,0.539025949,0.142666860,0.569814938,0.544474460,0.138536286,0.581213031,True
5.010000000,0.539120945,0.142805268,0.568223768,0.544491095,0.138537851,0.581086476,True
5.012000000,0.539120945,0.142805268,0.568223768,0.544507800,0.138539179,0.580958219,True
5.014000000,0.539120945,0.142805268,0.568223768,0.544524618,0.138540326,0.580829254,True
5.016000000,0.539120945,0.142805268,0.568223768,0.544541509,0.138541311,0.580700306,True
5.018000000,0.539120945,0.142805268,0.568223768,0.544558410,0.138542145,0.580571925,True
5.020000000,0.539120945,0.142805268,0.568223768,0.544575256,0.138542839,0.580444533,True
5.022000000,0.539120945,0.142805268,0.568223768,0.544591991,0.138543402,0.580318455,True
5.024000000,0.539120945,0.142805268,0.568223768,0.544608568,0.138543847,0.580193939,True
5.026000000,0.539120945,0.142805268,0.568223768,0.544624947,0.138544186,0.580071176,True
5.028000000,0.539120945,0.142805268,0.568223768,0.544641099,0.138544432,0.579950308,True
5.030000000,0.539215941,0.142943675,0.566632599,0.544626056,0.138547920,0.579781689,True
5.032000000,0.539215941,0.142943675,0.566632599,0.544599056,0.138558134,0.579586165,True
5.034000000,0.539215941,0.142943675,0.566632599,0.544567855,0.138575240,0.579374347,True
5.036000000,0.539215941,0.142943675,0.566632599,0.544535537,0.138598279,0.579152257,True
5.038000000,0.539215941,0.142943675,0.566632599,0.544503304,0.138626047,0.578923700,True
5.040000000,0.539215941,0.142943675,0.566632599,0.544471598,0.138657420,0.578691305,True
5.042000000,0.539215941,0.142943675,0.566632599,0.544440561,0.138691447,0.578456991,True
5.044000000,0.539215941,0.142943675,0.566632599,0.544410215,0.138727354,0.578222211,True
5.046000000,0.539215941,0.142943675,0.566632599,0.544380543,0.138764528,0.577988081,True
5.048000000,0.539215941,0.142943675,0.566632599,0.544351512,0.138802491,0.577755465,True
5.050000000,0.539310937,0.143082082,0.565041430,0.544359107,0.138840360,0.577565308,True
5.052000000,0.539310937,0.143082082,0.565041430,0.544370884,0.138870766,0.577390049,True
5.054000000,0.539310937,0.143082082,0.565041430,0.544385116,0.138894625,0.577225956,True
5.056000000,0.539310937,0.143082082,0.565041430,0.544400570,0.138912952,0.577070652,True
5.058000000,0.539310937,0.143082082,0.565041430,0.544416577,0.138926743,0.576922590,True
5.060000000,0.539310937,0.143082082,0.565041430,0.544432785,0.138936883,0.576780694,True
5.062000000,0.539310937,0.143082082,0.565041430,0.544449007,0.138944114,0.576644173,True
5.064000000,0.539310937,0.143082082,0.565041430,0.544465134,0.138949042,0.576512418,True
5.066000000,0.539310937,0.143082082,0.565041430,0.544481098,0.138952155,0.576384948,True
5.068000000,0.539310937,0.143082082,0.565041430,0.544496853,0.138953843,0.576261372,True
5.070000000,0.539405933,0.143220490,0.563450261,0.544512447,0.138955164,0.576134693,True
5.072000000,0.539405933,0.143220490,0.563450261,0.544528108,0.138956255,0.576006318,True
5.074000000,0.539405933,0.143220490,0.563450261,0.544543877,0.138957169,0.575877234,True
5.076000000,0.539405933,0.143220490,0.563450261,0.544559719,0.138957925,0.575748170,True
5.078000000,0.539405933,0.143220490,0.563450261,0.544575574,0.138958535,0.575619676,True
5.080000000,0.539405933,0.143220490,0.563450261,0.544591381,0.138959008,0.575492173,True
5.082000000,0.539405933,0.143220490,0.563450261,0.544607085,0.138959355,0.575365988,True
5.084000000,0.539405933,0.143220490,0.563450261,0.544622642,0.138959588,0.575241371,True
5.086000000,0.539405933,0.143220490,0.563450261,0.544638015,0.138959719,0.575118510,True
5.088000000,0.539405933,0.143220490,0.563450261,0.544653175,0.138959761,0.574997549,True
5.090000000,0.539500929,0.143358897,0.561859092,0.544668316,0.138959848,0.574872986,True
5.092000000,0.539500929,0.143358897,0.561859092,0.544683602,0.138960007,0.574746282,True
5.094000000,0.539500929,0.143358897,0.561859092,0.544699038,0.138960211,0.574618492,True
5.096000000,0.539500929,0.143358897,0.561859092,0.544714570,0.138960429,0.574490412,True
5.098000000,0.539500929,0.143358897,0.561859092,0.544730131,0.138960630,0.574362650,True
5.100000000,0.539500929,0.143358897,0.561859092,0.544745655,0.138960796,0.574235679,True
5.102000000,0.539500929,0.143358897,0.561859092,0.544761087,0.138960915,0.574109864,True
5.104000000,0.539500929,0.143358897,0.561859092,0.544776381,0.138960981,0.573985488,True
5.106000000,0.539500929,0.143358897,0.561859092,0.544791499,0.138960992,0.573862768,True
5.108000000,0.539500929,0.143358897,0.561859092,0.544806412,0.138960952,0.573741867,True
5.110000000,0.539595925,0.143497305,0.560267923,0.544791539,0.138964849,0.573573935,True
5.112000000,0.539595925,0.143497305,0.560267923,0.544765176,0.138975770,0.573378949,True
5.114000000,0.539595925,0.143497305,0.560267923,0.544734724,0.138993712,0.573167279,True
5.116000000,0.539595925,0.143497305,0.560267923,0.544703146,0.139017644,0.572944926,True
5.118000000,0.539595925,0.143497305,0.560267923,0.544671605,0.139046329,0.572715749,True
5.120000000,0.539595925,0.143497305,0.560267923,0.544640535,0.139078628,0.572482446,True
5.122000000,0.539595925,0.143497305,0.560267923,0.544610083,0.139113578,0.572246999,True
5.124000000,0.539595925,0.143497305,0.560267923,0.544580278,0.139150401,0.572010917,True
5.126000000,0.539595925,0.143497305,0.560267923,0.544551108,0.139188482,0.571775360,True
5.128000000,0.539595925,0.143497305,0.560267923,0.544522547,0.139227338,0.571541227,True
5.130000000,0.539690920,0.143635712,0.558676754,0.544529855,0.139265630,0.571349101,True
5.132000000,0.539690920,0.143635712,0.558676754,0.544540550,0.139296096,0.571171864,True
5.134000000,0.539690920,0.143635712,0.558676754,0.544553440,0.139319853,0.571006047,True
5.136000000,0.539690920,0.143635712,0.558676754,0.544567480,0.139337999,0.570849324,True
5.138000000,0.539690920,0.143635712,0.558676754,0.544582068,0.139351567,0.570700127,True
5.140000000,0.539690920,0.143635712,0.558676754,0.544596876,0.139361458,0.570557338,True
5.142000000,0.539690920,0.143635712,0.558676754,0.544611726,0.139368426,0.570420122,True
5.144000000,0.539690920,0.143635712,0.558676754,0.544626510,0.139373083,0.570287834,True
5.146000000,0.539690920,0.143635712,0.558676754,0.544641160,0.139375922,0.570159958,True
5.148000000,0.539690920,0.143635712,0.558676754,0.544655632,0.139377334,0.570036080,True
5.150000000,0.539785916,0.143774120,0.557085585,0.544669941,0.139378382,0.569909137,True
5.152000000,0.539785916,0.143774120,0.557085585,0.544684310,0.139379198,0.569780519,True
5.154000000,0.539785916,0.143774120,0.557085585,0.544698780,0.139379835,0.569651206,True
5.156000000,0.539785916,0.143774120,0.557085585,0.544713320,0.139380315,0.569521926,True
5.158000000,0.539785916,0.143774120,0.557085585,0.544727876,0.139380649,0.569393228,True
5.160000000,0.539785916,0.143774120,0.557085585,0.544742391,0.139380848,0.569265533,True
5.162000000,0.539785916,0.143774120,0.557085585,0.544756814,0.139380925,0.569139167,True
5.164000000,0.539785916,0.143774120,0.557085585,0.544771104,0.139380890,0.569014378,True
5.166000000,0.539785916,0.143774120,0.557085585,0.544785225,0.139380759,0.568891356,True
5.168000000,0.539785916,0.143774120,0.557085585,0.544799151,0.139380542,0.568770243,True
5.170000000,0.539880912,0.143912527,0.555494416,0.544813033,0.139380365,0.568645522,True
5.172000000,0.539880912,0.143912527,0.555494416,0.544827039,0.139380254,0.568518652,True
5.174000000,0.539880912,0.143912527,0.555494416,0.544841183,0.139380186,0.568390692,True
5.176000000,0.539880912,0.143912527,0.555494416,0.544855418,0.139380129,0.568262441,True
5.178000000,0.539880912,0.143912527,0.555494416,0.544869683,0.139380057,0.568134511,True
5.180000000,0.539880912,0.143912527,0.555494416,0.544883917,0.139379951,0.568007374,True
5.182000000,0.539880912,0.143912527,0.555494416,0.544898068,0.139379801,0.567881398,True
5.184000000,0.539880912,0.143912527,0.555494416,0.544912094,0.139379601,0.567756867,True
5.186000000,0.539880912,0.143912527,0.555494416,0.544925915,0.139379543,0.567635266,True
5.188000000,0.539880912,0.143912527,0.555494416,0.544939442,0.139379581,0.567516501,True
5.190000000,0.539975908,0.144050935,0.553903246,0.544925102,0.139385153,0.567356882,True
5.192000000,0.539975908,0.144050935,0.553903246,0.544899357,0.139398326,0.567172817,True
5.194000000,0.539975908,0.144050935,0.553903246,0.544869160,0.139418762,0.566973534,True
5.196000000,0.539975908,0.144050935,0.553903246,0.544837365,0.139445555,0.566766297,True
5.198000000,0.539975908,0.144050935,0.553903246,0.544805105,0.139477403,0.566554626,True
5.200000000,0.539975908,0.144050935,0.553903246,0.544772858,0.139513166,0.566341117,True
5.202000000,0.539975908,0.144050935,0.553903246,0.544740818,0.139551896,0.566127755,True
5.204000000,0.539975908,0.144050935,0.553903246,0.544709053,0.139592812,0.565916091,True
5.206000000,0.539975908,0.144050935,0.553903246,0.544677550,0.139635368,0.565708078,True
5.208000000,0.539975908,0.144050935,0.553903246,0.544646264,0.139679038,0.565504450,True
5.210000000,0.540070904,0.144189342,0.552312077,0.544638226,0.139717556,0.565329200,True
5.212000000,0.540070904,0.144189342,0.552312077,0.544640504,0.139749578,0.565173223,True
5.214000000,0.540070904,0.144189342,0.552312077,0.544647400,0.139775682,0.565032054,True
5.216000000,0.540070904,0.144189342,0.552312077,0.544656288,0.139796792,0.564902895,True
5.218000000,0.540070904,0.144189342,0.552312077,0.544665937,0.139813835,0.564783783,True
5.220000000,0.540070904,0.144189342,0.552312077,0.544675763,0.139827629,0.564673242,True
5.222000000,0.540070904,0.144189342,0.552312077,0.544685486,0.139838857,0.564570114,True
5.224000000,0.540070904,0.144189342,0.552312077,0.544694971,0.139848076,0.564473468,True
5.226000000,0.540070904,0.144189342,0.552312077,0.544704153,0.139855730,0.564382528,True
5.228000000,0.540070904,0.144189342,0.552312077,0.544713004,0.139862175,0.564296649,True
5.230000000,0.540165900,0.144327750,0.550720908,0.544721275,0.139868737,0.564211454,True
5.232000000,0.540165900,0.144327750,0.550720908,0.544729190,0.139875430,0.564127353,True
5.234000000,0.540165900,0.144327750,0.550720908,0.544736844,0.139882232,0.564044625,True
5.236000000,0.540165900,0.144327750,0.550720908,0.544744271,0.139889113,0.563963465,True
5.238000000,0.540165900,0.144327750,0.550720908,0.544751479,0.139896083,0.563884112,True
5.240000000,0.540165900,0.144327750,0.550720908,0.544758466,0.139903112,0.563806644,True
5.242000000,0.540165900,0.144327750,0.550720908,0.544765232,0.139910174,0.563731110,True
5.244000000,0.540165900,0.144327750,0.550720908,0.544771777,0.139917247,0.563657534,True
5.246000000,0.540165900,0.144327750,0.550720908,0.544778103,0.139924313,0.563585922,True
5.248000000,0.540165900,0.144327750,0.550720908,0.544784214,0.139931358,0.563516267,True
5.250000000,0.540260896,0.144466157,0.549129739,0.544764771,0.139947577,0.563418196,True
5.252000000,0.540260896,0.144466157,0.549129739,0.544733807,0.139972595,0.563301083,True
5.254000000,0.540260896,0.144466157,0.549129739,0.544697811,0.140004967,0.563170659,True
5.256000000,0.540260896,0.144466157,0.549129739,0.544659822,0.140043143,0.563030844,True
5.258000000,0.540260896,0.144466157,0.549129739,0.544621272,0.140085746,0.562884518,True
5.260000000,0.540260896,0.144466157,0.549129739,0.544582834,0.140131629,0.562733894,True
5.262000000,0.540260896,0.144466157,0.549129739,0.544544819,0.140179867,0.562580709,True
5.264000000,0.540260896,0.144466157,0.549129739,0.544507365,0.140229722,0.562426346,True
5.266000000,0.540260896,0.144466157,0.549129739,0.544470526,0.140280617,0.562271907,True
5.268000000,0.540260896,0.144466157,0.549129739,0.544434314,0.140332097,0.562118270,True
5.270000000,0.540355892,0.144604564,0.547538570,0.544396519,0.140385111,0.561960950,True
5.272000000,0.540355892,0.144604564,0.547538570,0.544358427,0.140439273,0.561801911,True
5.274000000,0.540355892,0.144604564,0.547538570,0.544320596,0.140494237,0.561642788,True
5.276000000,0.540355892,0.144604564,0.547538570,0.544283248,0.140549604,0.561484528,True
5.278000000,0.540355892,0.144604564,0.547538570,0.544246471,0.140605049,0.561327842,True
5.280000000,0.540355892,0.144604564,0.547538570,0.544210297,0.140660318,0.561173270,True
5.282000000,0.540355892,0.144604564,0.547538570,0.544174727,0.140715212,0.561021213,True
5.284000000,0.540355892,0.144604564,0.547538570,0.544139756,0.140769580,0.560871975,True
5.286000000,0.540355892,0.144604564,0.547538570,0.544105371,0.140823307,0.560725781,True
5.288000000,0.540355892,0.144604564,0.547538570,0.544071559,0.140876311,0.560582790,True
5.290000000,0.540450888,0.144742972,0.545947401,0.544036145,0.140930273,0.560437986,True
5.292000000,0.540450888,0.144742972,0.545947401,0.544000349,0.140984923,0.560292804,True
5.294000000,0.540450888,0.144742972,0.545947401,0.543964716,0.141039919,0.560148196,True
5.296000000,0.540450888,0.144742972,0.545947401,0.543929493,0.141094956,0.560004844,True
5.298000000,0.540450888,0.144742972,0.545947401,0.543894788,0.141149789,0.559863262,True
5.300000000,0.540450888,0.144742972,0.545947401,0.543860643,0.141204222,0.559723841,True
5.302000000,0.540450888,0.144742972,0.545947401,0.543827073,0.141258110,0.559586876,True
5.304000000,0.540450888,0.144742972,0.545947401,0.543794075,0.141311343,0.559452586,True
5.306000000,0.540450888,0.144742972,0.545947401,0.543761641,0.141363837,0.559321129,True
5.308000000,0.540450888,0.144742972,0.545947401,0.543729761,0.141415532,0.559192615,True
5.310000000,0.540545884,0.144881379,0.544356232,0.543696386,0.141468182,0.559063498,True
5.312000000,0.540545884,0.144881379,0.544356232,0.543662596,0.141521515,0.558934836,True
5.314000000,0.540545884,0.144881379,0.544356232,0.543628889,0.141575221,0.558807329,True
5.316000000,0.540545884,0.144881379,0.544356232,0.543595494,0.141628996,0.558681422,True
5.318000000,0.540545884,0.144881379,0.544356232,0.543562525,0.141682589,0.558557436,True
5.320000000,0.540545884,0.144881379,0.544356232,0.543530037,0.141735805,0.558435608,True
5.322000000,0.540545884,0.144881379,0.544356232,0.543498057,0.141788493,0.558316112,True
5.324000000,0.540545884,0.144881379,0.544356232,0.543466597,0.141840538,0.558199072,True
5.326000000,0.540545884,0.144881379,0.544356232,0.543435662,0.141891855,0.558084573,True
5.328000000,0.540545884,0.144881379,0.544356232,0.543405251,0.141942379,0.557972670,True
5.330000000,0.540640880,0.145019787,0.542765063,0.543373564,0.141993717,0.557858804,True
5.332000000,0.540640880,0.145019787,0.542765063,0.543341614,0.142045617,0.557744193,True
5.334000000,0.540640880,0.145019787,0.542765063,0.543309854,0.142097758,0.557629636,True
5.336000000,0.540640880,0.145019787,0.542765063,0.543278493,0.142149856,0.557515712,True
5.338000000,0.540640880,0.145019787,0.542765063,0.543247626,0.142201682,0.557402858,True
5.340000000,0.540640880,0.145019787,0.542765063,0.543217291,0.142253058,0.557291412,True
5.342000000,0.540640880,0.145019787,0.542765063,0.543187504,0.142303848,0.557181632,True
5.344000000,0.540640880,0.145019787,0.542765063,0.543158265,0.142353953,0.557073716,True
5.346000000,0.540640880,0.145019787,0.542765063,0.543129569,0.142403296,0.556967808,True
5.348000000,0.540640880,0.145019787,0.542765063,0.543101407,0.142451826,0.556864017,True
5.350000000,0.540735876,0.145158194,0.541173894,0.543072131,0.142501102,0.556757987,True
5.352000000,0.540735876,0.145158194,0.541173894,0.543042660,0.142550888,0.556650931,True
5.354000000,0.540735876,0.145158194,0.541173894,0.543013401,0.142600878,0.556543654,True
5.356000000,0.540735876,0.145158194,0.541173894,0.542984538,0.142650801,0.556436743,True
5.358000000,0.540735876,0.145158194,0.541173894,0.542956155,0.142700437,0.556330645,True
5.360000000,0.540735876,0.145158194,0.541173894,0.542928283,0.142749619,0.556225705,True
5.362000000,0.540735876,0.145158194,0.541173894,0.542900934,0.142798215,0.556122191,True
5.364000000,0.540735876,0.145158194,0.541173894,0.542874107,0.142846131,0.556020306,True
5.366000000,0.540735876,0.145158194,0.541173894,0.542847794,0.142893294,0.555920204,True
5.368000000,0.540735876,0.145158194,0.541173894,0.542821989,0.142939653,0.555822000,True
5.370000000,0.540830872,0.145296602,0.539582724,0.542795198,0.142986719,0.555721438,True
5.372000000,0.540830872,0.145296602,0.539582724,0.542768255,0.143034261,0.555619711,True
5.374000000,0.540830872,0.145296602,0.539582724,0.542741528,0.143081984,0.555517612,True
5.376000000,0.540830872,0.145296602,0.539582724,0.542715182,0.143129624,0.555415722,True
5.378000000,0.540830872,0.145296602,0.539582724,0.542689288,0.143176969,0.555314483,True
5.380000000,0.540830872,0.145296602,0.539582724,0.542663878,0.143223857,0.555214241,True
5.382000000,0.540830872,0.145296602,0.539582724,0.542638958,0.143270162,0.555115263,True
5.384000000,0.540830872,0.145296602,0.539582724,0.542614529,0.143315793,0.555017753,True
5.386000000,0.540830872,0.145296602,0.539582724,0.542590582,0.143360681,0.554921868,True
5.388000000,0.540830872,0.145296602,0.539582724,0.542567109,0.143404780,0.554827723,True
5.390000000,0.540925868,0.145435009,0.537991555,0.542542769,0.143449552,0.554731134,True
5.392000000,0.540925868,0.145435009,0.537991555,0.542518313,0.143494775,0.554633271,True
5.394000000,0.540925868,0.145435009,0.537991555,0.542494073,0.143540163,0.554534918,True
5.396000000,0.540925868,0.145435009,0.537991555,0.542470195,0.143585466,0.554436650,True
5.398000000,0.540925868,0.145435009,0.537991555,0.542446741,0.143630479,0.554338909,True
5.400000000,0.540925868,0.145435009,0.537991555,0.542423739,0.143675048,0.554242037,True
5.402000000,0.540925868,0.145435009,0.537991555,0.542401193,0.143719057,0.554146300,True
5.404000000,0.540925868,0.145435009,0.537991555,0.542379101,0.143762421,0.554051903,True
5.406000000,0.540925868,0.145435009,0.537991555,0.542357456,0.143805083,0.553959004,True
5.408000000,0.540925868,0.145435009,0.537991555,0.542336247,0.143847004,0.553867719,True
5.410000000,0.541020864,0.145573417,0.536400386,0.542314270,0.143889617,0.553773913,True
5.412000000,0.541020864,0.145573417,0.536400386,0.542292206,0.143932703,0.553678738,True
5.414000000,0.541020864,0.145573417,0.536400386,0.542270348,0.143975990,0.553582970,True
5.416000000,0.541020864,0.145573417,0.536400386,0.542248824,0.144019239,0.553487181,True
5.418000000,0.541020864,0.145573417,0.536400386,0.542227689,0.144062258,0.553391809,True
5.420000000,0.541020864,0.145573417,0.536400386,0.542206964,0.144104900,0.553297194,True
5.422000000,0.541020864,0.145573417,0.536400386,0.542186653,0.144147055,0.553203602,True
5.424000000,0.541020864,0.145573417,0.536400386,0.542166752,0.144188641,0.553111235,True
5.426000000,0.541020864,0.145573417,0.536400386,0.542147254,0.144229599,0.553020249,True
5.428000000,0.541020864,0.145573417,0.536400386,0.542128149,0.144269887,0.552930758,True
5.430000000,0.541115860,0.145711824,0.534809217,0.542108368,0.144310905,0.552838645,True
5.432000000,0.541115860,0.145711824,0.534809217,0.542088520,0.144352430,0.552745051,True
5.434000000,0.541115860,0.145711824,0.534809217,0.542068866,0.144394190,0.552650742,True
5.436000000,0.541115860,0.145711824,0.534809217,0.542049540,0.144435796,0.552556256,True
5.438000000,0.541115860,0.145711824,0.534809217,0.542030591,0.144477104,0.552462031,True
5.440000000,0.541115860,0.145711824,0.534809217,0.542012034,0.144518007,0.552368415,True
5.442000000,0.541115860,0.145711824,0.534809217,0.541993868,0.144558422,0.552275677,True
5.444000000,0.541115860,0.145711824,0.534809217,0.541976085,0.144598288,0.552184028,True
5.446000000,0.541115860,0.145711824,0.534809217,0.541958674,0.144637560,0.552093626,True
5.448000000,0.541115860,0.145711824,0.534809217,0.541941623,0.144676209,0.552004589,True
5.450000000,0.541210856,0.145850231,0.533218048,0.541923981,0.144715629,0.551912799,True
5.452000000,0.541210856,0.145850231,0.533218048,0.541906296,0.144755590,0.551819386,True
5.454000000,0.541210856,0.145850231,0.533218048,0.541888796,0.144795824,0.551725118,True
5.456000000,0.541210856,0.145850231,0.533218048,0.541871581,0.144836099,0.551630558,True
5.458000000,0.541210856,0.145850231,0.533218048,0.541854693,0.144876231,0.551536141,True
5.460000000,0.541210856,0.145850231,0.533218048,0.541838146,0.144916076,0.551442199,True
5.462000000,0.541210856,0.145850231,0.533218048,0.541821942,0.144955525,0.551348991,True
5.464000000,0.541210856,0.145850231,0.533218048,0.541806079,0.144994496,0.551256712,True
5.466000000,0.541210856,0.145850231,0.533218048,0.541790548,0.145032930,0.551165513,True
5.468000000,0.541210856,0.145850231,0.533218048,0.541775335,0.145070795,0.551075506,True
5.470000000,0.541305852,0.145988639,0.531626879,0.541759606,0.145109475,0.550982521,True
5.472000000,0.541305852,0.145988639,0.531626879,0.541743850,0.145148731,0.550887686,True
5.474000000,0.541305852,0.145988639,0.531626879,0.541728270,0.145188292,0.550791759,True
5.476000000,0.541305852,0.145988639,0.531626879,0.541712955,0.145227925,0.550695292,True
5.478000000,0.541305852,0.145988639,0.531626879,0.541697942,0.145267444,0.550598706,True
5.480000000,0.541305852,0.145988639,0.531626879,0.541683243,0.145306709,0.550502319,True
5.482000000,0.541305852,0.145988639,0.531626879,0.541668857,0.145345614,0.550406373,True
5.484000000,0.541305852,0.145988639,0.531626879,0.541654777,0.145384088,0.550311047,True
5.486000000,0.541305852,0.145988639,0.531626879,0.541640983,0.145422082,0.550216474,True
5.488000000,0.541305852,0.145988639,0.531626879,0.541627404,0.145459640,0.550122776,True
5.490000000,0.541400848,0.146127046,0.530035710,0.541613272,0.145498223,0.550025662,True
5.492000000,0.541400848,0.146127046,0.530035710,0.541598987,0.145537646,0.549926246,True
5.494000000,0.541400848,0.146127046,0.530035710,0.541584695,0.145577701,0.549825239,True
5.496000000,0.541400848,0.146127046,0.530035710,0.541570439,0.145618224,0.549723099,True
5.498000000,0.541400848,0.146127046,0.530035710,0.541556219,0.145659092,0.549620096,True
5.500000000,0.541400848,0.146127046,0.530035710,0.541542020,0.145700219,0.549516329,True
5.502000000,0.541400848,0.146127046,0.530035710,0.541527822,0.145741550,0.549411736,True
5.504000000,0.541400848,0.146127046,0.530035710,0.541513607,0.145783041,0.549306100,True
5.506000000,0.541400848,0.146127046,0.530035710,0.541499364,0.145824652,0.549199039,True
5.508000000,0.541400848,0.146127046,0.530035710,0.541485097,0.145866337,0.549090008,True
5.510000000,0.541495844,0.146265454,0.528444541,0.541470108,0.145909554,0.548973522,True
5.512000000,0.541495844,0.146265454,0.528444541,0.541454891,0.145953931,0.548849888,True
5.514000000,0.541495844,0.146265454,0.528444541,0.541439687,0.145999045,0.548718867,True
5.516000000,0.541495844,0.146265454,0.528444541,0.541424664,0.146044468,0.548579903,True
5.518000000,0.541495844,0.146265454,0.528444541,0.541409977,0.146089744,0.548432240,True
5.520000000,0.541495844,0.146265454,0.528444541,0.541395806,0.146134418,0.548275063,True
5.522000000,0.541495844,0.146265454,0.528444541,0.541382369,0.146177998,0.548107601,True
5.524000000,0.541495844,0.146265454,0.528444541,0.541369893,0.146220001,0.547929265,True
5.526000000,0.541495844,0.146265454,0.528444541,0.541358611,0.146259976,0.547739733,True
5.528000000,0.541495844,0.146265454,0.528444541,0.541348745,0.146297496,0.547539011,True
5.530000000,0.541590840,0.146403861,0.526853372,0.541339687,0.146333820,0.547320779,True
5.532000000,0.541590840,0.146403861,0.526853372,0.541332158,0.146368279,0.547087341,True
5.534000000,0.541590840,0.146403861,0.526853372,0.541322244,0.146409305,0.546850608,True
5.536000000,0.541590840,0.146403861,0.526853372,0.541310982,0.146455011,0.546611382,True
5.538000000,0.541590840,0.146403861,0.526853372,0.541299080,0.146503616,0.546369824,True
5.540000000,0.541590840,0.146403861,0.526853372,0.541287074,0.146553671,0.546126077,True
5.542000000,0.541590840,0.146403861,0.526853372,0.541275389,0.146603927,0.545880273,True
5.544000000,0.541590840,0.146403861,0.526853372,0.541264377,0.146653122,0.545632557,True
5.546000000,0.541590840,0.146403861,0.526853372,0.541254402,0.146699957,0.545382944,True
5.548000000,0.541590840,0.146403861,0.526853372,0.541245858,0.146743230,0.545131326,True
5.550000000,0.541685836,0.146542269,0.525262202,0.541238352,0.146783541,0.544868646,True
5.552000000,0.541685836,0.146542269,0.525262202,0.541232845,0.146819694,0.544597095,True
5.554000000,0.541685836,0.146542269,0.525262202,0.541229841,0.146851018,0.544318434,True
5.556000000,0.541685836,0.146542269,0.525262202,0.541229542,0.146877116,0.544034185,True
5.558000000,0.541685836,0.146542269,0.525262202,0.541231941,0.146897823,0.543745735,True
5.560000000,0.541685836,0.146542269,0.525262202,0.541236786,0.146913597,0.543454628,True
5.562000000,0.541685836,0.146542269,0.525262202,0.541243744,0.146925047,0.543162288,True
5.564000000,0.541685836,0.146542269,0.525262202,0.541252506,0.146932755,0.542869983,True
5.566000000,0.541685836,0.146542269,0.525262202,0.541262492,0.146937344,0.542578848,True
5.568000000,0.541685836,0.146542269,0.525262202,0.541273312,0.146939387,0.542289806,True
5.570000000,0.541780832,0.146680676,0.523671033,0.541284429,0.146940343,0.541993614,True
5.572000000,0.541780832,0.146680676,0.523671033,0.541296056,0.146940417,0.541693310,True
5.574000000,0.541780832,0.146680676,0.523671033,0.541308164,0.146939742,0.541391156,True
5.576000000,0.541780832,0.146680676,0.523671033,0.541320641,0.146938415,0.541088879,True
5.578000000,0.541780832,0.146680676,0.523671033,0.541333362,0.146936519,0.540787810,True
5.580000000,0.541780832,0.146680676,0.523671033,0.541346207,0.146934133,0.540488980,True
5.582000000,0.541780832,0.146680676,0.523671033,0.541359076,0.146931327,0.540193185,True
5.584000000,0.541780832,0.146680676,0.523671033,0.541371887,0.146928167,0.539901037,True
5.586000000,0.541780832,0.146680676,0.523671033,0.541384573,0.146924715,0.539613000,True
5.588000000,0.541780832,0.146680676,0.523671033,0.541397084,0.146921023,0.539329420,True
5.590000000,0.541875828,0.146819084,0.522079864,0.541409465,0.146917705,0.539040423,True
5.592000000,0.541875828,0.146819084,0.522079864,0.541421921,0.146914677,0.538748600,True
5.594000000,0.541875828,0.146819084,0.522079864,0.541434478,0.146911841,0.538455891,True
5.596000000,0.541875828,0.146819084,0.522079864,0.541447090,0.146909112,0.538163776,True
5.598000000,0.541875828,0.146819084,0.522079864,0.541459692,0.146906426,0.537873394,True
5.600000000,0.541875828,0.146819084,0.522079864,0.541472218,0.146903741,0.537585622,True
5.602000000,0.541875828,0.146819084,0.522079864,0.541484614,0.146901032,0.537301136,True
5.604000000,0.541875828,0.146819084,0.522079864,0.541496670,0.146898510,0.537021101,True
5.606000000,0.541875828,0.146819084,0.522079864,0.541508419,0.146896103,0.536745611,True
5.608000000,0.541875828,0.146819084,0.522079864,0.541519881,0.146893755,0.536474745,True
5.610000000,0.541970824,0.146957491,0.520488695,0.541531218,0.146891958,0.536198788,True
5.612000000,0.541970824,0.146957491,0.520488695,0.541542603,0.146890567,0.535920054,True
5.614000000,0.541970824,0.146957491,0.520488695,0.541554066,0.146889436,0.535640311,True
5.616000000,0.542000000,0.147000000,0.520000000,0.541565633,0.146888611,0.535358050,True
5.618000000,0.542000000,0.147000000,0.520000000,0.541577303,0.146887939,0.535075046,True
5.620000000,0.542000000,0.147000000,0.520000000,0.541589030,0.146887308,0.534792672,True
5.622000000,0.542000000,0.147000000,0.520000000,0.541600757,0.146886652,0.534511999,True
5.624000000,0.542000000,0.147000000,0.520000000,0.541612424,0.146885926,0.534233852,True
5.626000000,0.542000000,0.147000000,0.520000000,0.541623978,0.146885110,0.533958879,True
5.628000000,0.542000000,0.147000000,0.520000000,0.541635371,0.146884198,0.533687574,True
5.630000000,0.542000000,0.147000000,0.520000000,0.541646568,0.146883190,0.533420310,True
5.632000000,0.542000000,0.147000000,0.520000000,0.541657542,0.146882093,0.533157365,True
5.634000000,0.542000000,0.147000000,0.520000000,0.541668273,0.146880917,0.532898935,True
6.236000000,0.542016373,0.146802944,0.520977379,0.542015576,0.146803390,0.520947186,True
6.238000000,0.542016373,0.146802944,0.520977379,0.542015142,0.146803925,0.520894664,True
6.240000000,0.542016373,0.146802944,0.520977379,0.542015438,0.146804445,0.520825142,True
6.242000000,0.542016373,0.146802944,0.520977379,0.542016544,0.146804742,0.520742574,True
6.244000000,0.542016373,0.146802944,0.520977379,0.542018479,0.146804557,0.520650053,True
6.246000000,0.542016373,0.146802944,0.520977379,0.542021190,0.146803732,0.520549895,True
6.248000000,0.542016373,0.146802944,0.520977379,0.542024530,0.146802281,0.520444230,True
6.250000000,0.542016373,0.146802944,0.520977379,0.542028345,0.146800284,0.520334682,True
6.252000000,0.542016373,0.146802944,0.520977379,0.542032515,0.146797820,0.520222538,True
6.254000000,0.542016373,0.146802944,0.520977379,0.542036585,0.146795509,0.520108805,True
6.256000000,0.542016227,0.146804706,0.522577378,0.542040434,0.146793415,0.519990494,True
6.258000000,0.542016227,0.146804706,0.522577378,0.542044241,0.146791516,0.519869136,True
6.260000000,0.542016227,0.146804706,0.522577378,0.542048073,0.146789757,0.519745905,True
6.262000000,0.542016227,0.146804706,0.522577378,0.542051982,0.146788017,0.519622524,True
6.264000000,0.542016227,0.146804706,0.522577378,0.542055931,0.146786256,0.519499519,True
6.266000000,0.542016227,0.146804706,0.522577378,0.542059900,0.146784443,0.519377313,True
6.268000000,0.542016227,0.146804706,0.522577378,0.542063873,0.146782560,0.519256237,True
6.270000000,0.542016227,0.146804706,0.522577378,0.542067852,0.146780577,0.519136551,True
6.272000000,0.542016227,0.146804706,0.522577378,0.542071837,0.146778474,0.519018442,True
6.274000000,0.542016227,0.146804706,0.522577378,0.542075860,0.146776174,0.518902063,True
6.276000000,0.542016081,0.146806467,0.524177377,0.542079747,0.146773753,0.518782302,True
6.278000000,0.542016081,0.146806467,0.524177377,0.542083757,0.146771074,0.518660415,True
6.280000000,0.542016081,0.146806467,0.524177377,0.542087973,0.146768026,0.518537305,True
6.282000000,0.542016081,0.146806467,0.524177377,0.542092355,0.146764651,0.518413772,True
6.284000000,0.542016081,0.146806467,0.524177377,0.542096858,0.146760997,0.518290436,True
6.286000000,0.542016081,0.146806467,0.524177377,0.542101510,0.146757001,0.518167293,True
6.288000000,0.542016081,0.146806467,0.524177377,0.542106566,0.146752338,0.518046756,True
6.290000000,0.542016081,0.146806467,0.524177377,0.542111614,0.146747534,0.517928846,True
6.292000000,0.542016081,0.146806467,0.524177377,0.542116611,0.146742653,0.517814211,True
6.294000000,0.542016081,0.146806467,0.524177377,0.542121508,0.146737748,0.517702770,True
6.296000000,0.542015934,0.146808228,0.525777376,0.542126257,0.146732855,0.517590043,True
6.298000000,0.542015934,0.146808228,0.525777376,0.542130955,0.146728002,0.517477063,True
6.300000000,0.542015934,0.146808228,0.525777376,0.542135639,0.146723190,0.517364659,True
6.302000000,0.542015934,0.146808228,0.525777376,0.542140323,0.146718417,0.517253513,True
6.304000000,0.542015934,0.146808228,0.525777376,0.542145004,0.146713683,0.517144182,True
6.306000000,0.542015934,0.146808228,0.525777376,0.542149674,0.146708988,0.517037093,True
6.308000000,0.542015934,0.146808228,0.525777376,0.542154317,0.146704334,0.516932554,True
6.310000000,0.542015934,0.146808228,0.525777376,0.542158918,0.146699722,0.516830769,True
6.312000000,0.542015934,0.146808228,0.525777376,0.542163460,0.146695157,0.516731839,True
6.314000000,0.542015934,0.146808228,0.525777376,0.542167926,0.146690640,0.516635784,True
6.316000000,0.542015788,0.146809989,0.527377375,0.542172385,0.146686131,0.516537816,True
6.318000000,0.542015788,0.146809989,0.527377375,0.542176873,0.146681626,0.516438853,True
6.320000000,0.542015788,0.146809989,0.527377375,0.542181386,0.146677125,0.516339600,True
6.322000000,0.542015788,0.146809989,0.527377375,0.542185908,0.146672636,0.516240609,True
6.324000000,0.542015788,0.146809989,0.527377375,0.542190421,0.146668169,0.516142316,True
6.326000000,0.542015788,0.146809989,0.527377375,0.542194906,0.146663738,0.516045069,True
6.328000000,0.542015788,0.146809989,0.527377375,0.542199348,0.146659353,0.515949145,True
6.330000000,0.542015788,0.146809989,0.527377375,0.542203712,0.146655042,0.515854737,True
6.332000000,0.542015788,0.146809989,0.527377375,0.542207998,0.146650816,0.515762033,True
6.334000000,0.542015788,0.146809989,0.527377375,0.542212204,0.146646686,0.515671186,True
6.336000000,0.542015642,0.146811750,0.528977374,0.542216436,0.146642577,0.515578957,True
6.338000000,0.542015642,0.146811750,0.528977374,0.542220704,0.146638493,0.515486171,True
6.340000000,0.542015642,0.146811750,0.528977374,0.542225299,0.146634768,0.515398036,True
6.342000000,0.542015642,0.146811750,0.528977374,0.542229987,0.146631385,0.515314284,True
6.344000000,0.542015642,0.146811750,0.528977374,0.542234645,0.146628320,0.515234698,True
6.346000000,0.542015642,0.146811750,0.528977374,0.542239153,0.146625734,0.515159337,True
6.348000000,0.542015642,0.146811750,0.528977374,0.542243491,0.146623569,0.515088060,True
6.350000000,0.542015642,0.146811750,0.528977374,0.542247671,0.146621861,0.515022450,True
6.352000000,0.542015642,0.146811750,0.528977374,0.542251632,0.146620590,0.514962113,True
6.354000000,0.542015642,0.146811750,0.528977374,0.542255352,0.146619726,0.514906721,True
6.356000000,0.542015495,0.146813511,0.530577374,0.542259048,0.146618432,0.514870653,True
6.358000000,0.542015495,0.146813511,0.530577374,0.542262402,0.146616826,0.514850003,True
6.360000000,0.542015495,0.146813511,0.530577374,0.542265326,0.146615055,0.514841666,True
6.362000000,0.542015495,0.146813511,0.530577374,0.542267814,0.146613244,0.514843126,True
6.364000000,0.542015495,0.146813511,0.530577374,0.542269888,0.146611488,0.514852326,True
6.366000000,0.542015495,0.146813511,0.530577374,0.542271599,0.146609844,0.514867631,True
6.368000000,0.542015495,0.146813511,0.530577374,0.542272996,0.146608347,0.514887720,True
6.370000000,0.542015495,0.146813511,0.530577374,0.542274122,0.146607012,0.514911514,True
6.372000000,0.542015495,0.146813511,0.530577374,0.542275022,0.146605845,0.514938135,True
6.374000000,0.542015495,0.146813511,0.530577374,0.542275733,0.146604839,0.514966867,True
6.376000000,0.542015349,0.146815273,0.532177373,0.542276514,0.146603990,0.514999942,True
6.378000000,0.542015349,0.146815273,0.532177373,0.542277229,0.146603258,0.515036279,True
6.380000000,0.542015349,0.146815273,0.532177373,0.542277832,0.146602632,0.515075020,True
6.382000000,0.542015349,0.146815273,0.532177373,0.542278311,0.146602106,0.515115478,True
6.384000000,0.542015349,0.146815273,0.532177373,0.542278673,0.146601676,0.515157099,True
6.386000000,0.542015349,0.146815273,0.532177373,0.542278931,0.146601337,0.515199442,True
6.388000000,0.542015349,0.146815273,0.532177373,0.542279102,0.146601079,0.515242158,True
6.390000000,0.542015349,0.146815273,0.532177373,0.542279197,0.146600896,0.515284960,True
6.392000000,0.542015349,0.146815273,0.532177373,0.542279230,0.146600780,0.515327620,True
6.394000000,0.542015349,0.146815273,0.532177373,0.542279211,0.146600724,0.515369957,True
6.396000000,0.542015203,0.146817034,0.533777372,0.542279400,0.146600735,0.515415237,True
6.398000000,0.542015203,0.146817034,0.533777372,0.542279622,0.146600773,0.515462601,True
6.400000000,0.542015203,0.146817034,0.533777372,0.542279804,0.146600833,0.515511375,True
6.402000000,0.542015203,0.146817034,0.533777372,0.542279921,0.146600917,0.515561022,True
6.404000000,0.542015203,0.146817034,0.533777372,0.542279967,0.146601028,0.515611114,True
6.406000000,0.542015203,0.146817034,0.533777372,0.542279948,0.146601169,0.515661310,True
6.408000000,0.542015203,0.146817034,0.533777372,0.542279871,0.146601340,0.515711338,True
6.410000000,0.542015203,0.146817034,0.533777372,0.542279745,0.146601541,0.515760984,True
6.412000000,0.542015203,0.146817034,0.533777372,0.542279581,0.146601767,0.515810079,True
6.414000000,0.542015203,0.146817034,0.533777372,0.542279386,0.146602017,0.515858491,True
6.416000000,0.542015056,0.146818795,0.535377371,0.542279462,0.146602311,0.515909790,True
6.418000000,0.542015056,0.146818795,0.535377371,0.542279588,0.146602596,0.515963034,True
6.420000000,0.542015056,0.146818795,0.535377371,0.542279682,0.146602876,0.516017542,True
6.422000000,0.542015056,0.146818795,0.535377371,0.542279716,0.146603161,0.516072778,True
6.424000000,0.542015056,0.146818795,0.535377371,0.542279683,0.146603459,0.516128318,True
6.426000000,0.542015056,0.146818795,0.535377371,0.542279589,0.146603775,0.516183828,True
6.428000000,0.542015056,0.146818795,0.535377371,0.542279442,0.146604114,0.516239046,True
6.430000000,0.542015056,0.146818795,0.535377371,0.542279250,0.146604477,0.516293767,True
6.432000000,0.542015056,0.146818795,0.535377371,0.542279023,0.146604861,0.516347832,True
6.434000000,0.542015056,0.146818795,0.535377371,0.542278769,0.146605264,0.516401120,True
6.436000000,0.542014910,0.146820556,0.536977370,0.542278932,0.146605635,0.516457698,True
6.438000000,0.542014910,0.146820556,0.536977370,0.542279211,0.146605943,0.516516503,True
6.440000000,0.542014910,0.146820556,0.536977370,0.542279483,0.146606194,0.516576745,True
6.442000000,0.542014910,0.146820556,0.536977370,0.542279703,0.146606403,0.516637819,True
6.444000000,0.542014910,0.146820556,0.536977370,0.542279860,0.146606584,0.516699256,True
6.446000000,0.542014910,0.146820556,0.536977370,0.542279957,0.146606748,0.516760689,True
6.448000000,0.542014910,0.146820556,0.536977370,0.542280003,0.146606901,0.516821832,True
6.450000000,0.542014910,0.146820556,0.536977370,0.542280007,0.146607047,0.516882461,True
6.452000000,0.542014910,0.146820556,0.536977370,0.542279980,0.146607186,0.516942404,True
6.454000000,0.542014910,0.146820556,0.536977370,0.542279929,0.146607318,0.517001528,True
6.456000000,0.542014764,0.146822317,0.538577369,0.542280430,0.146607341,0.517064446,True
6.458000000,0.542014764,0.146822317,0.538577369,0.542281095,0.146607235,0.517129900,True
6.460000000,0.542014764,0.146822317,0.538577369,0.542281763,0.146607021,0.517196988,True
6.462000000,0.542014764,0.146822317,0.538577369,0.542282378,0.146606729,0.517265033,True
6.464000000,0.542014764,0.146822317,0.538577369,0.542282921,0.146606383,0.517333513,True
6.466000000,0.542014764,0.146822317,0.538577369,0.542283394,0.146606002,0.517402024,True
6.468000000,0.542014764,0.146822317,0.538577369,0.542283804,0.146605602,0.517470254,True
6.470000000,0.542014764,0.146822317,0.538577369,0.542284158,0.146605192,0.517537962,True
6.472000000,0.542014764,0.146822317,0.538577369,0.542284467,0.146604778,0.517604960,True
6.474000000,0.542014764,0.146822317,0.538577369,0.542284737,0.146604367,0.517671110,True
6.476000000,0.542014617,0.146824078,0.540177368,0.542285628,0.146603925,0.517741430,True
6.478000000,0.542014617,0.146824078,0.540177368,0.542286682,0.146603409,0.517814535,True
6.480000000,0.542014617,0.146824078,0.540177368,0.542287713,0.146602826,0.517889434,True
6.482000000,0.542014617,0.146824078,0.540177368,0.542288655,0.146602200,0.517965387,True
6.484000000,0.542014617,0.146824078,0.540177368,0.542289488,0.146601558,0.518041827,True
6.486000000,0.542014617,0.146824078,0.540177368,0.542290215,0.146600920,0.518118319,True
6.488000000,0.542014617,0.146824078,0.540177368,0.542290844,0.146600302,0.518194522,True
6.490000000,0.542014617,0.146824078,0.540177368,0.542291388,0.146599713,0.518270171,True
6.492000000,0.542014617,0.146824078,0.540177368,0.542291857,0.146599157,0.518345064,True
6.494000000,0.542014617,0.146824078,0.540177368,0.542292261,0.146598638,0.518419041,True
6.496000000,0.542014471,0.146825840,0.541777367,0.542293315,0.146598130,0.518497317,True
6.498000000,0.542014471,0.146825840,0.541777367,0.542294531,0.146597575,0.518578434,True
6.500000000,0.542014471,0.146825840,0.541777367,0.542295706,0.146596975,0.518661351,True
6.502000000,0.542014471,0.146825840,0.541777367,0.542296769,0.146596349,0.518745294,True
6.504000000,0.542014471,0.146825840,0.541777367,0.542297704,0.146595721,0.518829669,True
6.506000000,0.542014471,0.146825840,0.541777367,0.542298514,0.146595110,0.518914018,True
6.508000000,0.542014471,0.146825840,0.541777367,0.542299212,0.146594527,0.518997983,True
6.510000000,0.542014471,0.146825840,0.541777367,0.542299812,0.146593982,0.519081288,True
6.512000000,0.542014471,0.146825840,0.541777367,0.542300326,0.146593478,0.519163720,True
6.514000000,0.542014471,0.146825840,0.541777367,0.542300767,0.146593016,0.519245115,True
6.516000000,0.542014325,0.146827601,0.543377366,0.542301907,0.146592580,0.519330871,True
6.518000000,0.542014325,0.146827601,0.543377366,0.542303209,0.146592104,0.519419478,True
6.520000000,0.542014325,0.146827601,0.543377366,0.542304462,0.146591584,0.519509857,True
6.522000000,0.542014325,0.146827601,0.543377366,0.542305593,0.146591041,0.519601206,True
6.524000000,0.542014325,0.146827601,0.543377366,0.542306583,0.146590498,0.519692912,True
6.526000000,0.542014325,0.146827601,0.543377366,0.542307440,0.146589973,0.519784502,True
6.528000000,0.542014325,0.146827601,0.543377366,0.542308175,0.146589477,0.519875607,True
6.530000000,0.542014325,0.146827601,0.543377366,0.542308804,0.146589020,0.519965945,True
6.532000000,0.542014325,0.146827601,0.543377366,0.542309340,0.146588606,0.520055293,True
6.534000000,0.542014325,0.146827601,0.543377366,0.542309798,0.146588234,0.520143485,True
6.536000000,0.542014178,0.146829362,0.544977365,0.542311005,0.146587903,0.520236095,True
6.538000000,0.542014178,0.146829362,0.544977365,0.542312387,0.146587533,0.520331555,True
6.540000000,0.542014178,0.146829362,0.544977365,0.542313718,0.146587118,0.520428753,True
6.542000000,0.542014178,0.146829362,0.544977365,0.542314918,0.146586678,0.520526861,True
6.544000000,0.542014178,0.146829362,0.544977365,0.542315969,0.146586235,0.520625250,True
6.546000000,0.542014178,0.146829362,0.544977365,0.542316877,0.146585808,0.520723434,True
6.548000000,0.542014178,0.146829362,0.544977365,0.542317653,0.146585411,0.520821027,True
6.550000000,0.542014178,0.146829362,0.544977365,0.542318316,0.146585050,0.520917740,True
6.552000000,0.542014178,0.146829362,0.544977365,0.542318881,0.146584729,0.521013353,True
6.554000000,0.542014178,0.146829362,0.544977365,0.542319362,0.146584450,0.521107696,True
6.556000000,0.542014032,0.146831123,0.546577364,0.542320644,0.146584225,0.521206507,True
6.558000000,0.542014032,0.146831123,0.546577364,0.542322114,0.146583962,0.521308167,True
6.560000000,0.542014032,0.146831123,0.546577364,0.542323530,0.146583651,0.521411532,True
6.562000000,0.542014032,0.146831123,0.546577364,0.542324809,0.146583312,0.521515754,True
6.564000000,0.542014032,0.146831123,0.546577364,0.542325930,0.146582966,0.521620189,True
6.566000000,0.542014032,0.146831123,0.546577364,0.542326900,0.146582632,0.521724338,True
6.568000000,0.542014032,0.146831123,0.546577364,0.542327733,0.146582324,0.521827819,True
6.570000000,0.542014032,0.146831123,0.546577364,0.542328444,0.146582052,0.521930328,True
6.572000000,0.542014032,0.146831123,0.546577364,0.542329050,0.146581820,0.522031639,True
6.574000000,0.542014032,0.146831123,0.546577364,0.542329568,0.146581629,0.522131579,True
6.576000000,0.542013886,0.146832884,0.548177363,0.542330935,0.146581504,0.522236035,True
6.578000000,0.542013886,0.146832884,0.548177363,0.542332502,0.146581343,0.522343338,True
6.580000000,0.542013886,0.146832884,0.548177363,0.542334012,0.146581133,0.522452314,True
6.582000000,0.542013886,0.146832884,0.548177363,0.542335377,0.146580889,0.522562095,True
6.584000000,0.542013886,0.146832884,0.548177363,0.542336575,0.146580638,0.522672022,True
6.586000000,0.542013886,0.146832884,0.548177363,0.542337612,0.146580397,0.522781589,True
6.588000000,0.542013886,0.146832884,0.548177363,0.542338503,0.146580181,0.522890404,True
6.590000000,0.542013886,0.146832884,0.548177363,0.542339268,0.146579998,0.522998167,True
6.592000000,0.542013886,0.146832884,0.548177363,0.542339922,0.146579854,0.523104645,True
6.594000000,0.542013886,0.146832884,0.548177363,0.542340480,0.146579748,0.523209659,True
6.596000000,0.542013739,0.146834645,0.549777362,0.542341938,0.146579723,0.523319234,True
6.598000000,0.542013739,0.146834645,0.549777362,0.542343607,0.146579662,0.523431653,True
6.600000000,0.542013739,0.146834645,0.549777362,0.542345217,0.146579549,0.523545716,True
6.602000000,0.542013739,0.146834645,0.549777362,0.542346673,0.146579399,0.523660537,True
6.604000000,0.542013739,0.146834645,0.549777362,0.542347954,0.146579236,0.523775446,True
6.606000000,0.542013739,0.146834645,0.549777362,0.542349065,0.146579080,0.523889929,True
6.608000000,0.542013739,0.146834645,0.549777362,0.542350024,0.146578945,0.524003586,True
6.610000000,0.542013739,0.146834645,0.549777362,0.542350848,0.146578842,0.524116112,True
6.612000000,0.542013739,0.146834645,0.549777362,0.542351555,0.146578774,0.524227271,True
6.614000000,0.542013739,0.146834645,0.549777362,0.542352163,0.146578742,0.524336882,True
6.616000000,0.542013593,0.146836407,0.551377361,0.542353717,0.146578804,0.524451098,True
6.618000000,0.542013593,0.146836407,0.551377361,0.542355495,0.146578831,0.524568157,True
6.620000000,0.542013593,0.146836407,0.551377361,0.542357210,0.146578803,0.524686831,True
6.622000000,0.542013593,0.146836407,0.551377361,0.542358764,0.146578734,0.524806220,True
6.624000000,0.542013593,0.146836407,0.551377361,0.542360133,0.146578649,0.524925642,True
6.626000000,0.542013593,0.146836407,0.551377361,0.542361323,0.146578568,0.525044575,True
6.628000000,0.542013593,0.146836407,0.551377361,0.542362353,0.146578506,0.525162614,True
6.630000000,0.542013593,0.146836407,0.551377361,0.542363242,0.146578472,0.525279450,True
6.632000000,0.542013593,0.146836407,0.551377361,0.542364007,0.146578473,0.525394842,True
6.634000000,0.542013593,0.146836407,0.551377361,0.542364668,0.146578508,0.525508611,True
6.636000000,0.542013447,0.146838168,0.552977360,0.542366323,0.146578649,0.525627024,True
6.638000000,0.542013447,0.146838168,0.552977360,0.542368212,0.146578757,0.525748278,True
6.640000000,0.542013447,0.146838168,0.552977360,0.542370036,0.146578806,0.525871123,True
6.642000000,0.542013447,0.146838168,0.552977360,0.542371691,0.146578812,0.525994642,True
6.644000000,0.542013447,0.146838168,0.552977360,0.542373151,0.146578797,0.526118144,True
6.646000000,0.542013447,0.146838168,0.552977360,0.542374424,0.146578784,0.526241100,True
6.648000000,0.542013447,0.146838168,0.552977360,0.542375529,0.146578788,0.526363102,True
6.650000000,0.542013447,0.146838168,0.552977360,0.542376485,0.146578819,0.526483834,True
6.652000000,0.542013447,0.146838168,0.552977360,0.542377312,0.146578883,0.526603057,True
6.654000000,0.542013447,0.146838168,0.552977360,0.542378028,0.146578980,0.526720587,True
6.656000000,0.542013300,0.146839929,0.554577359,0.542379786,0.146579197,0.526842802,True
6.658000000,0.542013300,0.146839929,0.554577359,0.542381788,0.146579383,0.526967859,True
6.660000000,0.542013300,0.146839929,0.554577359,0.542383721,0.146579509,0.527094483,True
6.662000000,0.542013300,0.146839929,0.554577359,0.542385477,0.146579588,0.527221746,True
6.664000000,0.542013300,0.146839929,0.554577359,0.542387029,0.146579644,0.527348946,True
6.666000000,0.542013300,0.146839929,0.554577359,0.542388385,0.146579698,0.527475550,True
6.668000000,0.542013300,0.146839929,0.554577359,0.542389565,0.146579766,0.527601142,True
6.670000000,0.542013300,0.146839929,0.554577359,0.542390589,0.146579860,0.527725406,True
6.672000000,0.542013300,0.146839929,0.554577359,0.542391479,0.146579984,0.527848097,True
6.674000000,0.542013300,0.146839929,0.554577359,0.542392252,0.146580141,0.527969032,True
6.676000000,0.542013154,0.146841690,0.556177358,0.542394112,0.146580431,0.528094686,True
6.678000000,0.542013154,0.146841690,0.556177358,0.542396226,0.146580691,0.528223181,True
6.680000000,0.542013154,0.146841690,0.556177358,0.542398269,0.146580889,0.528353222,True
6.682000000,0.542013154,0.146841690,0.556177358,0.542400126,0.146581036,0.528483868,True
6.684000000,0.542013154,0.146841690,0.556177358,0.542401771,0.146581156,0.528614412,True
6.686000000,0.542013154,0.146841690,0.556177358,0.542403212,0.146581271,0.528744312,True
6.688000000,0.542013154,0.146841690,0.556177358,0.542404469,0.146581398,0.528873152,True
6.690000000,0.542013154,0.146841690,0.556177358,0.542405564,0.146581547,0.529000610,True
6.692000000,0.542013154,0.146841690,0.556177358,0.542406518,0.146581725,0.529126443,True
6.694000000,0.542013154,0.146841690,0.556177358,0.542407351,0.146581933,0.529250463,True
6.696000000,0.542013008,0.146843451,0.557777357,0.542409317,0.146582287,0.529379241,True
6.698000000,0.542013008,0.146843451,0.557777357,0.542411546,0.146582614,0.529510861,True
6.700000000,0.542013008,0.146843451,0.557777357,0.542413701,0.146582875,0.529644009,True
6.702000000,0.542013008,0.146843451,0.557777357,0.542415661,0.146583082,0.529777731,True
6.704000000,0.542013008,0.146843451,0.557777357,0.542417400,0.146583258,0.529911313,True
6.706000000,0.542013008,0.146843451,0.557777357,0.542418927,0.146583427,0.530044209,True
6.708000000,0.542013008,0.146843451,0.557777357,0.542420262,0.146583606,0.530175998,True
6.710000000,0.542013008,0.146843451,0.557777357,0.542421427,0.146583805,0.530306355,True
6.712000000,0.542013008,0.146843451,0.557777357,0.542422447,0.146584030,0.530435036,True
6.714000000,0.542013008,0.146843451,0.557777357,0.542423341,0.146584285,0.530561854,True
6.716000000,0.542012861,0.146845212,0.559377356,0.542425410,0.146584700,0.530693465,True
6.718000000,0.542012861,0.146845212,0.559377356,0.542427754,0.146585089,0.530827918,True
6.720000000,0.542012861,0.146845212,0.559377356,0.542430018,0.146585410,0.530963881,True
6.722000000,0.542012861,0.146845212,0.559377356,0.542432081,0.146585673,0.531100389,True
6.724000000,0.542012861,0.146845212,0.559377356,0.542433913,0.146585903,0.531236721,True
6.726000000,0.542012861,0.146845212,0.559377356,0.542435524,0.146586122,0.531372327,True
6.728000000,0.542012861,0.146845212,0.559377356,0.542436935,0.146586349,0.531506783,True
6.730000000,0.542012861,0.146845212,0.559377356,0.542438171,0.146586594,0.531639765,True
6.732000000,0.542012861,0.146845212,0.559377356,0.542439256,0.146586864,0.531771024,True
6.734000000,0.542012861,0.146845212,0.559377356,0.542440210,0.146587162,0.531900372,True
6.736000000,0.542012715,0.146846974,0.560977355,0.542442383,0.146587633,0.532034550,True
6.738000000,0.542012715,0.146846974,0.560977355,0.542444839,0.146588080,0.532171569,True
6.740000000,0.542012715,0.146846974,0.560977355,0.542447212,0.146588457,0.532310080,True
6.742000000,0.542012715,0.146846974,0.560977355,0.542449375,0.146588772,0.532449111,True
6.744000000,0.542012715,0.146846974,0.560977355,0.542451299,0.146589051,0.532587932,True
6.746000000,0.542012715,0.146846974,0.560977355,0.542452993,0.146589316,0.532725991,True
6.748000000,0.542012715,0.146846974,0.560977355,0.542454481,0.146589586,0.532862862,True
6.750000000,0.542012715,0.146846974,0.560977355,0.542455787,0.146589872,0.532998218,True
6.752000000,0.542012715,0.146846974,0.560977355,0.542456935,0.146590183,0.533131809,True
6.754000000,0.542012715,0.146846974,0.560977355,0.542457948,0.146590519,0.533263448,True
6.756000000,0.542012569,0.146848735,0.562577354,0.542460223,0.146591043,0.533399949,True
6.758000000,0.542012569,0.146848735,0.562577354,0.542462790,0.146591544,0.533539292,True
6.760000000,0.542012569,0.146848735,0.562577354,0.542465270,0.146591973,0.533680112,True
6.762000000,0.542012569,0.146848735,0.562577354,0.542467531,0.146592338,0.533821426,True
6.764000000,0.542012569,0.146848735,0.562577354,0.542469545,0.146592662,0.533962503,True
6.766000000,0.542012569,0.146848735,0.562577354,0.542471321,0.146592970,0.534102784,True
6.768000000,0.542012569,0.146848735,0.562577354,0.542472883,0.146593281,0.534241841,True
6.770000000,0.542012569,0.146848735,0.562577354,0.542474257,0.146593606,0.534379347,True
6.772000000,0.542012569,0.146848735,0.562577354,0.542475469,0.146593954,0.534515051,True
6.774000000,0.542012569,0.146848735,0.562577354,0.542476540,0.146594326,0.534648764,True
6.776000000,0.542012422,0.146850496,0.564177353,0.542478915,0.146594899,0.534787371,True
6.778000000,0.542012422,0.146850496,0.564177353,0.542481590,0.146595452,0.534928822,True
6.780000000,0.542012422,0.146850496,0.564177353,0.542484174,0.146595929,0.535071734,True
6.782000000,0.542012422,0.146850496,0.564177353,0.542486532,0.146596340,0.535215119,True
6.784000000,0.542012422,0.146850496,0.564177353,0.542488633,0.146596707,0.535358239,True
6.786000000,0.542012422,0.146850496,0.564177353,0.542490489,0.146597055,0.535500532,True
6.788000000,0.542012422,0.146850496,0.564177353,0.542492124,0.146597403,0.535641571,True
6.790000000,0.542012422,0.146850496,0.564177353,0.542493564,0.146597763,0.535781024,True
6.792000000,0.542012422,0.146850496,0.564177353,0.542494837,0.146598145,0.535918640,True
6.794000000,0.542012422,0.146850496,0.564177353,0.542495965,0.146598550,0.536054230,True
6.796000000,0.542012276,0.146852257,0.565777352,0.542498437,0.146599168,0.536194745,True
6.798000000,0.542012276,0.146852257,0.565777352,0.542501217,0.146599769,0.536338105,True
6.800000000,0.542012276,0.146852257,0.565777352,0.542503903,0.146600292,0.536482913,True
6.802000000,0.542012276,0.146852257,0.565777352,0.542506355,0.146600745,0.536628173,True
6.804000000,0.542012276,0.146852257,0.565777352,0.542508541,0.146601151,0.536773142,True
6.806000000,0.542012276,0.146852257,0.565777352,0.542510475,0.146601535,0.536917258,True
6.808000000,0.542012276,0.146852257,0.565777352,0.542512180,0.146601917,0.537060089,True
6.810000000,0.542012276,0.146852257,0.565777352,0.542513685,0.146602310,0.537201305,True
6.812000000,0.542012276,0.146852257,0.565777352,0.542515017,0.146602722,0.537340653,True
6.814000000,0.542012276,0.146852257,0.565777352,0.542516201,0.146603156,0.537477942,True
6.816000000,0.542012130,0.146854018,0.567377351,0.542518768,0.146603817,0.537620188,True
6.818000000,0.542012130,0.146854018,0.567377351,0.542521651,0.146604462,0.537765280,True
6.820000000,0.542012130,0.146854018,0.567377351,0.542524436,0.146605027,0.537911807,True
6.822000000,0.542012130,0.146854018,0.567377351,0.542526979,0.146605518,0.538058766,True
6.824000000,0.542012130,0.146854018,0.567377351,0.542529249,0.146605960,0.538205412,True
6.826000000,0.542012130,0.146854018,0.567377351,0.542531258,0.146606378,0.538351178,True
6.828000000,0.542012130,0.146854018,0.567377351,0.542533032,0.146606791,0.538495634,True
6.830000000,0.542012130,0.146854018,0.567377351,0.542534599,0.146607213,0.538638446,True
6.832000000,0.542012130,0.146854018,0.567377351,0.542535989,0.146607652,0.538779363,True
6.834000000,0.542012130,0.146854018,0.567377351,0.542537226,0.146608113,0.538918192,True
6.836000000,0.542011983,0.146855779,0.568977350,0.542546931,0.146610179,0.539097438,True
6.838000000,0.542011983,0.146855779,0.568977350,0.542558844,0.146612244,0.539305009,True
6.840000000,0.542011983,0.146855779,0.568977350,0.542570493,0.146613884,0.539532865,True
6.842000000,0.542011983,0.146855779,0.568977350,0.542580999,0.146615106,0.539775260,True
6.844000000,0.542011983,0.146855779,0.568977350,0.542590143,0.146616040,0.540027889,True
6.846000000,0.542011983,0.146855779,0.568977350,0.542597966,0.146616827,0.540287443,True
6.848000000,0.542011983,0.146855779,0.568977350,0.542604587,0.146617587,0.540551317,True
6.850000000,0.542011983,0.146855779,0.568977350,0.542610162,0.146618399,0.540817483,True
6.852000000,0.542011983,0.146855779,0.568977350,0.542614820,0.146619330,0.541084307,True
6.854000000,0.542011983,0.146855779,0.568977350,0.542618690,0.146620417,0.541350518,True
6.856000000,0.542011837,0.146857541,0.570577349,0.542617549,0.146620811,0.541589493,True
6.858000000,0.542011837,0.146857541,0.570577349,0.542614837,0.146621376,0.541807494,True
6.860000000,0.542011837,0.146857541,0.570577349,0.542611948,0.146622320,0.542008691,True
6.862000000,0.542011837,0.146857541,0.570577349,0.542609401,0.146623611,0.542196075,True
6.864000000,0.542011837,0.146857541,0.570577349,0.542607347,0.146625147,0.542371907,True
6.866000000,0.542011837,0.146857541,0.570577349,0.542605792,0.146626823,0.542537948,True
6.868000000,0.542011837,0.146857541,0.570577349,0.542604687,0.146628554,0.542695601,True
6.870000000,0.542011837,0.146857541,0.570577349,0.542603971,0.146630276,0.542845993,True
6.872000000,0.542011837,0.146857541,0.570577349,0.542603581,0.146631944,0.542990038,True
6.874000000,0.542011837,0.146857541,0.570577349,0.542603462,0.146633528,0.543128480,True
6.876000000,0.542011691,0.146859302,0.572177348,0.542605208,0.146635270,0.543269934,True
6.878000000,0.542011691,0.146859302,0.572177348,0.542607565,0.146636874,0.543412638,True
6.880000000,0.542011691,0.146859302,0.572177348,0.542610021,0.146638266,0.543555505,True
6.882000000,0.542011691,0.146859302,0.572177348,0.542612381,0.146639455,0.543697807,True
6.884000000,0.542011691,0.146859302,0.572177348,0.542614580,0.146640474,0.543839029,True
6.886000000,0.542011691,0.146859302,0.572177348,0.542616609,0.146641363,0.543978789,True
6.888000000,0.542011691,0.146859302,0.572177348,0.542618476,0.146642153,0.544116805,True
6.890000000,0.542011691,0.146859302,0.572177348,0.542620197,0.146642870,0.544252866,True
6.892000000,0.542011691,0.146859302,0.572177348,0.542621789,0.146643534,0.544386813,True
6.894000000,0.542011691,0.146859302,0.572177348,0.542623266,0.146644159,0.544518534,True
6.896000000,0.542011544,0.146861063,0.573777347,0.542626253,0.146645012,0.544655100,True
6.898000000,0.542011544,0.146861063,0.573777347,0.542629594,0.146645822,0.544794400,True
6.900000000,0.542011544,0.146861063,0.573777347,0.542632837,0.146646518,0.544935054,True
6.902000000,0.542011544,0.146861063,0.573777347,0.542635828,0.146647107,0.545076094,True
6.904000000,0.542011544,0.146861063,0.573777347,0.542638533,0.146647617,0.545216808,True
6.906000000,0.542011544,0.146861063,0.573777347,0.542640964,0.146648076,0.545356658,True
6.908000000,0.542011544,0.146861063,0.573777347,0.542643148,0.146648510,0.545495236,True
6.910000000,0.542011544,0.146861063,0.573777347,0.542645117,0.146648936,0.545632226,True
6.912000000,0.542011544,0.146861063,0.573777347,0.542646900,0.146649365,0.545767390,True
6.914000000,0.542011544,0.146861063,0.573777347,0.542648521,0.146649803,0.545900549,True
6.916000000,0.542011398,0.146862824,0.575377346,0.542651660,0.146650517,0.546038726,True
6.918000000,0.542011398,0.146862824,0.575377346,0.542655135,0.146651219,0.546179753,True
6.920000000,0.542011398,0.146862824,0.575377346,0.542658491,0.146651832,0.546322211,True
6.922000000,0.542011398,0.146862824,0.575377346,0.542661572,0.146652356,0.546465105,True
6.924000000,0.542011398,0.146862824,0.575377346,0.542664347,0.146652816,0.546607705,True
6.926000000,0.542011398,0.146862824,0.575377346,0.542666831,0.146653240,0.546749458,True
6.928000000,0.542011398,0.146862824,0.575377346,0.542669055,0.146653649,0.546889944,True
6.930000000,0.542011398,0.146862824,0.575377346,0.542671050,0.146654059,0.547028838,True
6.932000000,0.542011398,0.146862824,0.575377346,0.542672850,0.146654481,0.547165895,True
6.934000000,0.542011398,0.146862824,0.575377346,0.542674481,0.146654919,0.547300931,True
6.936000000,0.542011251,0.146864585,0.576977345,0.542677666,0.146655650,0.547441028,True
6.938000000,0.542011251,0.146864585,0.576977345,0.542681192,0.146656375,0.547583985,True
6.940000000,0.542011251,0.146864585,0.576977345,0.542684594,0.146657012,0.547728366,True
6.942000000,0.542011251,0.146864585,0.576977345,0.542687713,0.146657560,0.547873167,True
6.944000000,0.542011251,0.146864585,0.576977345,0.542690517,0.146658043,0.548017651,True
6.946000000,0.542011251,0.146864585,0.576977345,0.542693021,0.146658490,0.548161265,True
6.948000000,0.542011251,0.146864585,0.576977345,0.542695259,0.146658921,0.548303583,True
6.950000000,0.542011251,0.146864585,0.576977345,0.542697263,0.146659354,0.548444281,True
6.952000000,0.542011251,0.146864585,0.576977345,0.542699067,0.146659797,0.548583112,True
6.954000000,0.542011251,0.146864585,0.576977345,0.542700698,0.146660256,0.548719889,True
6.956000000,0.542011105,0.146866346,0.578577344,0.542703921,0.146661022,0.548861762,True
6.958000000,0.542011105,0.146866346,0.578577344,0.542707494,0.146661784,0.549006495,True
6.960000000,0.542011105,0.146866346,0.578577344,0.542710937,0.146662456,0.549152640,True
6.962000000,0.542011105,0.146866346,0.578577344,0.542714091,0.146663036,0.549299185,True
6.964000000,0.542011105,0.146866346,0.578577344,0.542716923,0.146663549,0.549445391,True
6.966000000,0.542011105,0.146866346,0.578577344,0.542719448,0.146664022,0.549590699,True
6.968000000,0.542011105,0.146866346,0.578577344,0.542721700,0.146664479,0.549734685,True
6.970000000,0.542011105,0.146866346,0.578577344,0.542723714,0.146664934,0.549877022,True
6.972000000,0.542011105,0.146866346,0.578577344,0.542725524,0.146665399,0.550017463,True
6.974000000,0.542011105,0.146866346,0.578577344,0.542727158,0.146665880,0.550155822,True
6.976000000,0.542010959,0.146868108,0.580177343,0.542737921,0.146668241,0.550335149,True
6.978000000,0.542010959,0.146868108,0.580177343,0.542750883,0.146670612,0.550542797,True
6.980000000,0.542010959,0.146868108,0.580177343,0.542763354,0.146672485,0.550770568,True
6.982000000,0.542010959,0.146868108,0.580177343,0.542774415,0.146673848,0.551012702,True
6.984000000,0.542010959,0.146868108,0.580177343,0.542783899,0.146674794,0.551265016,True
6.986000000,0.542010959,0.146868108,0.580177343,0.542792039,0.146675248,0.551524468,True
6.988000000,0.542010959,0.146868108,0.580177343,0.542798625,0.146675754,0.551787909,True
6.990000000,0.542010959,0.146868108,0.580177343,0.542803942,0.146676387,0.552053435,True
6.992000000,0.542010959,0.146868108,0.580177343,0.542808208,0.146677183,0.552319520,True
6.994000000,0.542010959,0.146868108,0.580177343,0.542811598,0.146678155,0.552584953,True
6.996000000,0.542010812,0.146869869,0.581777342,0.542809747,0.146678350,0.552822944,True
6.998000000,0.542010812,0.146869869,0.581777342,0.542806376,0.146678729,0.553040004,True
7.000000000,0.542010812,0.146869869,0.581777342,0.542802968,0.146679528,0.553240374,True
7.002000000,0.542010812,0.146869869,0.581777342,0.542800053,0.146680718,0.553427051,True
7.004000000,0.542010812,0.146869869,0.581777342,0.542797769,0.146682190,0.553602279,True
7.006000000,0.542010812,0.146869869,0.581777342,0.542796103,0.146683833,0.553767800,True
7.008000000,0.542010812,0.146869869,0.581777342,0.542794986,0.146685553,0.553924997,True
7.010000000,0.542010812,0.146869869,0.581777342,0.542794339,0.146687279,0.554074981,True
7.012000000,0.542010812,0.146869869,0.581777342,0.542794083,0.146688963,0.554218655,True
7.014000000,0.542010812,0.146869869,0.581777342,0.542794151,0.146690573,0.554356754,True
7.016000000,0.542010666,0.146871630,0.583377341,0.542796328,0.146692428,0.554498019,True
7.018000000,0.542010666,0.146871630,0.583377341,0.542799184,0.146694162,0.554640553,True
7.020000000,0.542010666,0.146871630,0.583377341,0.542802140,0.146695675,0.554783226,True
7.022000000,0.542010666,0.146871630,0.583377341,0.542804979,0.146696965,0.554925298,True
7.024000000,0.542010666,0.146871630,0.583377341,0.542807631,0.146698066,0.555066257,True
7.026000000,0.542010666,0.146871630,0.583377341,0.542810086,0.146699018,0.555205729,True
7.028000000,0.542010666,0.146871630,0.583377341,0.542812356,0.146699857,0.555343440,True
7.030000000,0.542010666,0.146871630,0.583377341,0.542814461,0.146700611,0.555479183,True
7.032000000,0.542010666,0.146871630,0.583377341,0.542816419,0.146701302,0.555612806,True
7.034000000,0.542010666,0.146871630,0.583377341,0.542818250,0.146701946,0.555744200,True
7.036000000,0.542010520,0.146873391,0.584977340,0.542821792,0.146702895,0.555880580,True
7.038000000,0.542010520,0.146873391,0.584977340,0.542825722,0.146703811,0.556019705,True
7.040000000,0.542010520,0.146873391,0.584977340,0.542829528,0.146704602,0.556160158,True
7.042000000,0.542010520,0.146873391,0.584977340,0.542833040,0.146705268,0.556300961,True
7.044000000,0.542010520,0.146873391,0.584977340,0.542836220,0.146705838,0.556441409,True
7.046000000,0.542010520,0.146873391,0.584977340,0.542839086,0.146706343,0.556580972,True
7.048000000,0.542010520,0.146873391,0.584977340,0.542841671,0.146706810,0.556719246,True
7.050000000,0.542010520,0.146873391,0.584977340,0.542844011,0.146707259,0.556855924,True
7.052000000,0.542010520,0.146873391,0.584977340,0.542846139,0.146707704,0.556990773,True
7.054000000,0.542010520,0.146873391,0.584977340,0.542848087,0.146708154,0.557123614,True
7.056000000,0.542010373,0.146875152,0.586577339,0.542851750,0.146708957,0.557261619,True
7.058000000,0.542010373,0.146875152,0.586577339,0.542855781,0.146709760,0.557402488,True
7.060000000,0.542010373,0.146875152,0.586577339,0.542859664,0.146710462,0.557544762,True
7.062000000,0.542010373,0.146875152,0.586577339,0.542863228,0.146711059,0.557687439,True
7.064000000,0.542010373,0.146875152,0.586577339,0.542866440,0.146711575,0.557829792,True
7.066000000,0.542010373,0.146875152,0.586577339,0.542869319,0.146712041,0.557971277,True
7.068000000,0.542010373,0.146875152,0.586577339,0.542871903,0.146712480,0.558111480,True
7.070000000,0.542010373,0.146875152,0.586577339,0.542874230,0.146712912,0.558250083,True
7.072000000,0.542010373,0.146875152,0.586577339,0.542876337,0.146713348,0.558386846,True
7.074000000,0.542010373,0.146875152,0.586577339,0.542878254,0.146713795,0.558521585,True
7.076000000,0.542010227,0.146876913,0.588177338,0.542881922,0.146714613,0.558661533,True
7.078000000,0.542010227,0.146876913,0.588177338,0.542885964,0.146715437,0.558804355,True
7.080000000,0.542010227,0.146876913,0.588177338,0.542889852,0.146716160,0.558948574,True
7.082000000,0.542010227,0.146876913,0.588177338,0.542893413,0.146716779,0.559093181,True
7.084000000,0.542010227,0.146876913,0.588177338,0.542896614,0.146717316,0.559237442,True
7.086000000,0.542010227,0.146876913,0.588177338,0.542899475,0.146717802,0.559380809,True
7.088000000,0.542010227,0.146876913,0.588177338,0.542902034,0.146718261,0.559522866,True
7.090000000,0.542010227,0.146876913,0.588177338,0.542904332,0.146718711,0.559663295,True
7.092000000,0.542010227,0.146876913,0.588177338,0.542906405,0.146719166,0.559801852,True
7.094000000,0.542010227,0.146876913,0.588177338,0.542908287,0.146719631,0.559938355,True
7.096000000,0.542010081,0.146878675,0.589777337,0.542911956,0.146720481,0.560080100,True
7.098000000,0.542010081,0.146878675,0.589777337,0.542916006,0.146721337,0.560224722,True
7.100000000,0.542010081,0.146878675,0.589777337,0.542919900,0.146722093,0.560370728,True
7.102000000,0.542010081,0.146878675,0.589777337,0.542923460,0.146722740,0.560517101,True
7.104000000,0.542010081,0.146878675,0.589777337,0.542926652,0.146723303,0.560663104,True
7.106000000,0.542010081,0.146878675,0.589777337,0.542929499,0.146723812,0.560808187,True
7.108000000,0.542010081,0.146878675,0.589777337,0.542932038,0.146724293,0.560951933,True
7.110000000,0.542010081,0.146878675,0.589777337,0.542934311,0.146724763,0.561094021,True
7.112000000,0.542010081,0.146878675,0.589777337,0.542936357,0.146725236,0.561234208,True
7.114000000,0.542010081,0.146878675,0.589777337,0.542938208,0.146725719,0.561372311,True
7.116000000,0.542009934,0.146880436,0.591377336,0.542949774,0.146728342,0.561551980,True
7.118000000,0.542009934,0.146880436,0.591377336,0.542963504,0.146730979,0.561759984,True
7.120000000,0.542009934,0.146880436,0.591377336,0.542976513,0.146733043,0.561987957,True
7.122000000,0.542009934,0.146880436,0.591377336,0.542987845,0.146734507,0.562230113,True
7.124000000,0.542009934,0.146880436,0.591377336,0.542997539,0.146735219,0.562482619,True
7.126000000,0.542009934,0.146880436,0.591377336,0.543005323,0.146735767,0.562741583,True
7.128000000,0.542009934,0.146880436,0.591377336,0.543011494,0.146736280,0.563004578,True
7.130000000,0.542009934,0.146880436,0.591377336,0.543016309,0.146736842,0.563269676,True
7.132000000,0.542009934,0.146880436,0.591377336,0.543019989,0.146737506,0.563535346,True
7.134000000,0.542009934,0.146880436,0.591377336,0.543022720,0.146738300,0.563800374,True
7.136000000,0.542009788,0.146882197,0.592977335,0.543020025,0.146738206,0.564037743,True
7.138000000,0.542009788,0.146882197,0.592977335,0.543015876,0.146738298,0.564254209,True
7.140000000,0.542009788,0.146882197,0.592977335,0.543011830,0.146738847,0.564454081,True
7.142000000,0.542009788,0.146882197,0.592977335,0.543008427,0.146739831,0.564640363,True
7.144000000,0.542009788,0.146882197,0.592977335,0.543005791,0.146741141,0.564815279,True
7.146000000,0.542009788,0.146882197,0.592977335,0.543003888,0.146742658,0.564980554,True
7.148000000,0.542009788,0.146882197,0.592977335,0.543002630,0.146744283,0.565137552,True
7.150000000,0.542009788,0.146882197,0.592977335,0.543001919,0.146745942,0.565287371,True
7.152000000,0.542009788,0.146882197,0.592977335,0.543001664,0.146747580,0.565430903,True
7.154000000,0.542009788,0.146882197,0.592977335,0.543001783,0.146749163,0.565568875,True
7.156000000,0.542009642,0.146883958,0.594577334,0.543004246,0.146751080,0.565710167,True
7.158000000,0.542009642,0.146883958,0.594577334,0.543007453,0.146752897,0.565852740,True
7.160000000,0.542009642,0.146883958,0.594577334,0.543010760,0.146754488,0.565995418,True
7.162000000,0.542009642,0.146883958,0.594577334,0.543013931,0.146755845,0.566137453,True
7.164000000,0.542009642,0.146883958,0.594577334,0.543016890,0.146757001,0.566278334,True
7.166000000,0.542009642,0.146883958,0.594577334,0.543019630,0.146757996,0.566417698,True
7.168000000,0.542009642,0.146883958,0.594577334,0.543022164,0.146758867,0.566555275,True
7.170000000,0.542009642,0.146883958,0.594577334,0.543024515,0.146759645,0.566690868,True
7.172000000,0.542009642,0.146883958,0.594577334,0.543026705,0.146760354,0.566824330,True
7.174000000,0.542009642,0.146883958,0.594577334,0.543028756,0.146761013,0.566955554,True
7.176000000,0.542009495,0.146885719,0.596177333,0.543032711,0.146762052,0.567091911,True
7.178000000,0.542009495,0.146885719,0.596177333,0.543037087,0.146763068,0.567231024,True
7.180000000,0.542009495,0.146885719,0.596177333,0.543041316,0.146763947,0.567371433,True
7.182000000,0.542009495,0.146885719,0.596177333,0.543045209,0.146764683,0.567512154,True
7.184000000,0.542009495,0.146885719,0.596177333,0.543048731,0.146765306,0.567652486,True
7.186000000,0.542009495,0.146885719,0.596177333,0.543051901,0.146765851,0.567791906,True
7.188000000,0.542009495,0.146885719,0.596177333,0.543054758,0.146766346,0.567930021,True
7.190000000,0.542009495,0.146885719,0.596177333,0.543057345,0.146766814,0.568066528,True
7.192000000,0.542009495,0.146885719,0.596177333,0.543059699,0.146767271,0.568201198,True
7.194000000,0.542009495,0.146885719,0.596177333,0.543061854,0.146767728,0.568333858,True
7.196000000,0.542009349,0.146887480,0.597777333,0.543065913,0.146768613,0.568471832,True
7.198000000,0.542009349,0.146887480,0.597777333,0.543070371,0.146769509,0.568612686,True
7.200000000,0.542009349,0.146887480,0.597777333,0.543074654,0.146770294,0.568754916,True
7.202000000,0.542009349,0.146887480,0.597777333,0.543078576,0.146770957,0.568897515,True
7.204000000,0.542009349,0.146887480,0.597777333,0.543082103,0.146771523,0.569039757,True
7.206000000,0.542009349,0.146887480,0.597777333,0.543085260,0.146772025,0.569181108,True
7.208000000,0.542009349,0.146887480,0.597777333,0.543088089,0.146772490,0.569321159,True
7.210000000,0.542009349,0.146887480,0.597777333,0.543090635,0.146772937,0.569459600,True
7.212000000,0.542009349,0.146887480,0.597777333,0.543092939,0.146773382,0.569596193,True
7.214000000,0.542009349,0.146887480,0.597777333,0.543095036,0.146773833,0.569730762,True
7.216000000,0.542009203,0.146889242,0.599377332,0.543099072,0.146774729,0.569870691,True
7.218000000,0.542009203,0.146889242,0.599377332,0.543103512,0.146775642,0.570013510,True
7.220000000,0.542009203,0.146889242,0.599377332,0.543107771,0.146776445,0.570157699,True
7.222000000,0.542009203,0.146889242,0.599377332,0.543111662,0.146777125,0.570302238,True
7.224000000,0.542009203,0.146889242,0.599377332,0.543115150,0.146777708,0.570446400,True
7.226000000,0.542009203,0.146889242,0.599377332,0.543118261,0.146778226,0.570589644,True
7.228000000,0.542009203,0.146889242,0.599377332,0.543121038,0.146778706,0.570731560,True
7.230000000,0.542009203,0.146889242,0.599377332,0.543123528,0.146779168,0.570871837,True
7.232000000,0.542009203,0.146889242,0.599377332,0.543125772,0.146779627,0.571010235,True
7.234000000,0.542009203,0.146889242,0.599377332,0.543127807,0.146780092,0.571146577,True
7.236000000,0.542009056,0.146891003,0.600977331,0.543131818,0.146781015,0.571288317,True
7.238000000,0.542009056,0.146891003,0.600977331,0.543136240,0.146781957,0.571432947,True
7.240000000,0.542009056,0.146891003,0.600977331,0.543140479,0.146782786,0.571578934,True
7.242000000,0.542009056,0.146891003,0.600977331,0.543144342,0.146783491,0.571725250,True
7.244000000,0.542009056,0.146891003,0.600977331,0.543147796,0.146784095,0.571871165,True
7.246000000,0.542009056,0.146891003,0.600977331,0.543150867,0.146784632,0.572016136,True
7.248000000,0.542009056,0.146891003,0.600977331,0.543153600,0.146785128,0.572159750,True
7.250000000,0.542009056,0.146891003,0.600977331,0.543156041,0.146785606,0.572301696,True
7.252000000,0.542009056,0.146891003,0.600977331,0.543158234,0.146786079,0.572441734,True
7.254000000,0.542009056,0.146891003,0.600977331,0.543160216,0.146786557,0.572579686,True
7.256000000,0.542008910,0.146892764,0.602577330,0.543172449,0.146789421,0.572759832,True
7.258000000,0.542008910,0.146892764,0.602577330,0.543186796,0.146792302,0.572968334,True
7.260000000,0.542008910,0.146892764,0.602577330,0.543200193,0.146794534,0.573196654,True
7.262000000,0.542008910,0.146892764,0.602577330,0.543211655,0.146796075,0.573438986,True
7.264000000,0.542008910,0.146892764,0.602577330,0.543221231,0.146796781,0.573691525,True
7.266000000,0.542008910,0.146892764,0.602577330,0.543228699,0.146797259,0.573950402,True
7.268000000,0.542008910,0.146892764,0.602577330,0.543234393,0.146797651,0.574213228,True
7.270000000,0.542008910,0.146892764,0.602577330,0.543238604,0.146798053,0.574478102,True
7.272000000,0.542008910,0.146892764,0.602577330,0.543241579,0.146798528,0.574743517,True
7.274000000,0.542008910,0.146892764,0.602577330,0.543243527,0.146799110,0.575008276,True
7.276000000,0.542008764,0.146894525,0.604177329,0.543239890,0.146798720,0.575245129,True
7.278000000,0.542008764,0.146894525,0.604177329,0.543234875,0.146798528,0.575461092,True
7.280000000,0.542008764,0.146894525,0.604177329,0.543230108,0.146798839,0.575660551,True
7.282000000,0.542008764,0.146894525,0.604177329,0.543226135,0.146799633,0.575846516,True
7.284000000,0.542008764,0.146894525,0.604177329,0.543223065,0.146800796,0.576021199,True
7.286000000,0.542008764,0.146894525,0.604177329,0.543220845,0.146802202,0.576186302,True
7.288000000,0.542008764,0.146894525,0.604177329,0.543219366,0.146803748,0.576343176,True
7.290000000,0.542008764,0.146894525,0.604177329,0.543218515,0.146805350,0.576492903,True
7.292000000,0.542008764,0.146894525,0.604177329,0.543218184,0.146806952,0.576636365,True
7.294000000,0.542008764,0.146894525,0.604177329,0.543218276,0.146808521,0.576774285,True
7.296000000,0.542008617,0.146896286,0.605777328,0.543220940,0.146810514,0.576915692,True
7.298000000,0.542008617,0.146896286,0.605777328,0.543224409,0.146812427,0.577058397,True
7.300000000,0.542008617,0.146896286,0.605777328,0.543227986,0.146814100,0.577201165,True
7.302000000,0.542008617,0.146896286,0.605777328,0.543231411,0.146815523,0.577343244,True
7.304000000,0.542008617,0.146896286,0.605777328,0.543234606,0.146816726,0.577484127,True
7.306000000,0.542008617,0.146896286,0.605777328,0.543237560,0.146817753,0.577623457,True
7.308000000,0.542008617,0.146896286,0.605777328,0.543240292,0.146818646,0.577760975,True
7.310000000,0.542008617,0.146896286,0.605777328,0.543242826,0.146819437,0.577896490,True
7.312000000,0.542008617,0.146896286,0.605777328,0.543245187,0.146820153,0.578029860,True
7.314000000,0.542008617,0.146896286,0.605777328,0.543247399,0.146820812,0.578160983,True
7.316000000,0.542008471,0.146898047,0.607377327,0.543251701,0.146821924,0.578297392,True
7.318000000,0.542008471,0.146898047,0.607377327,0.543256455,0.146823025,0.578436570,True
7.320000000,0.542008471,0.146898047,0.607377327,0.543261040,0.146823978,0.578577013,True
7.322000000,0.542008471,0.146898047,0.607377327,0.543265250,0.146824774,0.578717729,True
7.324000000,0.542008471,0.146898047,0.607377327,0.543269049,0.146825442,0.578858021,True
7.326000000,0.542008471,0.146898047,0.607377327,0.543272462,0.146826018,0.578997374,True
7.328000000,0.542008471,0.146898047,0.607377327,0.543275532,0.146826534,0.579135401,True
7.330000000,0.542008471,0.146898047,0.607377327,0.543278307,0.146827015,0.579271807,True
7.332000000,0.542008471,0.146898047,0.607377327,0.543280829,0.146827479,0.579406368,True
7.334000000,0.542008471,0.146898047,0.607377327,0.543283137,0.146827937,0.579538914,True
7.336000000,0.542008325,0.146899809,0.608977326,0.543287530,0.146828896,0.579676934,True
7.338000000,0.542008325,0.146899809,0.608977326,0.543292351,0.146829877,0.579817848,True
7.340000000,0.542008325,0.146899809,0.608977326,0.543296971,0.146830736,0.579960110,True
7.342000000,0.542008325,0.146899809,0.608977326,0.543301190,0.146831457,0.580102701,True
7.344000000,0.542008325,0.146899809,0.608977326,0.543304975,0.146832067,0.580244902,True
7.346000000,0.542008325,0.146899809,0.608977326,0.543308353,0.146832598,0.580386185,True
7.348000000,0.542008325,0.146899809,0.608977326,0.543311373,0.146833080,0.580526150,True
7.350000000,0.542008325,0.146899809,0.608977326,0.543314085,0.146833537,0.580664491,True
7.352000000,0.542008325,0.146899809,0.608977326,0.543316536,0.146833984,0.580800977,True
7.354000000,0.542008325,0.146899809,0.608977326,0.543318763,0.146834433,0.580935434,True
7.356000000,0.542008178,0.146901570,0.610577325,0.543323111,0.146835399,0.581075413,True
7.358000000,0.542008178,0.146901570,0.610577325,0.543327890,0.146836393,0.581218297,True
7.360000000,0.542008178,0.146901570,0.610577325,0.543332464,0.146837266,0.581362522,True
7.362000000,0.542008178,0.146901570,0.610577325,0.543336629,0.146838001,0.581507058,True
7.364000000,0.542008178,0.146901570,0.610577325,0.543340351,0.146838622,0.581651183,True
7.366000000,0.542008178,0.146901570,0.610577325,0.543343661,0.146839165,0.581794364,True
7.368000000,0.542008178,0.146901570,0.610577325,0.543346608,0.146839659,0.581936198,True
7.370000000,0.542008178,0.146901570,0.610577325,0.543349242,0.146840126,0.582076379,True
7.372000000,0.542008178,0.146901570,0.610577325,0.543351611,0.146840583,0.582214675,True
7.374000000,0.542008178,0.146901570,0.610577325,0.543353755,0.146841041,0.582350909,True
7.376000000,0.542008032,0.146903331,0.612177324,0.543358057,0.146842031,0.582492703,True
7.378000000,0.542008032,0.146903331,0.612177324,0.543362797,0.146843049,0.582637405,True
7.380000000,0.542008032,0.146903331,0.612177324,0.543367329,0.146843945,0.582783433,True
7.382000000,0.542008032,0.146903331,0.612177324,0.543371446,0.146844700,0.582929752,True
7.384000000,0.542008032,0.146903331,0.612177324,0.543375113,0.146845339,0.583075635,True
7.386000000,0.542008032,0.146903331,0.612177324,0.543378363,0.146845896,0.583220546,True
7.388000000,0.542008032,0.146903331,0.612177324,0.543381244,0.146846403,0.583364082,True
7.390000000,0.542008032,0.146903331,0.612177324,0.543383811,0.146846881,0.583505937,True
7.392000000,0.542008032,0.146903331,0.612177324,0.543386109,0.146847349,0.583645876,True
7.394000000,0.542008032,0.146903331,0.612177324,0.543388181,0.146847816,0.583783723,True
7.396000000,0.542007886,0.146905092,0.613777323,0.543401006,0.146850910,0.583964426,True
7.398000000,0.542007886,0.146905092,0.613777323,0.543415885,0.146854017,0.584173511,True
7.400000000,0.542007886,0.146905092,0.613777323,0.543429585,0.146856403,0.584402256,True
7.402000000,0.542007886,0.146905092,0.613777323,0.543441097,0.146858010,0.584644836,True
7.404000000,0.542007886,0.146905092,0.613777323,0.543450479,0.146858700,0.584897476,True
7.406000000,0.542007886,0.146905092,0.613777323,0.543457564,0.146859099,0.585156332,True
7.408000000,0.542007886,0.146905092,0.613777323,0.543462718,0.146859362,0.585419050,True
7.410000000,0.542007886,0.146905092,0.613777323,0.543466265,0.146859597,0.585683761,True
7.412000000,0.542007886,0.146905092,0.613777323,0.543468478,0.146859875,0.585948980,True
7.414000000,0.542007886,0.146905092,0.613777323,0.543469588,0.146860240,0.586213526,True
7.416000000,0.542007739,0.146906853,0.615377322,0.543464972,0.146859549,0.586449906,True
7.418000000,0.542007739,0.146906853,0.615377322,0.543459062,0.146859074,0.586665407,True
7.420000000,0.542007739,0.146906853,0.615377322,0.543453546,0.146859146,0.586864496,True
7.422000000,0.542007739,0.146906853,0.615377322,0.543448973,0.146859749,0.587050186,True
7.424000000,0.542007739,0.146906853,0.615377322,0.543445438,0.146860763,0.587224677,True
7.426000000,0.542007739,0.146906853,0.615377322,0.543442866,0.146862057,0.587389653,True
7.428000000,0.542007739,0.146906853,0.615377322,0.543441133,0.146863519,0.587546444,True
7.430000000,0.542007739,0.146906853,0.615377322,0.543440105,0.146865064,0.587696122,True
7.432000000,0.542007739,0.146906853,0.615377322,0.543439661,0.146866630,0.587839558,True
7.434000000,0.542007739,0.146906853,0.615377322,0.543439697,0.146868174,0.587977462,True
7.436000000,0.542007593,0.146908614,0.616977321,0.543442525,0.146870223,0.588119022,True
7.438000000,0.542007593,0.146908614,0.616977321,0.543446222,0.146872209,0.588261894,True
7.440000000,0.542007593,0.146908614,0.616977321,0.543450029,0.146873955,0.588404797,True
7.442000000,0.542007593,0.146908614,0.616977321,0.543453669,0.146875437,0.588546963,True
7.444000000,0.542007593,0.146908614,0.616977321,0.543457060,0.146876685,0.588687891,True
7.446000000,0.542007593,0.146908614,0.616977321,0.543460192,0.146877745,0.588827231,True
7.448000000,0.542007593,0.146908614,0.616977321,0.543463087,0.146878659,0.588964731,True
7.450000000,0.542007593,0.146908614,0.616977321,0.543465771,0.146879462,0.589100206,True
7.452000000,0.542007593,0.146908614,0.616977321,0.543468272,0.146880183,0.589233522,True
7.454000000,0.542007593,0.146908614,0.616977321,0.543470614,0.146880842,0.589364580,True
7.456000000,0.542007447,0.146910376,0.618577320,0.543475226,0.146882026,0.589501087,True
7.458000000,0.542007447,0.146910376,0.618577320,0.543480321,0.146883209,0.589640377,True
7.460000000,0.542007447,0.146910376,0.618577320,0.543485224,0.146884236,0.589780898,True
7.462000000,0.542007447,0.146910376,0.618577320,0.543489717,0.146885089,0.589921650,True
7.464000000,0.542007447,0.146910376,0.618577320,0.543493761,0.146885799,0.590061941,True
7.466000000,0.542007447,0.146910376,0.618577320,0.543497385,0.146886403,0.590201264,True
7.468000000,0.542007447,0.146910376,0.618577320,0.543500639,0.146886937,0.590339240,True
7.470000000,0.542007447,0.146910376,0.618577320,0.543503575,0.146887428,0.590475579,True
7.472000000,0.542007447,0.146910376,0.618577320,0.543506239,0.146887894,0.590610063,True
7.474000000,0.542007447,0.146910376,0.618577320,0.543508674,0.146888350,0.590742526,True
7.476000000,0.542007300,0.146912137,0.620177319,0.543513370,0.146889378,0.590880630,True
7.478000000,0.542007300,0.146912137,0.620177319,0.543518520,0.146890439,0.591021645,True
7.480000000,0.542007300,0.146912137,0.620177319,0.543523446,0.146891368,0.591163976,True
7.482000000,0.542007300,0.146912137,0.620177319,0.543527932,0.146892143,0.591306596,True
7.484000000,0.542007300,0.146912137,0.620177319,0.543531945,0.146892790,0.591448790,True
7.486000000,0.542007300,0.146912137,0.620177319,0.543535517,0.146893346,0.591590037,True
7.488000000,0.542007300,0.146912137,0.620177319,0.543538703,0.146893843,0.591729945,True
7.490000000,0.542007300,0.146912137,0.620177319,0.543541558,0.146894305,0.591868216,True
7.492000000,0.542007300,0.146912137,0.620177319,0.543544131,0.146894751,0.592004623,True
7.494000000,0.542007300,0.146912137,0.620177319,0.543546466,0.146895193,0.592138994,True
7.496000000,0.542007154,0.146913898,0.621777318,0.543551097,0.146896226,0.592279058,True
7.498000000,0.542007154,0.146913898,0.621777318,0.543556186,0.146897296,0.592422045,True
7.500000000,0.542007154,0.146913898,0.621777318,0.543561045,0.146898234,0.592566339,True
7.502000000,0.542007154,0.146913898,0.621777318,0.543565457,0.146899018,0.592710905,True
7.504000000,0.542007154,0.146913898,0.621777318,0.543569387,0.146899674,0.592855024,True
7.506000000,0.542007154,0.146913898,0.621777318,0.543572872,0.146900238,0.592998170,True
7.508000000,0.542007154,0.146913898,0.621777318,0.543575964,0.146900741,0.593139948,True
7.510000000,0.542007154,0.146913898,0.621777318,0.543578721,0.146901210,0.593280060,True
7.512000000,0.542007154,0.146913898,0.621777318,0.543581194,0.146901662,0.593418276,True
7.514000000,0.542007154,0.146913898,0.621777318,0.543583428,0.146902110,0.593554426,True
7.516000000,0.542007008,0.146915659,0.623377317,0.543587993,0.146903162,0.593696308,True
7.518000000,0.542007008,0.146915659,0.623377317,0.543593024,0.146904253,0.593841114,True
7.520000000,0.542007008,0.146915659,0.623377317,0.543597822,0.146905210,0.593987215,True
7.522000000,0.542007008,0.146915659,0.623377317,0.543602167,0.146906011,0.594133566,True
7.524000000,0.542007008,0.146915659,0.623377317,0.543606024,0.146906680,0.594279444,True
7.526000000,0.542007008,0.146915659,0.623377317,0.543609430,0.146907255,0.594424322,True
7.528000000,0.542007008,0.146915659,0.623377317,0.543612440,0.146907768,0.594567804,True
7.530000000,0.542007008,0.146915659,0.623377317,0.543615112,0.146908244,0.594709590,True
7.532000000,0.542007008,0.146915659,0.623377317,0.543617496,0.146908704,0.594849451,True
7.534000000,0.542007008,0.146915659,0.623377317,0.543619640,0.146909157,0.594987216,True
7.536000000,0.542006861,0.146917420,0.624977316,0.543633011,0.146912470,0.595168531,True
7.538000000,0.542006861,0.146917420,0.624977316,0.543648367,0.146915795,0.595378253,True
7.540000000,0.542006861,0.146917420,0.624977316,0.543662318,0.146918325,0.595607473,True
7.542000000,0.542006861,0.146917420,0.624977316,0.543673833,0.146919989,0.595850345,True
7.544000000,0.542006861,0.146917420,0.624977316,0.543682981,0.146920657,0.596103123,True
7.546000000,0.542006861,0.146917420,0.624977316,0.543689646,0.146920973,0.596361987,True
7.548000000,0.542006861,0.146917420,0.624977316,0.543694228,0.146921104,0.596624623,True
7.550000000,0.542006861,0.146917420,0.624977316,0.543697080,0.146921170,0.596889195,True
7.552000000,0.542006861,0.146917420,0.624977316,0.543698503,0.146921250,0.597154238,True
7.554000000,0.542006861,0.146917420,0.624977316,0.543698750,0.146921396,0.597418589,True
7.556000000,0.542006715,0.146919181,0.626577315,0.543693145,0.146920408,0.597654502,True
7.558000000,0.542006715,0.146919181,0.626577315,0.543686333,0.146919652,0.597869549,True
7.560000000,0.542006715,0.146919181,0.626577315,0.543680061,0.146919487,0.598068273,True
7.562000000,0.542006715,0.146919181,0.626577315,0.543674879,0.146919899,0.598253701,True
7.564000000,0.542006715,0.146919181,0.626577315,0.543670868,0.146920765,0.598428013,True
7.566000000,0.542006715,0.146919181,0.626577315,0.543667933,0.146921946,0.598592875,True
7.568000000,0.542006715,0.146919181,0.626577315,0.543665930,0.146923323,0.598749600,True
7.570000000,0.542006715,0.146919181,0.626577315,0.543664710,0.146924808,0.598899245,True
7.572000000,0.542006715,0.146919181,0.626577315,0.543664140,0.146926330,0.599042668,True
7.574000000,0.542006715,0.146919181,0.626577315,0.543664101,0.146927848,0.599180574,True
7.576000000,0.542006569,0.146920943,0.628177314,0.543667060,0.146929973,0.599322331,True
7.578000000,0.542006569,0.146920943,0.628177314,0.543670951,0.146932048,0.599465411,True
7.580000000,0.542006569,0.146920943,0.628177314,0.543674962,0.146933867,0.599608480,True
7.582000000,0.542006569,0.146920943,0.628177314,0.543678797,0.146935403,0.599750759,True
7.584000000,0.542006569,0.146920943,0.628177314,0.543682367,0.146936687,0.599891752,True
7.586000000,0.542006569,0.146920943,0.628177314,0.543685664,0.146937768,0.600031117,True
7.588000000,0.542006569,0.146920943,0.628177314,0.543688709,0.146938693,0.600168614,True
7.590000000,0.542006569,0.146920943,0.628177314,0.543691531,0.146939498,0.600304063,True
7.592000000,0.542006569,0.146920943,0.628177314,0.543694159,0.146940216,0.600437338,True
7.594000000,0.542006569,0.146920943,0.628177314,0.543696621,0.146940867,0.600568345,True
7.596000000,0.542006422,0.146922704,0.629777313,0.543701528,0.146942114,0.600704970,True
7.598000000,0.542006422,0.146922704,0.629777313,0.543706946,0.146943372,0.600844394,True
7.600000000,0.542006422,0.146922704,0.629777313,0.543712150,0.146944463,0.600985014,True
7.602000000,0.542006422,0.146922704,0.629777313,0.543716908,0.146945367,0.601125822,True
7.604000000,0.542006422,0.146922704,0.629777313,0.543721182,0.146946114,0.601266130,True
7.606000000,0.542006422,0.146922704,0.629777313,0.543725004,0.146946744,0.601405439,True
7.608000000,0.542006422,0.146922704,0.629777313,0.543728429,0.146947293,0.601543377,True
7.610000000,0.542006422,0.146922704,0.629777313,0.543731514,0.146947790,0.601679663,True
7.612000000,0.542006422,0.146922704,0.629777313,0.543734309,0.146948257,0.601814084,True
7.614000000,0.542006422,0.146922704,0.629777313,0.543736860,0.146948709,0.601946477,True
7.616000000,0.542006276,0.146924465,0.631377312,0.543741842,0.146949804,0.602084687,True
7.618000000,0.542006276,0.146924465,0.631377312,0.543747304,0.146950941,0.602225825,True
7.620000000,0.542006276,0.146924465,0.631377312,0.543752518,0.146951936,0.602368246,True
7.622000000,0.542006276,0.146924465,0.631377312,0.543757256,0.146952762,0.602510912,True
7.624000000,0.542006276,0.146924465,0.631377312,0.543761482,0.146953445,0.602653116,True
7.626000000,0.542006276,0.146924465,0.631377312,0.543765237,0.146954024,0.602794343,True
7.628000000,0.542006276,0.146924465,0.631377312,0.543768577,0.146954533,0.602934209,True
7.630000000,0.542006276,0.146924465,0.631377312,0.543771563,0.146954999,0.603072421,True
7.632000000,0.542006276,0.146924465,0.631377312,0.543774249,0.146955443,0.603208760,True
7.634000000,0.542006276,0.146924465,0.631377312,0.543776682,0.146955877,0.603343058,True
7.636000000,0.542006130,0.146926226,0.632977311,0.543781581,0.146956973,0.603483227,True
7.638000000,0.542006130,0.146926226,0.632977311,0.543786963,0.146958115,0.603626335,True
7.640000000,0.542006130,0.146926226,0.632977311,0.543792091,0.146959116,0.603770719,True
7.642000000,0.542006130,0.146926226,0.632977311,0.543796735,0.146959947,0.603915332,True
7.644000000,0.542006130,0.146926226,0.632977311,0.543800862,0.146960635,0.604059459,True
7.646000000,0.542006130,0.146926226,0.632977311,0.543804509,0.146961217,0.604202583,True
7.648000000,0.542006130,0.146926226,0.632977311,0.543807737,0.146961729,0.604344318,True
7.650000000,0.542006130,0.146926226,0.632977311,0.543810608,0.146962198,0.604484371,True
7.652000000,0.542006130,0.146926226,0.632977311,0.543813176,0.146962644,0.604622519,True
7.654000000,0.542006130,0.146926226,0.632977311,0.543815490,0.146963081,0.604758594,True
7.656000000,0.542005983,0.146927987,0.634577310,0.543820305,0.146964192,0.604900582,True
7.658000000,0.542005983,0.146927987,0.634577310,0.543825611,0.146965352,0.605045511,True
7.660000000,0.542005983,0.146927987,0.634577310,0.543830661,0.146966368,0.605191702,True
7.662000000,0.542005983,0.146927987,0.634577310,0.543835220,0.146967212,0.605338101,True
7.664000000,0.542005983,0.146927987,0.634577310,0.543839256,0.146967909,0.605483988,True
7.666000000,0.542005983,0.146927987,0.634577310,0.543842808,0.146968500,0.605628845,True
7.668000000,0.542005983,0.146927987,0.634577310,0.543845937,0.146969017,0.605772284,True
7.670000000,0.542005983,0.146927987,0.634577310,0.543848705,0.146969491,0.605914011,True
7.672000000,0.542005983,0.146927987,0.634577310,0.543851169,0.146969940,0.606053803,True
7.674000000,0.542005983,0.146927987,0.634577310,0.543853377,0.146970379,0.606191492,True
7.676000000,0.542005837,0.146929748,0.636177309,0.543867260,0.146973906,0.606373459,True
7.678000000,0.542005837,0.146929748,0.636177309,0.543883053,0.146977440,0.606583860,True
7.680000000,0.542005837,0.146929748,0.636177309,0.543897217,0.146980107,0.606813590,True
7.682000000,0.542005837,0.146929748,0.636177309,0.543908705,0.146981821,0.607056787,True
7.684000000,0.542005837,0.146929748,0.636177309,0.543917592,0.146982462,0.607309726,True
7.686000000,0.542005837,0.146929748,0.636177309,0.543923815,0.146982692,0.607568615,True
7.688000000,0.542005837,0.146929748,0.636177309,0.543927808,0.146982690,0.607831182,True
7.690000000,0.542005837,0.146929748,0.636177309,0.543929952,0.146982586,0.608095620,True
7.692000000,0.542005837,0.146929748,0.636177309,0.543930574,0.146982469,0.608360490,True
7.694000000,0.542005837,0.146929748,0.636177309,0.543929947,0.146982396,0.608624647,True
7.696000000,0.542005691,0.146931510,0.637777308,0.543923355,0.146981114,0.608860084,True
7.698000000,0.542005691,0.146931510,0.637777308,0.543915648,0.146980082,0.609074664,True
7.700000000,0.542005691,0.146931510,0.637777308,0.543908623,0.146979683,0.609273018,True
7.702000000,0.542005691,0.146931510,0.637777308,0.543902835,0.146979907,0.609458177,True
7.704000000,0.542005691,0.146931510,0.637777308,0.543898347,0.146980625,0.609632309,True
7.706000000,0.542005691,0.146931510,0.637777308,0.543895045,0.146981693,0.609797058,True
7.708000000,0.542005691,0.146931510,0.637777308,0.543892768,0.146982987,0.609953719,True
7.710000000,0.542005691,0.146931510,0.637777308,0.543891348,0.146984413,0.610103335,True
7.712000000,0.542005691,0.146931510,0.637777308,0.543890634,0.146985910,0.610246756,True
7.714000000,0.542005691,0.146931510,0.637777308,0.543890504,0.146987417,0.610384676,True
7.716000000,0.542005544,0.146933271,0.639377307,0.543893571,0.146989636,0.610526649,True
7.718000000,0.542005544,0.146933271,0.639377307,0.543897643,0.146991794,0.610669952,True
7.720000000,0.542005544,0.146933271,0.639377307,0.543901851,0.146993671,0.610813195,True
7.722000000,0.542005544,0.146933271,0.639377307,0.543905876,0.146995243,0.610955593,True
7.724000000,0.542005544,0.146933271,0.639377307,0.543909620,0.146996548,0.611096656,True
7.726000000,0.542005544,0.146933271,0.639377307,0.543913077,0.146997639,0.611236055,True
7.728000000,0.542005544,0.146933271,0.639377307,0.543916267,0.146998565,0.611373556,True
7.730000000,0.542005544,0.146933271,0.639377307,0.543919223,0.146999366,0.611508988,True
7.732000000,0.542005544,0.146933271,0.639377307,0.543921975,0.147000075,0.611642230,True
7.734000000,0.542005544,0.146933271,0.639377307,0.543924552,0.147000716,0.611773193,True
7.736000000,0.542005398,0.146935032,0.640977306,0.543929742,0.147002024,0.611909954,True
7.738000000,0.542005398,0.146935032,0.640977306,0.543935470,0.147003353,0.612049530,True
7.740000000,0.542005398,0.146935032,0.640977306,0.543940964,0.147004508,0.612190266,True
7.742000000,0.542005398,0.146935032,0.640977306,0.543945977,0.147005460,0.612331143,True
7.744000000,0.542005398,0.146935032,0.640977306,0.543950473,0.147006242,0.612471479,True
7.746000000,0.542005398,0.146935032,0.640977306,0.543954487,0.147006894,0.612610784,True
7.748000000,0.542005398,0.146935032,0.640977306,0.543958078,0.147007456,0.612748693,True
7.750000000,0.542005398,0.146935032,0.640977306,0.543961306,0.147007958,0.612884933,True
7.752000000,0.542005398,0.146935032,0.640977306,0.543964229,0.147008424,0.613019294,True
7.754000000,0.542005398,0.146935032,0.640977306,0.543966892,0.147008871,0.613151621,True
7.756000000,0.542005252,0.146936793,0.642577305,0.543972152,0.147010031,0.613289951,True
7.758000000,0.542005252,0.146936793,0.642577305,0.543977915,0.147011242,0.613431225,True
7.760000000,0.542005252,0.146936793,0.642577305,0.543983407,0.147012300,0.613573748,True
7.762000000,0.542005252,0.146936793,0.642577305,0.543988387,0.147013175,0.613716473,True
7.764000000,0.542005252,0.146936793,0.642577305,0.543992821,0.147013892,0.613858695,True
7.766000000,0.542005252,0.146936793,0.642577305,0.543996751,0.147014492,0.613999909,True
7.768000000,0.542005252,0.146936793,0.642577305,0.544000241,0.147015011,0.614139738,True
7.770000000,0.542005252,0.146936793,0.642577305,0.544003355,0.147015480,0.614277898,True
7.772000000,0.542005252,0.146936793,0.642577305,0.544006151,0.147015920,0.614414172,True
7.774000000,0.542005252,0.146936793,0.642577305,0.544008680,0.147016346,0.614548400,True
7.776000000,0.542005105,0.146938554,0.644177304,0.544013837,0.147017503,0.614688685,True
7.778000000,0.542005105,0.146938554,0.644177304,0.544019503,0.147018717,0.614831929,True
7.780000000,0.542005105,0.146938554,0.644177304,0.544024891,0.147019777,0.614976413,True
7.782000000,0.542005105,0.146938554,0.644177304,0.544029760,0.147020653,0.615121082,True
7.784000000,0.542005105,0.146938554,0.644177304,0.544034075,0.147021371,0.615265226,True
7.786000000,0.542005105,0.146938554,0.644177304,0.544037880,0.147021971,0.615408335,True
7.788000000,0.542005105,0.146938554,0.644177304,0.544041240,0.147022491,0.615550032,True
7.790000000,0.542005105,0.146938554,0.644177304,0.544044221,0.147022959,0.615690030,True
7.792000000,0.542005105,0.146938554,0.644177304,0.544046882,0.147023397,0.615828112,True
7.794000000,0.542005105,0.146938554,0.644177304,0.544049275,0.147023822,0.615964115,True
7.796000000,0.542004959,0.146940315,0.645777303,0.544054332,0.147024991,0.616106220,True
7.798000000,0.542004959,0.146940315,0.645777303,0.544059904,0.147026218,0.616251285,True
7.800000000,0.542004959,0.146940315,0.645777303,0.544065196,0.147027291,0.616397577,True
7.802000000,0.542004959,0.146940315,0.645777303,0.544069963,0.147028176,0.616544032,True
7.804000000,0.542004959,0.146940315,0.645777303,0.544074170,0.147028900,0.616689935,True
7.806000000,0.542004959,0.146940315,0.645777303,0.544077864,0.147029504,0.616834776,True
7.808000000,0.542004959,0.146940315,0.645777303,0.544081108,0.147030026,0.616978176,True
7.810000000,0.542004959,0.146940315,0.645777303,0.544083971,0.147030495,0.617119847,True
7.812000000,0.542004959,0.146940315,0.645777303,0.544086512,0.147030933,0.617259573,True
7.814000000,0.542004959,0.146940315,0.645777303,0.544088784,0.147031357,0.617397189,True
7.816000000,0.542004813,0.146942077,0.647377302,0.544110455,0.147037144,0.617587626,True
7.818000000,0.542004813,0.146942077,0.647377302,0.544128877,0.147041544,0.617802425,True
7.820000000,0.542004813,0.146942077,0.647377302,0.544143691,0.147044516,0.618034584,True
7.822000000,0.542004813,0.146942077,0.647377302,0.544154982,0.147046297,0.618279120,True
7.824000000,0.542004813,0.146942077,0.647377302,0.544163098,0.147047192,0.618532318,True
7.826000000,0.542004813,0.146942077,0.647377302,0.544168474,0.147047483,0.618791319,True
7.828000000,0.542004813,0.146942077,0.647377302,0.544171542,0.147047396,0.619053874,True
7.830000000,0.542004813,0.146942077,0.647377302,0.544172690,0.147047103,0.619318206,True
7.832000000,0.542004813,0.146942077,0.647377302,0.544172256,0.147046722,0.619582895,True
7.834000000,0.542004813,0.146942077,0.647377302,0.544170525,0.147046339,0.619846816,True
7.836000000,0.542004666,0.146943838,0.648977301,0.544162816,0.147044670,0.620081734,True
7.838000000,0.542004666,0.146943838,0.648977301,0.544153960,0.147043590,0.620295636,True
7.840000000,0.542004666,0.146943838,0.648977301,0.544146059,0.147043054,0.620493509,True
7.842000000,0.542004666,0.146943838,0.648977301,0.544139598,0.147043084,0.620678335,True
7.844000000,0.542004666,0.146943838,0.648977301,0.544134593,0.147043576,0.620852239,True
7.846000000,0.542004666,0.146943838,0.648977301,0.544130900,0.147044405,0.621016830,True
7.848000000,0.542004666,0.146943838,0.648977301,0.544128330,0.147045456,0.621173377,True
7.850000000,0.542004666,0.146943838,0.648977301,0.544126703,0.147046640,0.621322902,True
7.852000000,0.542004666,0.146943838,0.648977301,0.544125856,0.147047890,0.621466238,True
7.854000000,0.542004666,0.146943838,0.648977301,0.544125650,0.147049158,0.621604073,True
7.856000000,0.542004520,0.146945599,0.650577300,0.544128855,0.147051171,0.621746104,True
7.858000000,0.542004520,0.146945599,0.650577300,0.544133104,0.147053184,0.621889487,True
7.860000000,0.542004520,0.146945599,0.650577300,0.544137476,0.147054962,0.622032785,True
7.862000000,0.542004520,0.146945599,0.650577300,0.544141638,0.147056467,0.622175199,True
7.864000000,0.542004520,0.146945599,0.650577300,0.544145495,0.147057728,0.622316240,True
7.866000000,0.542004520,0.146945599,0.650577300,0.544149042,0.147058790,0.622455583,True
7.868000000,0.542004520,0.146945599,0.650577300,0.544152306,0.147059699,0.622593000,True
7.870000000,0.542004520,0.146945599,0.650577300,0.544155323,0.147060490,0.622728327,True
7.872000000,0.542004520,0.146945599,0.650577300,0.544158127,0.147061194,0.622861446,True
7.874000000,0.542004520,0.146945599,0.650577300,0.544160749,0.147061832,0.622992273,True
7.876000000,0.542004374,0.146947360,0.652177299,0.544166143,0.147063209,0.623129084,True
7.878000000,0.542004374,0.146947360,0.652177299,0.544172101,0.147064617,0.623268720,True
7.880000000,0.542004374,0.146947360,0.652177299,0.544177806,0.147065841,0.623409475,True
7.882000000,0.542004374,0.146947360,0.652177299,0.544183001,0.147066849,0.623550323,True
7.884000000,0.542004374,0.146947360,0.652177299,0.544187647,0.147067671,0.623690584,True
7.886000000,0.542004374,0.146947360,0.652177299,0.544191786,0.147068351,0.623829780,True
7.888000000,0.542004374,0.146947360,0.652177299,0.544195479,0.147068929,0.623967555,True
7.890000000,0.542004374,0.146947360,0.652177299,0.544198793,0.147069439,0.624103642,True
7.892000000,0.542004374,0.146947360,0.652177299,0.544201785,0.147069906,0.624237838,True
7.894000000,0.542004374,0.146947360,0.652177299,0.544204507,0.147070347,0.624369993,True
7.896000000,0.542004227,0.146949121,0.653777298,0.544209980,0.147071568,0.624508341,True
7.898000000,0.542004227,0.146949121,0.653777298,0.544215980,0.147072848,0.624649651,True
7.900000000,0.542004227,0.146949121,0.653777298,0.544221688,0.147073964,0.624792173,True
7.902000000,0.542004227,0.146949121,0.653777298,0.544226850,0.147074880,0.624934852,True
7.904000000,0.542004227,0.146949121,0.653777298,0.544231434,0.147075624,0.625076987,True
7.906000000,0.542004227,0.146949121,0.653777298,0.544235486,0.147076239,0.625218082,True
7.908000000,0.542004227,0.146949121,0.653777298,0.544239073,0.147076762,0.625357770,True
7.910000000,0.542004227,0.146949121,0.653777298,0.544242265,0.147077226,0.625495773,True
7.912000000,0.542004227,0.146949121,0.653777298,0.544245124,0.147077655,0.625631881,True
7.914000000,0.542004227,0.146949121,0.653777298,0.544247703,0.147078064,0.625765936,True
7.916000000,0.542004081,0.146950882,0.655377297,0.544253065,0.147079272,0.625906244,True
7.918000000,0.542004081,0.146950882,0.655377297,0.544258957,0.147080544,0.626049528,True
7.920000000,0.542004081,0.146950882,0.655377297,0.544264550,0.147081654,0.626194018,True
7.922000000,0.542004081,0.146950882,0.655377297,0.544269589,0.147082563,0.626338647,True
7.924000000,0.542004081,0.146950882,0.655377297,0.544274043,0.147083300,0.626482710,True
7.926000000,0.542004081,0.146950882,0.655377297,0.544277959,0.147083907,0.626625708,True
7.928000000,0.542004081,0.146950882,0.655377297,0.544281405,0.147084423,0.626767270,True
7.930000000,0.542004081,0.146950882,0.655377297,0.544284452,0.147084880,0.626907118,True
7.932000000,0.542004081,0.146950882,0.655377297,0.544287164,0.147085300,0.627045041,True
7.934000000,0.542004081,0.146950882,0.655377297,0.544289594,0.147085703,0.627180878,True
7.936000000,0.542003935,0.146952644,0.656977296,0.544294844,0.147086917,0.627323015,True
7.938000000,0.542003935,0.146952644,0.656977296,0.544300630,0.147088198,0.627468131,True
7.940000000,0.542003935,0.146952644,0.656977296,0.544306115,0.147089314,0.627614438,True
7.942000000,0.542003935,0.146952644,0.656977296,0.544311040,0.147090228,0.627760861,True
7.944000000,0.542003935,0.146952644,0.656977296,0.544315374,0.147090967,0.627906693,True
7.946000000,0.542003935,0.146952644,0.656977296,0.544319165,0.147091574,0.628051431,True
7.948000000,0.542003935,0.146952644,0.656977296,0.544322484,0.147092088,0.628194704,True
7.950000000,0.542003935,0.146952644,0.656977296,0.544325401,0.147092542,0.628336233,True
7.952000000,0.542003935,0.146952644,0.656977296,0.544327981,0.147092959,0.628475806,True
7.954000000,0.542003935,0.146952644,0.656977296,0.544330280,0.147093357,0.628613264,True
7.956000000,0.542003788,0.146954405,0.658577295,0.544351801,0.147099186,0.628804139,True
7.958000000,0.542003788,0.146954405,0.658577295,0.544370332,0.147103712,0.629019454,True
7.960000000,0.542003788,0.146954405,0.658577295,0.544385166,0.147106774,0.629251982,True
7.962000000,0.542003788,0.146954405,0.658577295,0.544396294,0.147108578,0.629496701,True
7.964000000,0.542003788,0.146954405,0.658577295,0.544404061,0.147109431,0.629749918,True
7.966000000,0.542003788,0.146954405,0.658577295,0.544408925,0.147109623,0.630008809,True
7.968000000,0.542003788,0.146954405,0.658577295,0.544411345,0.147109391,0.630271165,True
7.970000000,0.542003788,0.146954405,0.658577295,0.544411734,0.147108914,0.630535234,True
7.972000000,0.542003788,0.146954405,0.658577295,0.544410453,0.147108321,0.630799624,True
7.974000000,0.542003788,0.146954405,0.658577295,0.544407808,0.147107702,0.631063225,True
7.976000000,0.542003642,0.146956166,0.660177294,0.544399106,0.147105730,0.631297539,True
7.978000000,0.542003642,0.146956166,0.660177294,0.544389515,0.147104050,0.631511021,True
7.980000000,0.542003642,0.146956166,0.660177294,0.544380756,0.147103444,0.631708361,True
7.982000000,0.542003642,0.146956166,0.660177294,0.544373619,0.147103407,0.631892794,True
7.984000000,0.542003642,0.146956166,0.660177294,0.544368088,0.147103832,0.632066413,True
7.986000000,0.542003642,0.146956166,0.660177294,0.544363989,0.147104595,0.632230800,True
7.988000000,0.542003642,0.146956166,0.660177294,0.544361113,0.147105584,0.632387200,True
7.990000000,0.542003642,0.146956166,0.660177294,0.544359259,0.147106712,0.632536617,True
7.992000000,0.542003642,0.146956166,0.660177294,0.544358253,0.147107911,0.632679874,True
7.994000000,0.542003642,0.146956166,0.660177294,0.544357942,0.147109132,0.632817647,True
7.996000000,0.542003496,0.146957927,0.661777293,0.544361237,0.147111173,0.632959824,True
7.998000000,0.542003496,0.146957927,0.661777293,0.544365633,0.147113227,0.633103373,True
8.000000000,0.542003496,0.146957927,0.661777293,0.544370158,0.147115040,0.633246797,True
8.002000000,0.542003496,0.146957927,0.661777293,0.544374465,0.147116570,0.633389287,True
8.004000000,0.542003496,0.146957927,0.661777293,0.544378456,0.147117845,0.633530355,True
8.006000000,0.542003496,0.146957927,0.661777293,0.544382125,0.147118913,0.633669687,True
8.008000000,0.542003496,0.146957927,0.661777293,0.544385501,0.147119819,0.633807062,True
8.010000000,0.542003496,0.146957927,0.661777293,0.544388620,0.147120603,0.633942324,True
8.012000000,0.542003496,0.146957927,0.661777293,0.544391520,0.147121295,0.634075362,True
8.014000000,0.542003496,0.146957927,0.661777293,0.544394232,0.147121919,0.634206096,True
8.016000000,0.542003349,0.146959688,0.663377292,0.544399870,0.147123349,0.634343010,True
8.018000000,0.542003349,0.146959688,0.663377292,0.544406097,0.147124820,0.634482765,True
8.020000000,0.542003349,0.146959688,0.663377292,0.544412053,0.147126098,0.634623599,True
8.022000000,0.542003349,0.146959688,0.663377292,0.544417468,0.147127145,0.634764476,True
8.024000000,0.542003349,0.146959688,0.663377292,0.544422305,0.147127993,0.634904723,True
8.026000000,0.542003349,0.146959688,0.663377292,0.544426607,0.147128687,0.635043868,True
8.028000000,0.542003349,0.146959688,0.663377292,0.544430442,0.147129270,0.635181567,True
8.030000000,0.542003349,0.146959688,0.663377292,0.544433878,0.147129778,0.635317558,True
8.032000000,0.542003349,0.146959688,0.663377292,0.544436978,0.147130236,0.635451647,True
8.034000000,0.542003349,0.146959688,0.663377292,0.544439795,0.147130663,0.635583686,True
8.036000000,0.542003203,0.146961449,0.664977292,0.544445514,0.147131939,0.635722120,True
8.038000000,0.542003203,0.146961449,0.664977292,0.544451780,0.147133282,0.635863537,True
8.040000000,0.542003203,0.146961449,0.664977292,0.544457732,0.147134450,0.636006127,True
8.042000000,0.542003203,0.146961449,0.664977292,0.544463106,0.147135405,0.636148825,True
8.044000000,0.542003203,0.146961449,0.664977292,0.544467871,0.147136173,0.636290937,True
8.046000000,0.542003203,0.146961449,0.664977292,0.544472076,0.147136800,0.636431976,True
8.048000000,0.542003203,0.146961449,0.664977292,0.544475792,0.147137326,0.636571582,True
8.050000000,0.542003203,0.146961449,0.664977292,0.544479093,0.147137785,0.636709486,True
8.052000000,0.542003203,0.146961449,0.664977292,0.544482046,0.147138202,0.636845483,True
8.054000000,0.542003203,0.146961449,0.664977292,0.544484705,0.147138596,0.636979420,True
8.056000000,0.542003057,0.146963211,0.666577291,0.544490298,0.147139855,0.637119815,True
8.058000000,0.542003057,0.146963211,0.666577291,0.544496440,0.147141188,0.637263207,True
8.060000000,0.542003057,0.146963211,0.666577291,0.544502261,0.147142347,0.637407766,True
8.062000000,0.542003057,0.146963211,0.666577291,0.544507497,0.147143292,0.637552416,True
8.064000000,0.542003057,0.146963211,0.666577291,0.544512116,0.147144051,0.637696459,True
8.066000000,0.542003057,0.146963211,0.666577291,0.544516168,0.147144667,0.637839401,True
8.068000000,0.542003057,0.146963211,0.666577291,0.544519727,0.147145183,0.637980884,True
8.070000000,0.542003057,0.146963211,0.666577291,0.544522868,0.147145632,0.638120634,True
8.072000000,0.542003057,0.146963211,0.666577291,0.544525658,0.147146038,0.638258448,True
8.074000000,0.542003057,0.146963211,0.666577291,0.544528154,0.147146422,0.638394169,True
8.076000000,0.542002910,0.146964972,0.668177290,0.544549679,0.147152286,0.638583654,True
8.078000000,0.542002910,0.146964972,0.668177290,0.544568374,0.147156903,0.638797483,True
8.080000000,0.542002910,0.146964972,0.668177290,0.544583285,0.147160026,0.639028295,True
8.082000000,0.542002910,0.146964972,0.668177290,0.544594346,0.147161841,0.639271070,True
8.084000000,0.542002910,0.146964972,0.668177290,0.544601904,0.147162655,0.639522161,True
8.086000000,0.542002910,0.146964972,0.668177290,0.544606434,0.147162763,0.639778794,True
8.088000000,0.542002910,0.146964972,0.668177290,0.544608416,0.147162411,0.640038803,True
8.090000000,0.542002910,0.146964972,0.668177290,0.544608284,0.147161784,0.640300475,True
8.092000000,0.542002910,0.146964972,0.668177290,0.544606415,0.147161018,0.640562445,True
8.094000000,0.542002910,0.146964972,0.668177290,0.544603130,0.147160208,0.640823625,True
8.096000000,0.542002764,0.146966733,0.669777289,0.544593779,0.147158000,0.641055446,True
8.098000000,0.542002764,0.146966733,0.669777289,0.544583640,0.147156099,0.641266592,True
8.100000000,0.542002764,0.146966733,0.669777289,0.544574590,0.147154979,0.641461883,True
8.102000000,0.542002764,0.146966733,0.669777289,0.544567173,0.147154626,0.641644370,True
8.104000000,0.542002764,0.146966733,0.669777289,0.544561260,0.147155255,0.641816115,True
8.106000000,0.542002764,0.146966733,0.669777289,0.544556928,0.147156147,0.641978802,True
8.108000000,0.542002764,0.146966733,0.669777289,0.544553924,0.147157206,0.642133628,True
8.110000000,0.542002764,0.146966733,0.669777289,0.544552022,0.147158358,0.642281566,True
8.112000000,0.542002764,0.146966733,0.669777289,0.544551028,0.147159551,0.642423416,True
8.114000000,0.542002764,0.146966733,0.669777289,0.544550777,0.147160746,0.642559841,True
8.116000000,0.542002618,0.146968494,0.671377288,0.544554281,0.147162803,0.642700857,True
8.118000000,0.542002618,0.146968494,0.671377288,0.544558928,0.147164873,0.642843270,True
8.120000000,0.542002618,0.146968494,0.671377288,0.544563711,0.147166694,0.642985537,True
8.122000000,0.542002618,0.146968494,0.671377288,0.544568268,0.147168220,0.643126839,True
8.124000000,0.542002618,0.146968494,0.671377288,0.544572499,0.147169483,0.643266699,True
8.126000000,0.542002618,0.146968494,0.671377288,0.544576397,0.147170533,0.643404806,True
8.128000000,0.542002618,0.146968494,0.671377288,0.544579993,0.147171418,0.643540950,True
8.130000000,0.542002618,0.146968494,0.671377288,0.544583324,0.147172178,0.643674981,True
8.132000000,0.542002618,0.146968494,0.671377288,0.544586427,0.147172845,0.643806795,True
8.134000000,0.542002618,0.146968494,0.671377288,0.544589336,0.147173445,0.643936315,True
8.136000000,0.542002471,0.146970255,0.672977287,0.544595288,0.147174908,0.644072182,True
8.138000000,0.542002471,0.146970255,0.672977287,0.544601845,0.147176422,0.644210906,True
8.140000000,0.542002471,0.146970255,0.672977287,0.544608114,0.147177736,0.644350679,True
8.142000000,0.542002471,0.146970255,0.672977287,0.544613818,0.147178811,0.644490461,True
8.144000000,0.542002471,0.146970255,0.672977287,0.544618919,0.147179677,0.644629587,True
8.146000000,0.542002471,0.146970255,0.672977287,0.544623464,0.147180382,0.644767595,True
8.148000000,0.542002471,0.146970255,0.672977287,0.544627522,0.147180970,0.644904150,True
8.150000000,0.542002471,0.146970255,0.672977287,0.544631166,0.147181477,0.645038998,True
8.152000000,0.542002471,0.146970255,0.672977287,0.544634459,0.147181930,0.645171950,True
8.154000000,0.542002471,0.146970255,0.672977287,0.544637458,0.147182350,0.645302864,True
8.156000000,0.542002325,0.146972016,0.674577286,0.544643474,0.147183674,0.645440344,True
8.158000000,0.542002325,0.146972016,0.674577286,0.544650050,0.147185072,0.645580823,True
8.160000000,0.542002325,0.146972016,0.674577286,0.544656294,0.147186288,0.645722448,True
8.162000000,0.542002325,0.146972016,0.674577286,0.544661934,0.147187278,0.645864149,True
8.164000000,0.542002325,0.146972016,0.674577286,0.544666939,0.147188071,0.646005238,True
8.166000000,0.542002325,0.146972016,0.674577286,0.544671361,0.147188713,0.646145236,True
8.168000000,0.542002325,0.146972016,0.674577286,0.544675276,0.147189246,0.646283795,True
8.170000000,0.542002325,0.146972016,0.674577286,0.544678759,0.147189706,0.646420652,True
8.172000000,0.542002325,0.146972016,0.674577286,0.544681880,0.147190119,0.646555608,True
8.174000000,0.542002325,0.146972016,0.674577286,0.544684696,0.147190505,0.646688514,True
8.176000000,0.542002179,0.146973778,0.676177285,0.544690560,0.147191811,0.646828053,True
8.178000000,0.542002179,0.146973778,0.676177285,0.544696987,0.147193196,0.646970606,True
8.180000000,0.542002179,0.146973778,0.676177285,0.544703075,0.147194400,0.647114298,True
8.182000000,0.542002179,0.146973778,0.676177285,0.544708551,0.147195378,0.647258048,True
8.184000000,0.542002179,0.146973778,0.676177285,0.544713385,0.147196159,0.647401161,True
8.186000000,0.542002179,0.146973778,0.676177285,0.544717629,0.147196787,0.647543159,True
8.188000000,0.542002179,0.146973778,0.676177285,0.544721362,0.147197307,0.647683687,True
8.190000000,0.542002179,0.146973778,0.676177285,0.544724661,0.147197753,0.647822482,True
8.192000000,0.542002179,0.146973778,0.676177285,0.544727594,0.147198152,0.647959344,True
8.194000000,0.542002179,0.146973778,0.676177285,0.544730224,0.147198523,0.648094122,True
8.196000000,0.542002032,0.146975539,0.677777284,0.544735936,0.147199830,0.648235585,True
8.198000000,0.542002032,0.146975539,0.677777284,0.544742218,0.147201218,0.648380064,True
8.200000000,0.542002032,0.146975539,0.677777284,0.544748159,0.147202422,0.648525667,True
8.202000000,0.542002032,0.146975539,0.677777284,0.544753483,0.147203398,0.648671304,True
8.204000000,0.542002032,0.146975539,0.677777284,0.544758159,0.147204173,0.648816277,True
8.206000000,0.542002032,0.146975539,0.677777284,0.544762242,0.147204795,0.648960103,True
8.208000000,0.542002032,0.146975539,0.677777284,0.544765810,0.147205306,0.649102430,True
8.210000000,0.542002032,0.146975539,0.677777284,0.544768942,0.147205743,0.649242991,True
8.212000000,0.542002032,0.146975539,0.677777284,0.544771709,0.147206132,0.649381588,True
8.214000000,0.542002032,0.146975539,0.677777284,0.544774171,0.147206493,0.649518069,True
8.216000000,0.542001886,0.146977300,0.679377283,0.544795491,0.147212409,0.649709045,True
8.218000000,0.542001886,0.146977300,0.679377283,0.544814248,0.147217165,0.649924567,True
8.220000000,0.542001886,0.146977300,0.679377283,0.544829133,0.147220391,0.650156977,True
8.222000000,0.542001886,0.146977300,0.679377283,0.544839992,0.147222245,0.650401188,True
8.224000000,0.542001886,0.146977300,0.679377283,0.544847166,0.147223032,0.650653559,True
8.226000000,0.542001886,0.146977300,0.679377283,0.544851151,0.147223060,0.650911346,True
8.228000000,0.542001886,0.146977300,0.679377283,0.544852451,0.147222582,0.651172414,True
8.230000000,0.542001886,0.146977300,0.679377283,0.544851526,0.147221793,0.651435074,True
8.232000000,0.542001886,0.146977300,0.679377283,0.544848777,0.147220837,0.651697980,True
8.234000000,0.542001886,0.146977300,0.679377283,0.544844541,0.147219817,0.651960059,True
8.236000000,0.542001740,0.146979061,0.680977282,0.544834148,0.147217320,0.652192355,True
8.238000000,0.542001740,0.146979061,0.680977282,0.544823062,0.147215148,0.652403920,True
8.240000000,0.542001740,0.146979061,0.680977282,0.544813217,0.147213776,0.652599704,True
8.242000000,0.542001740,0.146979061,0.680977282,0.544805134,0.147213223,0.652782742,True
8.244000000,0.542001740,0.146979061,0.680977282,0.544798677,0.147213705,0.652955097,True
8.246000000,0.542001740,0.146979061,0.680977282,0.544793894,0.147214492,0.653118427,True
8.248000000,0.542001740,0.146979061,0.680977282,0.544790529,0.147215471,0.653273921,True
8.250000000,0.542001740,0.146979061,0.680977282,0.544788342,0.147216563,0.653422538,True
8.252000000,0.542001740,0.146979061,0.680977282,0.544787126,0.147217711,0.653565070,True
8.254000000,0.542001740,0.146979061,0.680977282,0.544786709,0.147218874,0.653702173,True
8.256000000,0.542001593,0.146980822,0.682577281,0.544790236,0.147220975,0.653844093,True
8.258000000,0.542001593,0.146980822,0.682577281,0.544794963,0.147223105,0.653987429,True
8.260000000,0.542001593,0.146980822,0.682577281,0.544799835,0.147224979,0.654130569,True
8.262000000,0.542001593,0.146980822,0.682577281,0.544804478,0.147226548,0.654272680,True
8.264000000,0.542001593,0.146980822,0.682577281,0.544808786,0.147227842,0.654413287,True
8.266000000,0.542001593,0.146980822,0.682577281,0.544812753,0.147228913,0.654552089,True
8.268000000,0.542001593,0.146980822,0.682577281,0.544816411,0.147229811,0.654688883,True
8.270000000,0.542001593,0.146980822,0.682577281,0.544819799,0.147230578,0.654823528,True
8.272000000,0.542001593,0.146980822,0.682577281,0.544822954,0.147231246,0.654955925,True
8.274000000,0.542001593,0.146980822,0.682577281,0.544825910,0.147231841,0.655086003,True
8.276000000,0.542001447,0.146982583,0.684177280,0.544832060,0.147233367,0.655222648,True
8.278000000,0.542001447,0.146982583,0.684177280,0.544838839,0.147234952,0.655362165,True
8.280000000,0.542001447,0.146982583,0.684177280,0.544845313,0.147236325,0.655502684,True
8.282000000,0.542001447,0.146982583,0.684177280,0.544851195,0.147237445,0.655643153,True
8.284000000,0.542001447,0.146982583,0.684177280,0.544856447,0.147238342,0.655782910,True
8.286000000,0.542001447,0.146982583,0.684177280,0.544861118,0.147239066,0.655921502,True
8.288000000,0.542001447,0.146982583,0.684177280,0.544865283,0.147239663,0.656058602,True
8.290000000,0.542001447,0.146982583,0.684177280,0.544869017,0.147240171,0.656193966,True
8.292000000,0.542001447,0.146982583,0.684177280,0.544872387,0.147240620,0.656327408,True
8.294000000,0.542001447,0.146982583,0.684177280,0.544875451,0.147241030,0.656458792,True
8.296000000,0.542001301,0.146984345,0.685777279,0.544881675,0.147242410,0.656596969,True
8.298000000,0.542001301,0.146984345,0.685777279,0.544888480,0.147243873,0.656738164,True
8.300000000,0.542001301,0.146984345,0.685777279,0.544894931,0.147245142,0.656880460,True
8.302000000,0.542001301,0.146984345,0.685777279,0.544900750,0.147246172,0.657022775,True
8.304000000,0.542001301,0.146984345,0.685777279,0.544905903,0.147246991,0.657164425,True
8.306000000,0.542001301,0.146984345,0.685777279,0.544910449,0.147247647,0.657304940,True
8.308000000,0.542001301,0.146984345,0.685777279,0.544914465,0.147248185,0.657443980,True
8.310000000,0.542001301,0.146984345,0.685777279,0.544918032,0.147248642,0.657581289,True
8.312000000,0.542001301,0.146984345,0.685777279,0.544921221,0.147249046,0.657716675,True
8.314000000,0.542001301,0.146984345,0.685777279,0.544924094,0.147249418,0.657849993,True
8.316000000,0.542001154,0.146986106,0.687377278,0.544930158,0.147250777,0.657990172,True
8.318000000,0.542001154,0.146986106,0.687377278,0.544936803,0.147252224,0.658133386,True
8.320000000,0.542001154,0.146986106,0.687377278,0.544943088,0.147253478,0.658277695,True
8.322000000,0.542001154,0.146986106,0.687377278,0.544948731,0.147254492,0.658422004,True
8.324000000,0.542001154,0.146986106,0.687377278,0.544953703,0.147255295,0.658565626,True
8.326000000,0.542001154,0.146986106,0.687377278,0.544958060,0.147255935,0.658708086,True
8.328000000,0.542001154,0.146986106,0.687377278,0.544961884,0.147256457,0.658849043,True
8.330000000,0.542001154,0.146986106,0.687377278,0.544965255,0.147256897,0.658988239,True
8.332000000,0.542001154,0.146986106,0.687377278,0.544968248,0.147257284,0.659125480,True
8.334000000,0.542001154,0.146986106,0.687377278,0.544970923,0.147257639,0.659260622,True
8.336000000,0.542001008,0.146987867,0.688977277,0.544976824,0.147258997,0.659402677,True
8.338000000,0.542001008,0.146987867,0.688977277,0.544983313,0.147260443,0.659547771,True
8.340000000,0.542001008,0.146987867,0.688977277,0.544989439,0.147261695,0.659693943,True
8.342000000,0.542001008,0.146987867,0.688977277,0.544994918,0.147262704,0.659840093,True
8.344000000,0.542001008,0.146987867,0.688977277,0.544999721,0.147263499,0.659985526,True
8.346000000,0.542001008,0.146987867,0.688977277,0.545003906,0.147264129,0.660129770,True
8.348000000,0.542001008,0.146987867,0.688977277,0.545007556,0.147264639,0.660272479,True
8.350000000,0.542001008,0.146987867,0.688977277,0.545010751,0.147265067,0.660413396,True
8.352000000,0.542001008,0.146987867,0.688977277,0.545013566,0.147265442,0.660552327,True
8.354000000,0.542001008,0.146987867,0.688977277,0.545016065,0.147265784,0.660689127,True
8.356000000,0.542000862,0.146989628,0.690577276,0.545037241,0.147271755,0.660881128,True
8.358000000,0.542000862,0.146989628,0.690577276,0.545056094,0.147276646,0.661097843,True
8.360000000,0.542000862,0.146989628,0.690577276,0.545070985,0.147279973,0.661331320,True
8.362000000,0.542000862,0.146989628,0.690577276,0.545081682,0.147281866,0.661576408,True
8.364000000,0.542000862,0.146989628,0.690577276,0.545088520,0.147282631,0.661829483,True
8.366000000,0.542000862,0.146989628,0.690577276,0.545092015,0.147282583,0.662087833,True
8.368000000,0.542000862,0.146989628,0.690577276,0.545092696,0.147281985,0.662349360,True
8.370000000,0.542000862,0.146989628,0.690577276,0.545091047,0.147281043,0.662612406,True
8.372000000,0.542000862,0.146989628,0.690577276,0.545087488,0.147279907,0.662875647,True
8.374000000,0.542000862,0.146989628,0.690577276,0.545082374,0.147278685,0.663138030,True
8.376000000,0.542000715,0.146991389,0.692177275,0.545071030,0.147275914,0.663370235,True
8.378000000,0.542000715,0.146991389,0.692177275,0.545059093,0.147273484,0.663581691,True
8.380000000,0.542000715,0.146991389,0.692177275,0.545048532,0.147271895,0.663777450,True
8.382000000,0.542000715,0.146991389,0.692177275,0.545039865,0.147271165,0.663960561,True
8.384000000,0.542000715,0.146991389,0.692177275,0.545033080,0.147271134,0.664133117,True
8.386000000,0.542000715,0.146991389,0.692177275,0.545027840,0.147272004,0.664296626,True
8.388000000,0.542000715,0.146991389,0.692177275,0.545024133,0.147273043,0.664452366,True
8.390000000,0.542000715,0.146991389,0.692177275,0.545021699,0.147274167,0.664601271,True
8.392000000,0.542000715,0.146991389,0.692177275,0.545020311,0.147275325,0.664744114,True
8.394000000,0.542000715,0.146991389,0.692177275,0.545019781,0.147276483,0.664881538,True
8.396000000,0.542000569,0.146993150,0.693777274,0.545023381,0.147278635,0.665024020,True
8.398000000,0.542000569,0.146993150,0.693777274,0.545028235,0.147280817,0.665167938,True
8.400000000,0.542000569,0.146993150,0.693777274,0.545033246,0.147282730,0.665311612,True
8.402000000,0.542000569,0.146993150,0.693777274,0.545038024,0.147284324,0.665454197,True
8.404000000,0.542000569,0.146993150,0.693777274,0.545042461,0.147285632,0.665595219,True
8.406000000,0.542000569,0.146993150,0.693777274,0.545046550,0.147286706,0.665734387,True
8.408000000,0.542000569,0.146993150,0.693777274,0.545050324,0.147287600,0.665871507,True
8.410000000,0.542000569,0.146993150,0.693777274,0.545053821,0.147288356,0.666006445,True
8.412000000,0.542000569,0.146993150,0.693777274,0.545057080,0.147289011,0.666139108,True
8.414000000,0.542000569,0.146993150,0.693777274,0.545060137,0.147289590,0.666269432,True
8.416000000,0.542000423,0.146994912,0.695377273,0.545066529,0.147291167,0.666406550,True
8.418000000,0.542000423,0.146994912,0.695377273,0.545073570,0.147292811,0.666546557,True
8.420000000,0.542000423,0.146994912,0.695377273,0.545080289,0.147294235,0.666687519,True
8.422000000,0.542000423,0.146994912,0.695377273,0.545086390,0.147295393,0.666828371,True
8.424000000,0.542000423,0.146994912,0.695377273,0.545091835,0.147296317,0.666968457,True
8.426000000,0.542000423,0.146994912,0.695377273,0.545096678,0.147297057,0.667107334,True
8.428000000,0.542000423,0.146994912,0.695377273,0.545100994,0.147297662,0.667244684,True
8.430000000,0.542000423,0.146994912,0.695377273,0.545104862,0.147298172,0.667380270,True
8.432000000,0.542000423,0.146994912,0.695377273,0.545108353,0.147298616,0.667513914,True
8.434000000,0.542000423,0.146994912,0.695377273,0.545111526,0.147299019,0.667645483,True
8.436000000,0.542000276,0.146996673,0.696977272,0.545117995,0.147300457,0.667784079,True
8.438000000,0.542000276,0.146996673,0.696977272,0.545125061,0.147301985,0.667925714,True
8.440000000,0.542000276,0.146996673,0.696977272,0.545131754,0.147303310,0.668068405,True
8.442000000,0.542000276,0.146996673,0.696977272,0.545137785,0.147304381,0.668211058,True
8.444000000,0.542000276,0.146996673,0.696977272,0.545143124,0.147305228,0.668352995,True
8.446000000,0.542000276,0.146996673,0.696977272,0.545147830,0.147305902,0.668493754,True
8.448000000,0.542000276,0.146996673,0.696977272,0.545151987,0.147306448,0.668633006,True
8.450000000,0.542000276,0.146996673,0.696977272,0.545155677,0.147306906,0.668770501,True
8.452000000,0.542000276,0.146996673,0.696977272,0.545158974,0.147307305,0.668906054,True
8.454000000,0.542000276,0.146996673,0.696977272,0.545161944,0.147307667,0.669039525,True
8.456000000,0.542000130,0.146998434,0.698577271,0.545168237,0.147309082,0.669180094,True
8.458000000,0.542000130,0.146998434,0.698577271,0.545175129,0.147310592,0.669323718,True
8.460000000,0.542000130,0.146998434,0.698577271,0.545181640,0.147311899,0.669468393,True
8.462000000,0.542000130,0.146998434,0.698577271,0.545187481,0.147312952,0.669613012,True
8.464000000,0.542000130,0.146998434,0.698577271,0.545192622,0.147313780,0.669756892,True
8.466000000,0.542000130,0.146998434,0.698577271,0.545197125,0.147314433,0.669899570,True
8.468000000,0.542000130,0.146998434,0.698577271,0.545201075,0.147314959,0.670040711,True
8.470000000,0.542000130,0.146998434,0.698577271,0.545204555,0.147315397,0.670180066,True
8.472000000,0.542000130,0.146998434,0.698577271,0.545207641,0.147315776,0.670317449,True
8.474000000,0.542000000,0.147000000,0.700000000,0.545213670,0.147317099,0.670461125,True
8.476000000,0.542000000,0.147000000,0.700000000,0.545220178,0.147318498,0.670607381,True
8.478000000,0.542000000,0.147000000,0.700000000,0.545226288,0.147319708,0.670754373,True
8.480000000,0.542000000,0.147000000,0.700000000,0.545231745,0.147320683,0.670901077,True
8.482000000,0.542000000,0.147000000,0.700000000,0.545236533,0.147321453,0.671046861,True
8.484000000,0.542000000,0.147000000,0.700000000,0.545240712,0.147322064,0.671191295,True
8.486000000,0.542000000,0.147000000,0.700000000,0.545244365,0.147322559,0.671334069,True
8.488000000,0.542000000,0.147000000,0.700000000,0.545247574,0.147322975,0.671474954,True
8.490000000,0.542000000,0.147000000,0.700000000,0.545250410,0.147323338,0.671613777,True
8.492000000,0.542000000,0.147000000,0.700000000,0.545252935,0.147323670,0.671750409,True
8.494000000,0.545252935,0.147323670,0.671750409,0.545245458,0.147321172,0.671815976,True
8.496000000,0.545252935,0.147323670,0.671750409,0.545240033,0.147319884,0.671834572,True
8.498000000,0.545252935,0.147323670,0.671750409,0.545240420,0.147320709,0.671819490,True
8.500000000,0.545252935,0.147323670,0.671750409,0.545247077,0.147323874,0.671778972,True
8.502000000,0.545252935,0.147323670,0.671750409,0.545259645,0.147328380,0.671718956,True
8.504000000,0.545252935,0.147323670,0.671750409,0.545277231,0.147333793,0.671643759,True
8.506000000,0.545252935,0.147323670,0.671750409,0.545298947,0.147339720,0.671556766,True
8.508000000,0.545252935,0.147323670,0.671750409,0.545323976,0.147345887,0.671460657,True
8.510000000,0.545252935,0.147323670,0.671750409,0.545351617,0.147352099,0.671357597,True
8.512000000,0.545252935,0.147323670,0.671750409,0.545381280,0.147358220,0.671249346,True
8.514000000,0.545235682,0.145730794,0.671900241,0.545412720,0.147364312,0.671135145,True
8.516000000,0.545235682,0.145730794,0.671900241,0.545445616,0.147370332,0.671016742,True
8.518000000,0.545235682,0.145730794,0.671900241,0.545479628,0.147376220,0.670895472,True
8.520000000,0.545235682,0.145730794,0.671900241,0.545514437,0.147381930,0.670772386,True
8.522000000,0.545235682,0.145730794,0.671900241,0.545549769,0.147387429,0.670648324,True
8.524000000,0.545235682,0.145730794,0.671900241,0.545585394,0.147392700,0.670523957,True
8.526000000,0.545235682,0.145730794,0.671900241,0.545621120,0.147397737,0.670399826,True
8.528000000,0.545235682,0.145730794,0.671900241,0.545656790,0.147402540,0.670276363,True
8.530000000,0.545235682,0.145730794,0.671900241,0.545692277,0.147407118,0.670153914,True
8.532000000,0.545235682,0.145730794,0.671900241,0.545727478,0.147411482,0.670032753,True
8.534000000,0.545218429,0.144137918,0.672050073,0.545763177,0.147415966,0.669907951,True
8.536000000,0.545218429,0.144137918,0.672050073,0.545799388,0.147420570,0.669780952,True
8.538000000,0.545218429,0.144137918,0.672050073,0.545835978,0.147425236,0.669652776,True
8.540000000,0.545218429,0.144137918,0.672050073,0.545872779,0.147429906,0.669524188,True
8.542000000,0.545218429,0.144137918,0.672050073,0.545909625,0.147434530,0.669395782,True
8.544000000,0.545218429,0.144137918,0.672050073,0.545946376,0.147439071,0.669268022,True
8.546000000,0.545218429,0.144137918,0.672050073,0.545982909,0.147443507,0.669141277,True
8.548000000,0.545218429,0.144137918,0.672050073,0.546019126,0.147447821,0.669015839,True
8.550000000,0.545218429,0.144137918,0.672050073,0.546054948,0.147452006,0.668891936,True
8.552000000,0.545218429,0.144137918,0.672050073,0.546090311,0.147456061,0.668769746,True
8.554000000,0.545201176,0.142545043,0.672199905,0.546126097,0.147460283,0.668644086,True
8.556000000,0.545201176,0.142545043,0.672199905,0.546162332,0.147464662,0.668516367,True
8.558000000,0.545201176,0.142545043,0.672199905,0.546198894,0.147469137,0.668387583,True
8.560000000,0.545201176,0.142545043,0.672199905,0.546235623,0.147473643,0.668258481,True
8.562000000,0.545201176,0.142545043,0.672199905,0.546272365,0.147478126,0.668129635,True
8.564000000,0.545201176,0.142545043,0.672199905,0.546308983,0.147482546,0.668001500,True
8.566000000,0.545201176,0.142545043,0.672199905,0.546345363,0.147486877,0.667874431,True
8.568000000,0.545201176,0.142545043,0.672199905,0.546381411,0.147491100,0.667748712,True
8.570000000,0.545201176,0.142545043,0.672199905,0.546417050,0.147495207,0.667624565,True
8.572000000,0.545201176,0.142545043,0.672199905,0.546452221,0.147499191,0.667502160,True
8.574000000,0.545183923,0.140952167,0.672349737,0.546487805,0.147503347,0.667376292,True
8.576000000,0.545183923,0.140952167,0.672349737,0.546523831,0.147507662,0.667248371,True
8.578000000,0.545183923,0.140952167,0.672349737,0.546560179,0.147512074,0.667119391,True
8.580000000,0.545183923,0.140952167,0.672349737,0.546596691,0.147516520,0.666990097,True
8.582000000,0.545183923,0.140952167,0.672349737,0.546633213,0.147520944,0.666861065,True
8.584000000,0.545183923,0.140952167,0.672349737,0.546669610,0.147525308,0.666732747,True
8.586000000,0.545183923,0.140952167,0.672349737,0.546705769,0.147529583,0.666605501,True
8.588000000,0.545183923,0.140952167,0.672349737,0.546741597,0.147533752,0.666479610,True
8.590000000,0.545183923,0.140952167,0.672349737,0.546777018,0.147537806,0.666355294,True
8.592000000,0.545183923,0.140952167,0.672349737,0.546811972,0.147541739,0.666232726,True
8.594000000,0.545166670,0.139359291,0.672499569,0.546847336,0.147545842,0.666106693,True
8.596000000,0.545166670,0.139359291,0.672499569,0.546883137,0.147550103,0.665978603,True
8.598000000,0.545166670,0.139359291,0.672499569,0.546919258,0.147554462,0.665849453,True
8.600000000,0.545166670,0.139359291,0.672499569,0.546955542,0.147558853,0.665719989,True
8.602000000,0.545166670,0.139359291,0.672499569,0.546991837,0.147563223,0.665590787,True
8.604000000,0.545166670,0.139359291,0.672499569,0.547028007,0.147567533,0.665462301,True
8.606000000,0.545166670,0.139359291,0.672499569,0.547063941,0.147571754,0.665334889,True
8.608000000,0.545166670,0.139359291,0.672499569,0.547099545,0.147575870,0.665208833,True
8.610000000,0.545166670,0.139359291,0.672499569,0.547134745,0.147579870,0.665084356,True
8.612000000,0.545166670,0.139359291,0.672499569,0.547169482,0.147583751,0.664961628,True
8.614000000,0.545149417,0.137766416,0.672649401,0.547204623,0.147587800,0.664835432,True
8.616000000,0.545149417,0.137766416,0.672649401,0.547240199,0.147592007,0.664707176,True
8.618000000,0.545149417,0.137766416,0.672649401,0.547276092,0.147596311,0.664577858,True
8.620000000,0.545149417,0.137766416,0.672649401,0.547312148,0.147600646,0.664448225,True
8.622000000,0.545149417,0.137766416,0.672649401,0.547348214,0.147604960,0.664318854,True
8.624000000,0.545149417,0.137766416,0.672649401,0.547384157,0.147609214,0.664190200,True
8.626000000,0.545149417,0.137766416,0.672649401,0.547419865,0.147613380,0.664062622,True
8.628000000,0.545149417,0.137766416,0.672649401,0.547455246,0.147617441,0.663936403,True
8.630000000,0.545149417,0.137766416,0.672649401,0.547490224,0.147621387,0.663811764,True
8.632000000,0.545149417,0.137766416,0.672649401,0.547524741,0.147625214,0.663688879,True
8.634000000,0.545132164,0.136173540,0.672799233,0.547559659,0.147629209,0.663562522,True
8.636000000,0.545132164,0.136173540,0.672799233,0.547595008,0.147633361,0.663434103,True
8.638000000,0.545132164,0.136173540,0.672799233,0.547630672,0.147637608,0.663304620,True
8.640000000,0.545132164,0.136173540,0.672799233,0.547666498,0.147641887,0.663174821,True
8.642000000,0.545132164,0.136173540,0.672799233,0.547702335,0.147646145,0.663045284,True
8.644000000,0.545132164,0.136173540,0.672799233,0.547738049,0.147650343,0.662916466,True
8.646000000,0.545132164,0.136173540,0.672799233,0.547773529,0.147654454,0.662788724,True
8.648000000,0.545132164,0.136173540,0.672799233,0.547808684,0.147658460,0.662662344,True
8.650000000,0.545132164,0.136173540,0.672799233,0.547843440,0.147662352,0.662537547,True
8.652000000,0.545132164,0.136173540,0.672799233,0.547877737,0.147666126,0.662414506,True
8.654000000,0.545114910,0.134580665,0.672949065,0.547900025,0.147638095,0.662301811,True
8.656000000,0.545114910,0.134580665,0.672949065,0.547917485,0.147587414,0.662202716,True
8.658000000,0.545114910,0.134580665,0.672949065,0.547932957,0.147520070,0.662116806,True
8.660000000,0.545114910,0.134580665,0.672949065,0.547947523,0.147440328,0.662042502,True
8.662000000,0.545114910,0.134580665,0.672949065,0.547961577,0.147351385,0.661978026,True
8.664000000,0.545114910,0.134580665,0.672949065,0.547975245,0.147255704,0.661921730,True
8.666000000,0.545114910,0.134580665,0.672949065,0.547988559,0.147155207,0.661872198,True
8.668000000,0.545114910,0.134580665,0.672949065,0.548001518,0.147051408,0.661828251,True
8.670000000,0.545114910,0.134580665,0.672949065,0.548014119,0.146945496,0.661788914,True
8.672000000,0.545114910,0.134580665,0.672949065,0.548026356,0.146838408,0.661753396,True
8.674000000,0.545097657,0.132987789,0.673098896,0.548036512,0.146724958,0.661718237,True
8.676000000,0.545097657,0.132987789,0.673098896,0.548046158,0.146607517,0.661684675,True
8.678000000,0.545097657,0.132987789,0.673098896,0.548055835,0.146487649,0.661652970,True
8.680000000,0.545097657,0.132987789,0.673098896,0.548065679,0.146366469,0.661623037,True
8.682000000,0.545097657,0.132987789,0.673098896,0.548075681,0.146244810,0.661594683,True
8.684000000,0.545097657,0.132987789,0.673098896,0.548085786,0.146123309,0.661567709,True
8.686000000,0.545097657,0.132987789,0.673098896,0.548095929,0.146002459,0.661541933,True
8.688000000,0.545097657,0.132987789,0.673098896,0.548106053,0.145882639,0.661517203,True
8.690000000,0.545097657,0.132987789,0.673098896,0.548116109,0.145764144,0.661493393,True
8.692000000,0.545097657,0.132987789,0.673098896,0.548126059,0.145647197,0.661470400,True
8.694000000,0.545080404,0.131394913,0.673248728,0.548134091,0.145525236,0.661446100,True
8.696000000,0.545080404,0.131394913,0.673248728,0.548141763,0.145400363,0.661422029,True
8.698000000,0.545080404,0.131394913,0.673248728,0.548149603,0.145273928,0.661398692,True
8.700000000,0.545080404,0.131394913,0.673248728,0.548157733,0.145146878,0.661376197,True
8.702000000,0.545080404,0.131394913,0.673248728,0.548166131,0.145019913,0.661354513,True
8.704000000,0.545080404,0.131394913,0.673248728,0.548174728,0.144893563,0.661333570,True
8.706000000,0.545080404,0.131394913,0.673248728,0.548183449,0.144768238,0.661313292,True
8.708000000,0.545080404,0.131394913,0.673248728,0.548192228,0.144644253,0.661293613,True
8.710000000,0.545080404,0.131394913,0.673248728,0.548201007,0.144521846,0.661274477,True
8.712000000,0.545080404,0.131394913,0.673248728,0.548209741,0.144401201,0.661255839,True
8.714000000,0.545063151,0.129802038,0.673398560,0.548216587,0.144275605,0.661235764,True
8.716000000,0.545063151,0.129802038,0.673398560,0.548223104,0.144147155,0.661215797,True
8.718000000,0.545063151,0.129802038,0.673398560,0.548229815,0.144017203,0.661196449,True
8.720000000,0.545063151,0.129802038,0.673398560,0.548236843,0.143886696,0.661177836,True
8.722000000,0.545063151,0.129802038,0.673398560,0.548244164,0.143756333,0.661159933,True
8.724000000,0.545063151,0.129802038,0.673398560,0.548251709,0.143626649,0.661142673,True
8.726000000,0.545063151,0.129802038,0.673398560,0.548259402,0.143498051,0.661125987,True
8.728000000,0.545063151,0.129802038,0.673398560,0.548267175,0.143370855,0.661109813,True
8.730000000,0.545063151,0.129802038,0.673398560,0.548274971,0.143245300,0.661094097,True
8.732000000,0.545063151,0.129802038,0.673398560,0.548282742,0.143121570,0.661078799,True
8.734000000,0.545045898,0.128209162,0.673548392,0.548288631,0.142992880,0.661062066,True
8.736000000,0.545045898,0.128209162,0.673548392,0.548294196,0.142861339,0.661045427,True
8.738000000,0.545045898,0.128209162,0.673548392,0.548299965,0.142728311,0.661029380,True
8.740000000,0.545045898,0.128209162,0.673548392,0.548306061,0.142594751,0.661014034,True
8.742000000,0.545045898,0.128209162,0.673548392,0.548312461,0.142461369,0.660999357,True
8.744000000,0.545045898,0.128209162,0.673548392,0.548319096,0.142328703,0.660985278,True
8.746000000,0.545045898,0.128209162,0.673548392,0.548325893,0.142197167,0.660971724,True
8.748000000,0.545045898,0.128209162,0.673548392,0.548332784,0.142067079,0.660958629,True
8.750000000,0.545045898,0.128209162,0.673548392,0.548339711,0.141938681,0.660945940,True
8.752000000,0.545045898,0.128209162,0.673548392,0.548346628,0.141812159,0.660933612,True
8.754000000,0.545028645,0.126616287,0.673698224,0.548351667,0.141680668,0.660919866,True
8.756000000,0.545028645,0.126616287,0.673698224,0.548356387,0.141546328,0.660906209,True
8.758000000,0.545028645,0.126616287,0.673698224,0.548361315,0.141410511,0.660893127,True
8.760000000,0.545028645,0.126616287,0.673698224,0.548366577,0.141274184,0.660880720,True
8.762000000,0.545028645,0.126616287,0.673698224,0.548372150,0.141138063,0.660868949,True
8.764000000,0.545028645,0.126616287,0.673698224,0.548377969,0.141002692,0.660857738,True
8.766000000,0.545028645,0.126616287,0.673698224,0.548383959,0.140868490,0.660847011,True
8.768000000,0.545028645,0.126616287,0.673698224,0.548390055,0.140735778,0.660836698,True
8.770000000,0.545028645,0.126616287,0.673698224,0.548396198,0.140604802,0.660826743,True
8.772000000,0.545028645,0.126616287,0.673698224,0.548402344,0.140475746,0.660817102,True
8.774000000,0.545011392,0.125023411,0.673848056,0.548406618,0.140341715,0.660806060,True
8.776000000,0.545011392,0.125023411,0.673848056,0.548410576,0.140204837,0.660795103,True
8.778000000,0.545011392,0.125023411,0.673848056,0.548414747,0.140066491,0.660784707,True
8.780000000,0.545011392,0.125023411,0.673848056,0.548419256,0.139927655,0.660774962,True
8.782000000,0.545011392,0.125023411,0.673848056,0.548424085,0.139789050,0.660765823,True
8.784000000,0.545011392,0.125023411,0.673848056,0.548429166,0.139651226,0.660757210,True
8.786000000,0.545011392,0.125023411,0.673848056,0.548434428,0.139514606,0.660749041,True
8.788000000,0.545011392,0.125023411,0.673848056,0.548439804,0.139379514,0.660741247,True
8.790000000,0.545011392,0.125023411,0.673848056,0.548445239,0.139246198,0.660733769,True
8.792000000,0.545011392,0.125023411,0.673848056,0.548450687,0.139114845,0.660726561,True
8.794000000,0.544994139,0.123430535,0.673997888,0.548454270,0.138978512,0.660717970,True
8.796000000,0.544994139,0.123430535,0.673997888,0.548457542,0.138839334,0.660709463,True
8.798000000,0.544994139,0.123430535,0.673997888,0.548461029,0.138698698,0.660701503,True
8.800000000,0.544994139,0.123430535,0.673997888,0.548464859,0.138557588,0.660694171,True
8.802000000,0.544994139,0.123430535,0.673997888,0.548469013,0.138416732,0.660687418,True
8.804000000,0.544994139,0.123430535,0.673997888,0.548473428,0.138276685,0.660681160,True
8.806000000,0.544994139,0.123430535,0.673997888,0.548478030,0.138137873,0.660675312,True
8.808000000,0.544994139,0.123430535,0.673997888,0.548482754,0.138000624,0.660669801,True
8.810000000,0.544994139,0.123430535,0.673997888,0.548487547,0.137865187,0.660664567,True
8.812000000,0.544994139,0.123430535,0.673997888,0.548492362,0.137731751,0.660659564,True
8.814000000,0.544976885,0.121837660,0.674147720,0.548495324,0.137593333,0.660653196,True
8.816000000,0.544976885,0.121837660,0.674147720,0.548497976,0.137452070,0.660646910,True
8.818000000,0.544976885,0.121837660,0.674147720,0.548500847,0.137309359,0.660641158,True
8.820000000,0.544976885,0.121837660,0.674147720,0.548504064,0.137166187,0.660636014,True
8.822000000,0.544976885,0.121837660,0.674147720,0.548507610,0.137023291,0.660631424,True
8.824000000,0.544976885,0.121837660,0.674147720,0.548511420,0.136881228,0.660627300,True
8.826000000,0.544976885,0.121837660,0.674147720,0.548515426,0.136740429,0.660623553,True
8.828000000,0.544976885,0.121837660,0.674147720,0.548519562,0.136601223,0.660620109,True
8.830000000,0.544976885,0.121837660,0.674147720,0.548523773,0.136463862,0.660616908,True
8.832000000,0.544976885,0.121837660,0.674147720,0.548528016,0.136328536,0.660613900,True
8.834000000,0.544959632,0.120244784,0.674297552,0.548530416,0.136188227,0.660609548,True
8.836000000,0.544959632,0.120244784,0.674297552,0.548532511,0.136045075,0.660605277,True
8.838000000,0.544959632,0.120244784,0.674297552,0.548534827,0.135900482,0.660601527,True
8.840000000,0.544959632,0.120244784,0.674297552,0.548537491,0.135755442,0.660598367,True
8.842000000,0.544959632,0.120244784,0.674297552,0.548540487,0.135610695,0.660595736,True
8.844000000,0.544959632,0.120244784,0.674297552,0.548543753,0.135466805,0.660593543,True
8.846000000,0.544959632,0.120244784,0.674297552,0.548547219,0.135324204,0.660591700,True
8.848000000,0.544959632,0.120244784,0.674297552,0.548550822,0.135183224,0.660590129,True
8.850000000,0.544959632,0.120244784,0.674297552,0.548554507,0.135044120,0.660588767,True
8.852000000,0.544959632,0.120244784,0.674297552,0.548558231,0.134907081,0.660587567,True
8.854000000,0.544942379,0.118651909,0.674447384,0.548560125,0.134765060,0.660585042,True
8.856000000,0.544942379,0.118651909,0.674447384,0.548561718,0.134620197,0.660582599,True
8.858000000,0.544942379,0.118651909,0.674447384,0.548563533,0.134473898,0.660580665,True
8.860000000,0.544942379,0.118651909,0.674447384,0.548565699,0.134327165,0.660579302,True
8.862000000,0.544942379,0.118651909,0.674447384,0.548568199,0.134180740,0.660578447,True
8.864000000,0.544942379,0.118651909,0.674447384,0.548570972,0.134035192,0.660578005,True
8.866000000,0.544942379,0.118651909,0.674447384,0.548573950,0.133890957,0.660577886,True
8.868000000,0.544942379,0.118651909,0.674447384,0.548577070,0.133748368,0.660578010,True
8.870000000,0.544942379,0.118651909,0.674447384,0.548580279,0.133607681,0.660578316,True
8.872000000,0.544942379,0.118651909,0.674447384,0.548583534,0.133469089,0.660578751,True
8.874000000,0.544925126,0.117059033,0.674597216,0.548584973,0.133325515,0.660577884,True
8.876000000,0.544925126,0.117059033,0.674597216,0.548586114,0.133179101,0.660577098,True
8.878000000,0.544925126,0.117059033,0.674597216,0.548587479,0.133031257,0.660576810,True
8.880000000,0.544925126,0.117059033,0.674597216,0.548589194,0.132882989,0.660577077,True
8.882000000,0.544925126,0.117059033,0.674597216,0.548591246,0.132735043,0.660577831,True
8.884000000,0.544925126,0.117059033,0.674597216,0.548593575,0.132587993,0.660578976,True
8.886000000,0.544925126,0.117059033,0.674597216,0.548596112,0.132442276,0.660580418,True
8.888000000,0.544925126,0.117059033,0.674597216,0.548598795,0.132298228,0.660582078,True
8.890000000,0.544925126,0.117059033,0.674597216,0.548601573,0.132156106,0.660583892,True
8.892000000,0.544925126,0.117059033,0.674597216,0.548604402,0.132016104,0.660585809,True
8.894000000,0.544907873,0.115466157,0.674747048,0.548605431,0.131871124,0.660586444,True
8.896000000,0.544907873,0.115466157,0.674747048,0.548606166,0.131723305,0.660587161,True
8.898000000,0.544907873,0.115466157,0.674747048,0.548607124,0.131574062,0.660588366,True
8.900000000,0.544907873,0.115466157,0.674747048,0.548608435,0.131424402,0.660590110,True
8.902000000,0.544907873,0.115466157,0.674747048,0.548610083,0.131275079,0.660592321,True
8.904000000,0.544907873,0.115466157,0.674747048,0.548612009,0.131126666,0.660594903,True
8.906000000,0.544907873,0.115466157,0.674747048,0.548614147,0.130979605,0.660597759,True
8.908000000,0.544907873,0.115466157,0.674747048,0.548616435,0.130834234,0.660600809,True
8.910000000,0.544907873,0.115466157,0.674747048,0.548618822,0.130690811,0.660603988,True
8.912000000,0.544907873,0.115466157,0.674747048,0.548621266,0.130549531,0.660607246,True
8.914000000,0.544890620,0.113873282,0.674896880,0.548621926,0.130403277,0.660609244,True
8.916000000,0.544890620,0.113873282,0.674896880,0.548622296,0.130254185,0.660611324,True
8.918000000,0.544890620,0.113873282,0.674896880,0.548622889,0.130103673,0.660613882,True
8.920000000,0.544890620,0.113873282,0.674896880,0.548623834,0.129952752,0.660616964,True
8.922000000,0.544890620,0.113873282,0.674896880,0.548625117,0.129802179,0.660620497,True
8.924000000,0.544890620,0.113873282,0.674896880,0.548626680,0.129652531,0.660624379,True
8.926000000,0.544890620,0.113873282,0.674896880,0.548628457,0.129504252,0.660628515,True
8.928000000,0.544890620,0.113873282,0.674896880,0.548630388,0.129357681,0.660632824,True
8.930000000,0.544890620,0.113873282,0.674896880,0.548632422,0.129213079,0.660637239,True
8.932000000,0.544890620,0.113873282,0.674896880,0.548634516,0.129070639,0.660641710,True
8.934000000,0.544873367,0.112280406,0.675046712,0.548634844,0.128923230,0.660644943,True
8.936000000,0.544873367,0.112280406,0.675046712,0.548634886,0.128772986,0.660648258,True
8.938000000,0.544873367,0.112280406,0.675046712,0.548635152,0.128621324,0.660652044,True
8.940000000,0.544873367,0.112280406,0.675046712,0.548635768,0.128469260,0.660656339,True
8.942000000,0.544873367,0.112280406,0.675046712,0.548636722,0.128317555,0.660661068,True
8.944000000,0.544873367,0.112280406,0.675046712,0.548637957,0.128166787,0.660666129,True
8.946000000,0.544873367,0.112280406,0.675046712,0.548639408,0.128017403,0.660671424,True
8.948000000,0.544873367,0.112280406,0.675046712,0.548641015,0.127869744,0.660676871,True
8.950000000,0.544873367,0.112280406,0.675046712,0.548642728,0.127724071,0.660682405,True
8.952000000,0.544873367,0.112280406,0.675046712,0.548644506,0.127580579,0.660687973,True
8.954000000,0.544856114,0.110687530,0.675196544,0.548644536,0.127432124,0.660692326,True
8.956000000,0.544856114,0.110687530,0.675196544,0.548644284,0.127280835,0.660696763,True
8.958000000,0.544856114,0.110687530,0.675196544,0.548644255,0.127128132,0.660701660,True
8.960000000,0.544856114,0.110687530,0.675196544,0.548644575,0.126975032,0.660707055,True
8.962000000,0.544856114,0.110687530,0.675196544,0.548645233,0.126822300,0.660712867,True
8.964000000,0.544856114,0.110687530,0.675196544,0.548646171,0.126670516,0.660718994,True
8.966000000,0.544856114,0.110687530,0.675196544,0.548647327,0.126520130,0.660725338,True
8.968000000,0.544856114,0.110687530,0.675196544,0.548648642,0.126371484,0.660731816,True
8.970000000,0.544856114,0.110687530,0.675196544,0.548650065,0.126224840,0.660738361,True
8.972000000,0.544856114,0.110687530,0.675196544,0.548651556,0.126080394,0.660744922,True
8.974000000,0.544838860,0.109094655,0.675346376,0.548651318,0.125930991,0.660750291,True
8.976000000,0.544838860,0.109094655,0.675346376,0.548650802,0.125778757,0.660755744,True
8.978000000,0.544838860,0.109094655,0.675346376,0.548650508,0.125625109,0.660761650,True
8.980000000,0.544838860,0.109094655,0.675346376,0.548650562,0.125471071,0.660768040,True
8.982000000,0.544838860,0.109094655,0.675346376,0.548650953,0.125317408,0.660774834,True
8.984000000,0.544838860,0.109094655,0.675346376,0.548651624,0.125164704,0.660781927,True
8.986000000,0.544838860,0.109094655,0.675346376,0.548652513,0.125013408,0.660789220,True
8.988000000,0.544838860,0.109094655,0.675346376,0.548653563,0.124863866,0.660796629,True
8.990000000,0.544838860,0.109094655,0.675346376,0.548654724,0.124716341,0.660804089,True
8.992000000,0.544838860,0.109094655,0.675346376,0.548655955,0.124571030,0.660811547,True
8.994000000,0.544821607,0.107501779,0.675496208,0.548655477,0.124420768,0.660817837,True
8.996000000,0.544821607,0.107501779,0.675496208,0.548654725,0.124267677,0.660824212,True
8.998000000,0.544821607,0.107501779,0.675496208,0.548654193,0.124113175,0.660831032,True
9.000000000,0.544821607,0.107501779,0.675496208,0.548654008,0.123958286,0.660838325,True
9.002000000,0.544821607,0.107501779,0.675496208,0.548654157,0.123803779,0.660846008,True
9.004000000,0.544821607,0.107501779,0.675496208,0.548654587,0.123650240,0.660853974,True
9.006000000,0.544821607,0.107501779,0.675496208,0.548655236,0.123498121,0.660862125,True
9.008000000,0.544821607,0.107501779,0.675496208,0.548656045,0.123347767,0.660870378,True
9.010000000,0.544821607,0.107501779,0.675496208,0.548656968,0.123199443,0.660878666,True
9.012000000,0.544821607,0.107501779,0.675496208,0.548657963,0.123053347,0.660886935,True
9.014000000,0.544804354,0.105908904,0.675646040,0.548657270,0.122902308,0.660894060,True
9.016000000,0.544804354,0.105908904,0.675646040,0.548656306,0.122748441,0.660901271,True
9.018000000,0.544804354,0.105908904,0.675646040,0.548655562,0.122593165,0.660908920,True
9.020000000,0.544804354,0.105908904,0.675646040,0.548655162,0.122437505,0.660917030,True
9.022000000,0.544804354,0.105908904,0.675646040,0.548655094,0.122282233,0.660925517,True
9.024000000,0.544804354,0.105908904,0.675646040,0.548655306,0.122127937,0.660934275,True
9.026000000,0.544804354,0.105908904,0.675646040,0.548655737,0.121975070,0.660943203,True
9.028000000,0.544804354,0.105908904,0.675646040,0.548656329,0.121823979,0.660952218,True
9.030000000,0.544804354,0.105908904,0.675646040,0.548657036,0.121674931,0.660961253,True
9.032000000,0.544804354,0.105908904,0.675646040,0.548657818,0.121528123,0.660970256,True
9.034000000,0.544787101,0.104316028,0.675795872,0.548656932,0.121376380,0.660978137,True
9.036000000,0.544787101,0.104316028,0.675795872,0.548655780,0.121221809,0.660986106,True
9.038000000,0.544787101,0.104316028,0.675795872,0.548654845,0.121065831,0.660994506,True
9.040000000,0.544787101,0.104316028,0.675795872,0.548654251,0.120909474,0.661003357,True
9.042000000,0.544787101,0.104316028,0.675795872,0.548653989,0.120753508,0.661012572,True
9.044000000,0.544787101,0.104316028,0.675795872,0.548654004,0.120598526,0.661022045,True
9.046000000,0.544787101,0.104316028,0.675795872,0.548654237,0.120444981,0.661031675,True
9.048000000,0.544787101,0.104316028,0.675795872,0.548654633,0.120293223,0.661041379,True
9.050000000,0.544787101,0.104316028,0.675795872,0.548655145,0.120143517,0.661051089,True
9.052000000,0.544787101,0.104316028,0.675795872,0.548655733,0.119996063,0.661060755,True
9.054000000,0.544769848,0.102723152,0.675945704,0.548654674,0.119843682,0.661069322,True
9.056000000,0.544769848,0.102723152,0.675945704,0.548653353,0.119688475,0.661077979,True
9.058000000,0.544769848,0.102723152,0.675945704,0.548652248,0.119531861,0.661087060,True
9.060000000,0.544769848,0.102723152,0.675945704,0.548651482,0.119374870,0.661096582,True
9.062000000,0.544769848,0.102723152,0.675945704,0.548651043,0.119218276,0.661106456,True
9.064000000,0.544769848,0.102723152,0.675945704,0.548650881,0.119062671,0.661116576,True
9.066000000,0.544769848,0.102723152,0.675945704,0.548650937,0.118908511,0.661126840,True
9.068000000,0.544769848,0.102723152,0.675945704,0.548651155,0.118756147,0.661137167,True
9.070000000,0.544769848,0.102723152,0.675945704,0.548651489,0.118605845,0.661147487,True
9.072000000,0.544769848,0.102723152,0.675945704,0.548651901,0.118457804,0.661157751,True
9.074000000,0.544752595,0.101130277,0.676095536,0.548650689,0.118304845,0.661166940,True
9.076000000,0.544752595,0.101130277,0.676095536,0.548649218,0.118149061,0.661176221,True
9.078000000,0.544752595,0.101130277,0.676095536,0.548647961,0.117991872,0.661185920,True
9.080000000,0.544752595,0.101130277,0.676095536,0.548647039,0.117834307,0.661196048,True
9.082000000,0.544752595,0.101130277,0.676095536,0.548646442,0.117677143,0.661206519,True
9.084000000,0.544752595,0.101130277,0.676095536,0.548646121,0.117520973,0.661217224,True
9.086000000,0.544752595,0.101130277,0.676095536,0.548646015,0.117366256,0.661228062,True
9.088000000,0.544752595,0.101130277,0.676095536,0.548646072,0.117213342,0.661238951,True
9.090000000,0.544752595,0.101130277,0.676095536,0.548646245,0.117062498,0.661249822,True
9.092000000,0.544752595,0.101130277,0.676095536,0.548646498,0.116913925,0.661260626,True
9.094000000,0.544735342,0.099537401,0.676245368,0.548645149,0.116760442,0.661270378,True
9.096000000,0.544735342,0.099537401,0.676245368,0.548643544,0.116604137,0.661280225,True
9.098000000,0.544735342,0.099537401,0.676245368,0.548642152,0.116446427,0.661290483,True
9.100000000,0.544735342,0.099537401,0.676245368,0.548641091,0.116288342,0.661301162,True
9.102000000,0.544735342,0.099537401,0.676245368,0.548640352,0.116130661,0.661312173,True
9.104000000,0.544735342,0.099537401,0.676245368,0.548639887,0.115973980,0.661323406,True
9.106000000,0.544735342,0.099537401,0.676245368,0.548639636,0.115818756,0.661334762,True
9.108000000,0.544735342,0.099537401,0.676245368,0.548639546,0.115665343,0.661346158,True
9.110000000,0.544735342,0.099537401,0.676245368,0.548639574,0.115514007,0.661357527,True
9.112000000,0.544735342,0.099537401,0.676245368,0.548639682,0.115364951,0.661368818,True
9.114000000,0.544718089,0.097944526,0.676395200,0.548638210,0.115210995,0.661379081,True
9.116000000,0.544718089,0.097944526,0.676395200,0.548636487,0.115054217,0.661389441,True
9.118000000,0.544718089,0.097944526,0.676395200,0.548634974,0.114896035,0.661400206,True
9.120000000,0.544718089,0.097944526,0.676395200,0.548633789,0.114737479,0.661411383,True
9.122000000,0.544718089,0.097944526,0.676395200,0.548632923,0.114579330,0.661422881,True
9.124000000,0.544718089,0.097944526,0.676395200,0.548632327,0.114422184,0.661434593,True
9.126000000,0.544718089,0.097944526,0.676395200,0.548631945,0.114266501,0.661446417,True
9.128000000,0.544718089,0.097944526,0.676395200,0.548631724,0.114112635,0.661458271,True
9.130000000,0.544718089,0.097944526,0.676395200,0.548631619,0.113960854,0.661470088,True
9.132000000,0.544718089,0.097944526,0.676395200,0.548631595,0.113811360,0.661481817,True
9.134000000,0.544700835,0.096351650,0.676545032,0.548630015,0.113656975,0.661492543,True
9.136000000,0.544700835,0.096351650,0.676545032,0.548628187,0.113499770,0.661503369,True
9.138000000,0.544700835,0.096351650,0.676545032,0.548626567,0.113341160,0.661514593,True
9.140000000,0.544700835,0.096351650,0.676545032,0.548625271,0.113182178,0.661526221,True
9.142000000,0.544700835,0.096351650,0.676545032,0.548624291,0.113023604,0.661538160,True
9.144000000,0.544700835,0.096351650,0.676545032,0.548623578,0.112866037,0.661550303,True
9.146000000,0.544700835,0.096351650,0.676545032,0.548623076,0.112709938,0.661562549,True
9.148000000,0.544700835,0.096351650,0.676545032,0.548622735,0.112555661,0.661574816,True
9.150000000,0.544700835,0.096351650,0.676545032,0.548622511,0.112403476,0.661587038,True
9.152000000,0.544700835,0.096351650,0.676545032,0.548622367,0.112253583,0.661599162,True
9.154000000,0.544683582,0.094758774,0.676694864,0.548620690,0.112098810,0.661610308,True
9.156000000,0.544683582,0.094758774,0.676694864,0.548618770,0.111941218,0.661621556,True
9.158000000,0.544683582,0.094758774,0.676694864,0.548617055,0.111782220,0.661633197,True
9.160000000,0.544683582,0.094758774,0.676694864,0.548615660,0.111622852,0.661645232,True
9.162000000,0.544683582,0.094758774,0.676694864,0.548614577,0.111463893,0.661657571,True
9.164000000,0.544683582,0.094758774,0.676694864,0.548613759,0.111305944,0.661670103,True
9.166000000,0.544683582,0.094758774,0.676694864,0.548613150,0.111149468,0.661682730,True
9.168000000,0.544683582,0.094758774,0.676694864,0.548612701,0.110994818,0.661695369,True
9.170000000,0.544683582,0.094758774,0.676694864,0.548612367,0.110842265,0.661707955,True
9.172000000,0.544683582,0.094758774,0.676694864,0.548612115,0.110692011,0.661720435,True
9.174000000,0.544666329,0.093165899,0.676844696,0.548610353,0.110536886,0.661731962,True
9.176000000,0.544666329,0.093165899,0.676844696,0.548608351,0.110378945,0.661743592,True
9.178000000,0.544666329,0.093165899,0.676844696,0.548606552,0.110219597,0.661755610,True
9.180000000,0.544666329,0.093165899,0.676844696,0.548605069,0.110059879,0.661768015,True
9.182000000,0.544666329,0.093165899,0.676844696,0.548603894,0.109900571,0.661780713,True
9.184000000,0.544666329,0.093165899,0.676844696,0.548602981,0.109742276,0.661793597,True
9.186000000,0.544666329,0.093165899,0.676844696,0.548602275,0.109585457,0.661806568,True
9.188000000,0.544666329,0.093165899,0.676844696,0.548601727,0.109430468,0.661819542,True
9.190000000,0.544666329,0.093165899,0.676844696,0.548601295,0.109277582,0.661832455,True
9.192000000,0.544666329,0.093165899,0.676844696,0.548600943,0.109127000,0.661845257,True
9.194000000,0.544649076,0.091573023,0.676994527,0.548599106,0.108971557,0.661857128,True
9.196000000,0.544649076,0.091573023,0.676994527,0.548597033,0.108813299,0.661869105,True
9.198000000,0.544649076,0.091573023,0.676994527,0.548595159,0.108653634,0.661881465,True
9.200000000,0.544649076,0.091573023,0.676994527,0.548593598,0.108493598,0.661894204,True
9.202000000,0.544649076,0.091573023,0.676994527,0.548592341,0.108333975,0.661907228,True
9.204000000,0.544649076,0.091573023,0.676994527,0.548591342,0.108175366,0.661920429,True
9.206000000,0.544649076,0.091573023,0.676994527,0.548590549,0.108018235,0.661933709,True
9.208000000,0.544649076,0.091573023,0.676994527,0.548589911,0.107862939,0.661946985,True
9.210000000,0.544649076,0.091573023,0.676994527,0.548589389,0.107709750,0.661960193,True
9.212000000,0.544649076,0.091573023,0.676994527,0.548588948,0.107558871,0.661973282,True
9.214000000,0.544631823,0.089980148,0.677144359,0.548587044,0.107403140,0.661985466,True
9.216000000,0.544631823,0.089980148,0.677144359,0.548584909,0.107244595,0.661997758,True
9.218000000,0.544631823,0.089980148,0.677144359,0.548582970,0.107084643,0.662010428,True
9.220000000,0.544631823,0.089980148,0.677144359,0.548581339,0.106924320,0.662023468,True
9.222000000,0.544631823,0.089980148,0.677144359,0.548580009,0.106764409,0.662036786,True
9.224000000,0.544631823,0.089980148,0.677144359,0.548578933,0.106605515,0.662050273,True
9.226000000,0.544631823,0.089980148,0.677144359,0.548578060,0.106448102,0.662063831,True
9.228000000,0.544631823,0.089980148,0.677144359,0.548577342,0.106292528,0.662077379,True
9.230000000,0.544631823,0.089980148,0.677144359,0.548576738,0.106139064,0.662090852,True
9.232000000,0.544631823,0.089980148,0.677144359,0.548576214,0.105987914,0.662104200,True
9.234000000,0.544614570,0.088387272,0.677294191,0.548574253,0.105831922,0.662116666,True
9.236000000,0.544614570,0.088387272,0.677294191,0.548572063,0.105673118,0.662129244,True
9.238000000,0.544614570,0.088387272,0.677294191,0.548570068,0.105512907,0.662142195,True
9.240000000,0.544614570,0.088387272,0.677294191,0.548568376,0.105352323,0.662155508,True
9.242000000,0.544614570,0.088387272,0.677294191,0.548566979,0.105192153,0.662169091,True
9.244000000,0.544614570,0.088387272,0.677294191,0.548565834,0.105033000,0.662182836,True
9.246000000,0.544614570,0.088387272,0.677294191,0.548564890,0.104875331,0.662196644,True
9.248000000,0.544614570,0.088387272,0.677294191,0.548564098,0.104719504,0.662210436,True
9.250000000,0.544614570,0.088387272,0.677294191,0.548563420,0.104565790,0.662224147,True
9.252000000,0.544614570,0.088387272,0.677294191,0.548562821,0.104414394,0.662237727,True
9.254000000,0.544597317,0.086794396,0.677444023,0.548560809,0.104258167,0.662250449,True
9.256000000,0.544597317,0.086794396,0.677444023,0.548558573,0.104099128,0.662263286,True
9.258000000,0.544597317,0.086794396,0.677444023,0.548556528,0.103938682,0.662276491,True
9.260000000,0.544597317,0.086794396,0.677444023,0.548554782,0.103777862,0.662290051,True
9.262000000,0.544597317,0.086794396,0.677444023,0.548553327,0.103617456,0.662303874,True
9.264000000,0.544597317,0.086794396,0.677444023,0.548552120,0.103458069,0.662317850,True
9.266000000,0.544597317,0.086794396,0.677444023,0.548551110,0.103300168,0.662331884,True
9.268000000,0.544597317,0.086794396,0.677444023,0.548550252,0.103144110,0.662345894,True
9.270000000,0.544597317,0.086794396,0.677444023,0.548549505,0.102990170,0.662359818,True
9.272000000,0.544597317,0.086794396,0.677444023,0.548548838,0.102838551,0.662373606,True
9.274000000,0.544580064,0.085201521,0.677593855,0.548546782,0.102682110,0.662386561,True
9.276000000,0.544580064,0.085201521,0.677593855,0.548544506,0.102522860,0.662399633,True
9.278000000,0.544580064,0.085201521,0.677593855,0.548542418,0.102362200,0.662413068,True
9.280000000,0.544580064,0.085201521,0.677593855,0.548540624,0.102201167,0.662426851,True
9.282000000,0.544580064,0.085201521,0.677593855,0.548539117,0.102040547,0.662440889,True
9.284000000,0.544580064,0.085201521,0.677593855,0.548537854,0.101880947,0.662455074,True
9.286000000,0.544580064,0.085201521,0.677593855,0.548536786,0.101722835,0.662469310,True
9.288000000,0.544580064,0.085201521,0.677593855,0.548535867,0.101566569,0.662483516,True
9.290000000,0.544580064,0.085201521,0.677593855,0.548535059,0.101412422,0.662497631,True
9.292000000,0.544580064,0.085201521,0.677593855,0.548534329,0.101260601,0.662511605,True
9.294000000,0.544562810,0.083608645,0.677743687,0.548532235,0.101103967,0.662524771,True
9.296000000,0.544562810,0.083608645,0.677743687,0.548529925,0.100944525,0.662538056,True
9.298000000,0.544562810,0.083608645,0.677743687,0.548527800,0.100783674,0.662551699,True
9.300000000,0.544562810,0.083608645,0.677743687,0.548525965,0.100622447,0.662565683,True
9.302000000,0.544562810,0.083608645,0.677743687,0.548524411,0.100461634,0.662579915,True
9.304000000,0.544562810,0.083608645,0.677743687,0.548523098,0.100301841,0.662594288,True
9.306000000,0.544562810,0.083608645,0.677743687,0.548521977,0.100143537,0.662608705,True
9.308000000,0.544562810,0.083608645,0.677743687,0.548521003,0.099987081,0.662623087,True
9.310000000,0.544562810,0.083608645,0.677743687,0.548520138,0.099832747,0.662637373,True
9.312000000,0.544562810,0.083608645,0.677743687,0.548519351,0.099680741,0.662651513,True
9.314000000,0.544545557,0.082015769,0.677893519,0.548517225,0.099523933,0.662664869,True
9.316000000,0.544545557,0.082015769,0.677893519,0.548514886,0.099364318,0.662678348,True
9.318000000,0.544545557,0.082015769,0.677893519,0.548512730,0.099203292,0.662692180,True
9.320000000,0.544545557,0.082015769,0.677893519,0.548510858,0.099041890,0.662706346,True
9.322000000,0.544545557,0.082015769,0.677893519,0.548509263,0.098880901,0.662720753,True
9.324000000,0.544545557,0.082015769,0.677893519,0.548507905,0.098720933,0.662735294,True
9.326000000,0.544545557,0.082015769,0.677893519,0.548506736,0.098562454,0.662749873,True
9.328000000,0.544545557,0.082015769,0.677893519,0.548505712,0.098405826,0.662764413,True
9.330000000,0.544545557,0.082015769,0.677893519,0.548504796,0.098251322,0.662778851,True
9.332000000,0.544545557,0.082015769,0.677893519,0.548503956,0.098099149,0.662793139,True
9.334000000,0.544528304,0.080422894,0.678043351,0.548501802,0.097942184,0.662806667,True
9.336000000,0.544528304,0.080422894,0.678043351,0.548499440,0.097782412,0.662820322,True
9.338000000,0.544528304,0.080422894,0.678043351,0.548497257,0.097621229,0.662834324,True
9.340000000,0.544528304,0.080422894,0.678043351,0.548495354,0.097459668,0.662848655,True
9.342000000,0.544528304,0.080422894,0.678043351,0.548493723,0.097298520,0.662863219,True
9.344000000,0.544528304,0.080422894,0.678043351,0.548492324,0.097138393,0.662877911,True
9.346000000,0.544528304,0.080422894,0.678043351,0.548491112,0.096979757,0.662892635,True
9.348000000,0.544528304,0.080422894,0.678043351,0.548490042,0.096822972,0.662907315,True
9.350000000,0.544528304,0.080422894,0.678043351,0.548489078,0.096668314,0.662921889,True
9.352000000,0.544528304,0.080422894,0.678043351,0.548488190,0.096515988,0.662936309,True
9.354000000,0.544511051,0.078830018,0.678193183,0.548486013,0.096358880,0.662949993,True
9.356000000,0.544511051,0.078830018,0.678193183,0.548483633,0.096198968,0.662963807,True
9.358000000,0.544511051,0.078830018,0.678193183,0.548481427,0.096037642,0.662977964,True
9.360000000,0.544511051,0.078830018,0.678193183,0.548479496,0.095875938,0.662992443,True
9.362000000,0.544511051,0.078830018,0.678193183,0.548477833,0.095714646,0.663007148,True
9.364000000,0.544511051,0.078830018,0.678193183,0.548476398,0.095554374,0.663021975,True
9.366000000,0.544511051,0.078830018,0.678193183,0.548475147,0.095395594,0.663036829,True
9.368000000,0.544511051,0.078830018,0.678193183,0.548474035,0.095238667,0.663051634,True
9.370000000,0.544511051,0.078830018,0.678193183,0.548473028,0.095083868,0.663066328,True
9.372000000,0.544511051,0.078830018,0.678193183,0.548472096,0.094931404,0.663080866,True
9.374000000,0.544493798,0.077237143,0.678343015,0.548469900,0.094774167,0.663094692,True
9.376000000,0.544493798,0.077237143,0.678343015,0.548467505,0.094614127,0.663108650,True
9.378000000,0.544493798,0.077237143,0.678343015,0.548465281,0.094452673,0.663122947,True
9.380000000,0.544493798,0.077237143,0.678343015,0.548463326,0.094290839,0.663137559,True
9.382000000,0.544493798,0.077237143,0.678343015,0.548461635,0.094129416,0.663152391,True
9.384000000,0.544493798,0.077237143,0.678343015,0.548460168,0.093969013,0.663167338,True
9.386000000,0.544493798,0.077237143,0.678343015,0.548458881,0.093810103,0.663182308,True
9.388000000,0.544493798,0.077237143,0.678343015,0.548457731,0.093653047,0.663197224,True
9.390000000,0.544493798,0.077237143,0.678343015,0.548456685,0.093498120,0.663212026,True
9.392000000,0.544493798,0.077237143,0.678343015,0.548455712,0.093345529,0.663226666,True
9.394000000,0.544476545,0.075644267,0.678492847,0.548453501,0.093188176,0.663240621,True
9.396000000,0.544476545,0.075644267,0.678492847,0.548451093,0.093028021,0.663254710,True
9.398000000,0.544476545,0.075644267,0.678492847,0.548448855,0.092866450,0.663269133,True
9.400000000,0.544476545,0.075644267,0.678492847,0.548446881,0.092704498,0.663283866,True
9.402000000,0.544476545,0.075644267,0.678492847,0.548445165,0.092542956,0.663298811,True
9.404000000,0.544476545,0.075644267,0.678492847,0.548443669,0.092382435,0.663313867,True
9.406000000,0.544476545,0.075644267,0.678492847,0.548442349,0.092223406,0.663328940,True
9.408000000,0.544476545,0.075644267,0.678492847,0.548441165,0.092066232,0.663343954,True
9.410000000,0.544476545,0.075644267,0.678492847,0.548440082,0.091911189,0.663358850,True
9.412000000,0.544476545,0.075644267,0.678492847,0.548439072,0.091758483,0.663373582,True
9.414000000,0.544459292,0.074051391,0.678642679,0.548436848,0.091601025,0.663387652,True
9.416000000,0.544459292,0.074051391,0.678642679,0.548434433,0.091440766,0.663401860,True
9.418000000,0.544459292,0.074051391,0.678642679,0.548432183,0.091279090,0.663416399,True
9.420000000,0.544459292,0.074051391,0.678642679,0.548430192,0.091117032,0.663431239,True
9.422000000,0.544459292,0.074051391,0.678642679,0.548428454,0.090955382,0.663446286,True
9.424000000,0.544459292,0.074051391,0.678642679,0.548426933,0.090794753,0.663461438,True
9.426000000,0.544459292,0.074051391,0.678642679,0.548425584,0.090635617,0.663476602,True
9.428000000,0.544459292,0.074051391,0.678642679,0.548424368,0.090478336,0.663491703,True
9.430000000,0.544459292,0.074051391,0.678642679,0.548423252,0.090323187,0.663506683,True
9.432000000,0.544459292,0.074051391,0.678642679,0.548422207,0.090170377,0.663521496,True
9.434000000,0.544442039,0.072458516,0.678792511,0.548419974,0.090012824,0.663535671,True
9.436000000,0.544442039,0.072458516,0.678792511,0.548417553,0.089852471,0.663549986,True
9.438000000,0.544442039,0.072458516,0.678792511,0.548415295,0.089690700,0.663564628,True
9.440000000,0.544442039,0.072458516,0.678792511,0.548413290,0.089528545,0.663579566,True
9.442000000,0.544442039,0.072458516,0.678792511,0.548411534,0.089366798,0.663594705,True
9.444000000,0.544442039,0.072458516,0.678792511,0.548409989,0.089206071,0.663609942,True
9.446000000,0.544442039,0.072458516,0.678792511,0.548408614,0.089046836,0.663625186,True
9.448000000,0.544442039,0.072458516,0.678792511,0.548407369,0.088889458,0.663640364,True
9.450000000,0.544442039,0.072458516,0.678792511,0.548406221,0.088734212,0.663655417,True
9.452000000,0.544442039,0.072458516,0.678792511,0.548405144,0.088581307,0.663670300,True
9.454000000,0.544424785,0.070865640,0.678942343,0.548402905,0.088423669,0.663684570,True
9.456000000,0.544424785,0.070865640,0.678942343,0.548400482,0.088263232,0.663698984,True
9.458000000,0.544424785,0.070865640,0.678942343,0.548398218,0.088101375,0.663713719,True
9.460000000,0.544424785,0.070865640,0.678942343,0.548396202,0.087939133,0.663728744,True
9.462000000,0.544424785,0.070865640,0.678942343,0.548394429,0.087777297,0.663743964,True
9.464000000,0.544424785,0.070865640,0.678942343,0.548392864,0.087616481,0.663759277,True
9.466000000,0.544424785,0.070865640,0.678942343,0.548391464,0.087457158,0.663774593,True
9.468000000,0.544424785,0.070865640,0.678942343,0.548390193,0.087299691,0.663789838,True
9.470000000,0.544424785,0.070865640,0.678942343,0.548389017,0.087144358,0.663804955,True
9.472000000,0.544424785,0.070865640,0.678942343,0.548387910,0.086991366,0.663819899,True
9.474000000,0.544407532,0.069272765,0.679092175,0.548385667,0.086833650,0.663834255,True
9.476000000,0.544407532,0.069272765,0.679092175,0.548383244,0.086673137,0.663848758,True
9.478000000,0.544407532,0.069272765,0.679092175,0.548380976,0.086511203,0.663863578,True
9.480000000,0.544407532,0.069272765,0.679092175,0.548378951,0.086348881,0.663878681,True
9.482000000,0.544407532,0.069272765,0.679092175,0.548377164,0.086186966,0.663893974,True
9.484000000,0.544407532,0.069272765,0.679092175,0.548375581,0.086026069,0.663909354,True
9.486000000,0.544407532,0.069272765,0.679092175,0.548374159,0.085866664,0.663924732,True
9.488000000,0.544407532,0.069272765,0.679092175,0.548372864,0.085709117,0.663940036,True
9.490000000,0.544407532,0.069272765,0.679092175,0.548371661,0.085553704,0.663955209,True
9.492000000,0.544407532,0.069272765,0.679092175,0.548370527,0.085400633,0.663970206,True
9.494000000,0.544390279,0.067679889,0.679242007,0.548368281,0.085242848,0.663984639,True
9.496000000,0.544390279,0.067679889,0.679242007,0.548365860,0.085082266,0.663999223,True
9.498000000,0.544390279,0.067679889,0.679242007,0.548363591,0.084920262,0.664014119,True
9.500000000,0.544390279,0.067679889,0.679242007,0.548361560,0.084757869,0.664029293,True
9.502000000,0.544390279,0.067679889,0.679242007,0.548359761,0.084595881,0.664044650,True
9.504000000,0.544390279,0.067679889,0.679242007,0.548358161,0.084434910,0.664060089,True
9.506000000,0.544390279,0.067679889,0.679242007,0.548356720,0.084275432,0.664075522,True
9.508000000,0.544390279,0.067679889,0.679242007,0.548355402,0.084117811,0.664090877,True
9.510000000,0.544390279,0.067679889,0.679242007,0.548354175,0.083962325,0.664106098,True
9.512000000,0.544390279,0.067679889,0.679242007,0.548353015,0.083809182,0.664121141,True
9.514000000,0.544373026,0.066087013,0.679391839,0.548350769,0.083651333,0.664135645,True
9.516000000,0.544373026,0.066087013,0.679391839,0.548348352,0.083490689,0.664150302,True
9.518000000,0.544373026,0.066087013,0.679391839,0.548346084,0.083328622,0.664165267,True
9.520000000,0.544373026,0.066087013,0.679391839,0.548344048,0.083166164,0.664180504,True
9.522000000,0.544373026,0.066087013,0.679391839,0.548342239,0.083004110,0.664195918,True
9.524000000,0.544373026,0.066087013,0.679391839,0.548340624,0.082843072,0.664211409,True
9.526000000,0.544373026,0.066087013,0.679391839,0.548339165,0.082683527,0.664226889,True
9.528000000,0.544373026,0.066087013,0.679391839,0.548337826,0.082525839,0.664242289,True
9.530000000,0.544373026,0.066087013,0.679391839,0.548336577,0.082370287,0.664257551,True
9.532000000,0.544373026,0.066087013,0.679391839,0.548335392,0.082217079,0.664272632,True
9.534000000,0.544355773,0.064494138,0.679541671,0.548333149,0.082059173,0.664287199,True
9.536000000,0.544355773,0.064494138,0.679541671,0.548330737,0.081898474,0.664301922,True
9.538000000,0.544355773,0.064494138,0.679541671,0.548328471,0.081736350,0.664316950,True
9.540000000,0.544355773,0.064494138,0.679541671,0.548326432,0.081573834,0.664332244,True
9.542000000,0.544355773,0.064494138,0.679541671,0.548324615,0.081411720,0.664347708,True
9.544000000,0.544355773,0.064494138,0.679541671,0.548322987,0.081250622,0.664363244,True
9.546000000,0.544355773,0.064494138,0.679541671,0.548321512,0.081091016,0.664378766,True
9.548000000,0.544355773,0.064494138,0.679541671,0.548320154,0.080933267,0.664394203,True
9.550000000,0.544355773,0.064494138,0.679541671,0.548318883,0.080777654,0.664409500,True
9.552000000,0.544355773,0.064494138,0.679541671,0.548317676,0.080624386,0.664424614,True
9.554000000,0.544338520,0.062901262,0.679691503,0.548315436,0.080466429,0.664439238,True
9.556000000,0.544338520,0.062901262,0.679691503,0.548313032,0.080305680,0.664454022,True
9.558000000,0.544338520,0.062901262,0.679691503,0.548310770,0.080143505,0.664469106,True
9.560000000,0.544338520,0.062901262,0.679691503,0.548308729,0.079980936,0.664484450,True
9.562000000,0.544338520,0.062901262,0.679691503,0.548306905,0.079818768,0.664499958,True
9.564000000,0.544338520,0.062901262,0.679691503,0.548305266,0.079657614,0.664515534,True
9.566000000,0.544338520,0.062901262,0.679691503,0.548303776,0.079497953,0.664531091,True
9.568000000,0.544338520,0.062901262,0.679691503,0.548302400,0.079340148,0.664546560,True
9.570000000,0.544338520,0.062901262,0.679691503,0.548301110,0.079184480,0.664561886,True
9.572000000,0.544338520,0.062901262,0.679691503,0.548299881,0.079031157,0.664577028,True
9.574000000,0.544321267,0.061308387,0.679841335,0.548297646,0.078873155,0.664591704,True
9.576000000,0.544321267,0.061308387,0.679841335,0.548295251,0.078712361,0.664606542,True
9.578000000,0.544321267,0.061308387,0.679841335,0.548292994,0.078550139,0.664621677,True
9.580000000,0.544321267,0.061308387,0.679841335,0.548290953,0.078387522,0.664637066,True
9.582000000,0.544321267,0.061308387,0.679841335,0.548289123,0.078225304,0.664652613,True
9.584000000,0.544321267,0.061308387,0.679841335,0.548287474,0.078064101,0.664668223,True
9.586000000,0.544321267,0.061308387,0.679841335,0.548285970,0.077904389,0.664683811,True
9.588000000,0.544321267,0.061308387,0.679841335,0.548284578,0.077746534,0.664699306,True
9.590000000,0.544321267,0.061308387,0.679841335,0.548283269,0.077590815,0.664714657,True
9.592000000,0.544321267,0.061308387,0.679841335,0.548282021,0.077437442,0.664729820,True
9.594000000,0.544304014,0.059715511,0.679991167,0.548279792,0.077279398,0.664744543,True
9.596000000,0.544304014,0.059715511,0.679991167,0.548277407,0.077118564,0.664759431,True
9.598000000,0.544304014,0.059715511,0.679991167,0.548275157,0.076956300,0.664774612,True
9.600000000,0.544304014,0.059715511,0.679991167,0.548273117,0.076793640,0.664790040,True
9.602000000,0.544304014,0.059715511,0.679991167,0.548271283,0.076631378,0.664805622,True
9.604000000,0.544304014,0.059715511,0.679991167,0.548269625,0.076470129,0.664821261,True
9.606000000,0.544304014,0.059715511,0.679991167,0.548268109,0.076310370,0.664836874,True
9.608000000,0.544304014,0.059715511,0.679991167,0.548266701,0.076152469,0.664852391,True
9.610000000,0.544304014,0.059715511,0.679991167,0.548265375,0.075996704,0.664867761,True
9.612000000,0.544304014,0.059715511,0.679991167,0.548264108,0.075843285,0.664882943,True
9.614000000,0.544286760,0.058122635,0.680140999,0.548261886,0.075685204,0.664897707,True
9.616000000,0.544286760,0.058122635,0.680140999,0.548259512,0.075524333,0.664912641,True
9.618000000,0.544286760,0.058122635,0.680140999,0.548257270,0.075362033,0.664927863,True
9.620000000,0.544286760,0.058122635,0.680140999,0.548255232,0.075199333,0.664943326,True
9.622000000,0.544286760,0.058122635,0.680140999,0.548253395,0.075037030,0.664958938,True
9.624000000,0.544286760,0.058122635,0.680140999,0.548251730,0.074875739,0.664974602,True
9.626000000,0.544286760,0.058122635,0.680140999,0.548250202,0.074715939,0.664990235,True
9.628000000,0.544286760,0.058122635,0.680140999,0.548248780,0.074557995,0.665005771,True
9.630000000,0.544286760,0.058122635,0.680140999,0.548247438,0.074402188,0.665021156,True
9.632000000,0.544286760,0.058122635,0.680140999,0.548246153,0.074248727,0.665036351,True
9.634000000,0.544269507,0.056529760,0.680290831,0.548243939,0.074090613,0.665051153,True
9.636000000,0.544269507,0.056529760,0.680290831,0.548241578,0.073929709,0.665066128,True
9.638000000,0.544269507,0.056529760,0.680290831,0.548239344,0.073767375,0.665081387,True
9.640000000,0.544269507,0.056529760,0.680290831,0.548237309,0.073604640,0.665096882,True
9.642000000,0.544269507,0.056529760,0.680290831,0.548235470,0.073442300,0.665112519,True
9.644000000,0.544269507,0.056529760,0.680290831,0.548233798,0.073280972,0.665128204,True
9.646000000,0.544269507,0.056529760,0.680290831,0.548232260,0.073121133,0.665143854,True
9.648000000,0.544269507,0.056529760,0.680290831,0.548230825,0.072963151,0.665159404,True
9.650000000,0.544269507,0.056529760,0.680290831,0.548229467,0.072807305,0.665174800,True
9.652000000,0.544269507,0.056529760,0.680290831,0.548228165,0.072653806,0.665190005,True
9.654000000,0.544252254,0.054936884,0.680440663,0.548225960,0.072495661,0.665204841,True
9.656000000,0.544252254,0.054936884,0.680440663,0.548223612,0.072334729,0.665219854,True
9.658000000,0.544252254,0.054936884,0.680440663,0.548221388,0.072172364,0.665235146,True
9.660000000,0.544252254,0.054936884,0.680440663,0.548219358,0.072009597,0.665250668,True
9.662000000,0.544252254,0.054936884,0.680440663,0.548217518,0.071847224,0.665266327,True
9.664000000,0.544252254,0.054936884,0.680440663,0.548215840,0.071685861,0.665282029,True
9.666000000,0.544252254,0.054936884,0.680440663,0.548214292,0.071525987,0.665297693,True
9.668000000,0.544252254,0.054936884,0.680440663,0.548212844,0.071367969,0.665313253,True
9.670000000,0.544252254,0.054936884,0.680440663,0.548211472,0.071212088,0.665328657,True
9.672000000,0.544252254,0.054936884,0.680440663,0.548210154,0.071058554,0.665343868,True
9.674000000,0.544235001,0.053344008,0.680590495,0.548207959,0.070900383,0.665358736,True
9.676000000,0.544235001,0.053344008,0.680590495,0.548205625,0.070739425,0.665373782,True
9.678000000,0.544235001,0.053344008,0.680590495,0.548203412,0.070577033,0.665389104,True
9.680000000,0.544235001,0.053344008,0.680590495,0.548201387,0.070414238,0.665404650,True
9.682000000,0.544235001,0.053344008,0.680590495,0.548199546,0.070251834,0.665420328,True
9.684000000,0.544235001,0.053344008,0.680590495,0.548197863,0.070090440,0.665436044,True
9.686000000,0.544235001,0.053344008,0.680590495,0.548196306,0.069930533,0.665451718,True
9.688000000,0.544235001,0.053344008,0.680590495,0.548194847,0.069772483,0.665467285,True
9.690000000,0.544235001,0.053344008,0.680590495,0.548193461,0.069616569,0.665482695,True
9.692000000,0.544235001,0.053344008,0.680590495,0.548192127,0.069463003,0.665497908,True
9.694000000,0.544217748,0.051751133,0.680740327,0.548189943,0.069304807,0.665512804,True
9.696000000,0.544217748,0.051751133,0.680740327,0.548187624,0.069143826,0.665527881,True
9.698000000,0.544217748,0.051751133,0.680740327,0.548185422,0.068981410,0.665543230,True
9.700000000,0.544217748,0.051751133,0.680740327,0.548183403,0.068818588,0.665558798,True
9.702000000,0.544217748,0.051751133,0.680740327,0.548181562,0.068656156,0.665574491,True
9.704000000,0.544217748,0.051751133,0.680740327,0.548179875,0.068494733,0.665590218,True
9.706000000,0.544217748,0.051751133,0.680740327,0.548178310,0.068334798,0.665605899,True
9.708000000,0.544217748,0.051751133,0.680740327,0.548176840,0.068176718,0.665621470,True
9.710000000,0.544217748,0.051751133,0.680740327,0.548175440,0.068020775,0.665636882,True
9.712000000,0.544217748,0.051751133,0.680740327,0.548174092,0.067867178,0.665652096,True
9.714000000,0.544200495,0.050158257,0.680890159,0.548171920,0.067708961,0.665667016,True
9.716000000,0.544200495,0.050158257,0.680890159,0.548169616,0.067547959,0.665682122,True
9.718000000,0.544200495,0.050158257,0.680890159,0.548167426,0.067385521,0.665697495,True
9.720000000,0.544200495,0.050158257,0.680890159,0.548165413,0.067222675,0.665713081,True
9.722000000,0.544200495,0.050158257,0.680890159,0.548163574,0.067060219,0.665728787,True
9.724000000,0.544200495,0.050158257,0.680890159,0.548161883,0.066898770,0.665744522,True
9.726000000,0.544200495,0.050158257,0.680890159,0.548160310,0.066738807,0.665760208,True
9.728000000,0.544200495,0.050158257,0.680890159,0.548158830,0.066580700,0.665775781,True
9.730000000,0.544200495,0.050158257,0.680890159,0.548157417,0.066424730,0.665791192,True
9.732000000,0.544200495,0.050158257,0.680890159,0.548156055,0.066271106,0.665806404,True
9.734000000,0.544183242,0.048565382,0.681039990,0.548153895,0.066112869,0.665821346,True
9.736000000,0.544183242,0.048565382,0.681039990,0.548151608,0.065951849,0.665836477,True
9.738000000,0.544183242,0.048565382,0.681039990,0.548149430,0.065789391,0.665851872,True
9.740000000,0.544183242,0.048565382,0.681039990,0.548147424,0.065626524,0.665867474,True
9.742000000,0.544183242,0.048565382,0.681039990,0.548145586,0.065464045,0.665883191,True
9.744000000,0.544183242,0.048565382,0.681039990,0.548143892,0.065302572,0.665898932,True
9.746000000,0.544183242,0.048565382,0.681039990,0.548142313,0.065142585,0.665914619,True
9.748000000,0.544183242,0.048565382,0.681039990,0.548140822,0.064984453,0.665930191,True
9.750000000,0.544183242,0.048565382,0.681039990,0.548139398,0.064828458,0.665945599,True
9.752000000,0.544183242,0.048565382,0.681039990,0.548138022,0.064674809,0.665960807,True
9.754000000,0.544165989,0.046972506,0.681189822,0.548135874,0.064516555,0.665975770,True
9.756000000,0.544165989,0.046972506,0.681189822,0.548133604,0.064355518,0.665990924,True
9.758000000,0.544165989,0.046972506,0.681189822,0.548131439,0.064193042,0.666006338,True
9.760000000,0.544165989,0.046972506,0.681189822,0.548129441,0.064030156,0.666021954,True
9.762000000,0.544165989,0.046972506,0.681189822,0.548127605,0.063867656,0.666037679,True
9.764000000,0.544165989,0.046972506,0.681189822,0.548125908,0.063706161,0.666053423,True
9.766000000,0.544165989,0.046972506,0.681189822,0.548124322,0.063546152,0.666069111,True
9.768000000,0.544165989,0.046972506,0.681189822,0.548122822,0.063387997,0.666084680,True
9.770000000,0.544165989,0.046972506,0.681189822,0.548121387,0.063231979,0.666100083,True
9.772000000,0.544165989,0.046972506,0.681189822,0.548119997,0.063078308,0.666115284,True
9.774000000,0.544148735,0.045379630,0.681339654,0.548117863,0.062920038,0.666130264,True
9.776000000,0.544148735,0.045379630,0.681339654,0.548115610,0.062758986,0.666145440,True
9.778000000,0.544148735,0.045379630,0.681339654,0.548113459,0.062596494,0.666160872,True
9.780000000,0.544148735,0.045379630,0.681339654,0.548111469,0.062433591,0.666176499,True
9.782000000,0.544148735,0.045379630,0.681339654,0.548109635,0.062271072,0.666192230,True
9.784000000,0.544148735,0.045379630,0.681339654,0.548107936,0.062109557,0.666207976,True
9.786000000,0.544148735,0.045379630,0.681339654,0.548106345,0.061949528,0.666223661,True
9.788000000,0.544148735,0.045379630,0.681339654,0.548104836,0.061791352,0.666239225,True
9.790000000,0.544148735,0.045379630,0.681339654,0.548103389,0.061635312,0.666254621,True
9.792000000,0.544148735,0.045379630,0.681339654,0.548101987,0.061481620,0.666269814,True
9.794000000,0.544131482,0.043786755,0.681489486,0.548099866,0.061323336,0.666284811,True
9.796000000,0.544131482,0.043786755,0.681489486,0.548097630,0.061162271,0.666300005,True
9.798000000,0.544131482,0.043786755,0.681489486,0.548095494,0.060999765,0.666315452,True
9.800000000,0.544131482,0.043786755,0.681489486,0.548093512,0.060836846,0.666331089,True
9.802000000,0.544131482,0.043786755,0.681489486,0.548091682,0.060674310,0.666346824,True
9.804000000,0.544131482,0.043786755,0.681489486,0.548089981,0.060512778,0.666362570,True
9.806000000,0.544131482,0.043786755,0.681489486,0.548088383,0.060352729,0.666378251,True
9.808000000,0.544131482,0.043786755,0.681489486,0.548086866,0.060194534,0.666393809,True
9.810000000,0.544131482,0.043786755,0.681489486,0.548085408,0.060038475,0.666409196,True
9.812000000,0.544131482,0.043786755,0.681489486,0.548083994,0.059884763,0.666424378,True
9.814000000,0.544114229,0.042193879,0.681639318,0.548081887,0.059726467,0.666439390,True
9.816000000,0.544114229,0.042193879,0.681639318,0.548079670,0.059565390,0.666454602,True
9.818000000,0.544114229,0.042193879,0.681639318,0.548077548,0.059402872,0.666470063,True
9.820000000,0.544114229,0.042193879,0.681639318,0.548075575,0.059239938,0.666485708,True
9.822000000,0.544114229,0.042193879,0.681639318,0.548073748,0.059077386,0.666501446,True
9.824000000,0.544114229,0.042193879,0.681639318,0.548072045,0.058915837,0.666517189,True
9.826000000,0.544114229,0.042193879,0.681639318,0.548070443,0.058755772,0.666532865,True
9.828000000,0.544114229,0.042193879,0.681639318,0.548068917,0.058597559,0.666548414,True
9.830000000,0.544114229,0.042193879,0.681639318,0.548067449,0.058441482,0.666563791,True
9.832000000,0.544114229,0.042193879,0.681639318,0.548066022,0.058287752,0.666578962,True
9.834000000,0.544096976,0.040601004,0.681789150,0.548063930,0.058129445,0.666593986,True
9.836000000,0.544096976,0.040601004,0.681789150,0.548061731,0.057968358,0.666609215,True
9.838000000,0.544096976,0.040601004,0.681789150,0.548059624,0.057805828,0.666624688,True
9.840000000,0.544096976,0.040601004,0.681789150,0.548057660,0.057642881,0.666640339,True
9.842000000,0.544096976,0.040601004,0.681789150,0.548055837,0.057480316,0.666656078,True
9.844000000,0.544096976,0.040601004,0.681789150,0.548054133,0.057318752,0.666671818,True
9.846000000,0.544096976,0.040601004,0.681789150,0.548052526,0.057158670,0.666687487,True
9.848000000,0.544096976,0.040601004,0.681789150,0.548050992,0.057000441,0.666703026,True
9.850000000,0.544096976,0.040601004,0.681789150,0.548049514,0.056844347,0.666718392,True
9.852000000,0.544096976,0.040601004,0.681789150,0.548048076,0.056690601,0.666733549,True
9.854000000,0.544079723,0.039008128,0.681938982,0.548045998,0.056532284,0.666748585,True
9.856000000,0.544079723,0.039008128,0.681938982,0.548043818,0.056371188,0.666763828,True
9.858000000,0.544079723,0.039008128,0.681938982,0.548041726,0.056208648,0.666779312,True
9.860000000,0.544079723,0.039008128,0.681938982,0.548039772,0.056045689,0.666794968,True
9.862000000,0.544079723,0.039008128,0.681938982,0.548037952,0.055883111,0.666810707,True
9.864000000,0.544079723,0.039008128,0.681938982,0.548036248,0.055721533,0.666826442,True
9.866000000,0.544079723,0.039008128,0.681938982,0.548034636,0.055561436,0.666842103,True
9.868000000,0.544079723,0.039008128,0.681938982,0.548033095,0.055403193,0.666857631,True
9.870000000,0.544079723,0.039008128,0.681938982,0.548031607,0.055247084,0.666872983,True
9.872000000,0.544079723,0.039008128,0.681938982,0.548030157,0.055093322,0.666888126,True
9.874000000,0.544062470,0.037415252,0.682088814,0.548028094,0.054934996,0.666903172,True
9.876000000,0.544062470,0.037415252,0.682088814,0.548025933,0.054773892,0.666918429,True
9.878000000,0.544062470,0.037415252,0.682088814,0.548023857,0.054611343,0.666933922,True
9.880000000,0.544062470,0.037415252,0.682088814,0.548021912,0.054448374,0.666949583,True
9.882000000,0.544062470,0.037415252,0.682088814,0.548020097,0.054285784,0.666965320,True
9.884000000,0.544062470,0.037415252,0.682088814,0.548018393,0.054124193,0.666981049,True
9.886000000,0.544062470,0.037415252,0.682088814,0.548016776,0.053964083,0.666996700,True
9.888000000,0.544062470,0.037415252,0.682088814,0.548015227,0.053805825,0.667012216,True
9.890000000,0.544062470,0.037415252,0.682088814,0.548013730,0.053649702,0.667027554,True
9.892000000,0.544062470,0.037415252,0.682088814,0.548012269,0.053495926,0.667042681,True
9.894000000,0.544045217,0.035822377,0.682238646,0.548010221,0.053337592,0.667057737,True
9.896000000,0.544045217,0.035822377,0.682238646,0.548008080,0.053176481,0.667073006,True
9.898000000,0.544045217,0.035822377,0.682238646,0.548006019,0.053013924,0.667088507,True
9.900000000,0.544045217,0.035822377,0.682238646,0.548004085,0.052850946,0.667104170,True
9.902000000,0.544045217,0.035822377,0.682238646,0.548002274,0.052688345,0.667119905,True
9.904000000,0.544045217,0.035822377,0.682238646,0.548000569,0.052526742,0.667135627,True
9.906000000,0.544045217,0.035822377,0.682238646,0.547998948,0.052366620,0.667151267,True
9.908000000,0.544045217,0.035822377,0.682238646,0.547997393,0.052208350,0.667166770,True
9.910000000,0.544045217,0.035822377,0.682238646,0.547995885,0.052052213,0.667182092,True
9.912000000,0.544045217,0.035822377,0.682238646,0.547994413,0.051898424,0.667197203,True
9.914000000,0.544027964,0.034229501,0.682388478,0.547992381,0.051740083,0.667212266,True
9.916000000,0.544027964,0.034229501,0.682388478,0.547990259,0.051578966,0.667227547,True
9.918000000,0.544027964,0.034229501,0.682388478,0.547988215,0.051416401,0.667243055,True
9.920000000,0.544027964,0.034229501,0.682388478,0.547986291,0.051253415,0.667258720,True
9.922000000,0.544027964,0.034229501,0.682388478,0.547984485,0.051090804,0.667274451,True
9.924000000,0.544027964,0.034229501,0.682388478,0.547982780,0.050929191,0.667290165,True
9.926000000,0.544027964,0.034229501,0.682388478,0.547981155,0.050769057,0.667305793,True
9.928000000,0.544027964,0.034229501,0.682388478,0.547979593,0.050610775,0.667321281,True
9.930000000,0.544027964,0.034229501,0.682388478,0.547978076,0.050454626,0.667336588,True
9.932000000,0.544027964,0.034229501,0.682388478,0.547976593,0.050300825,0.667351681,True
9.934000000,0.544010710,0.032636626,0.682538310,0.547974576,0.050142477,0.667366751,True
9.936000000,0.544010710,0.032636626,0.682538310,0.547972475,0.049981355,0.667382042,True
9.938000000,0.544010710,0.032636626,0.682538310,0.547970446,0.049818784,0.667397557,True
9.940000000,0.544010710,0.032636626,0.682538310,0.547968533,0.049655790,0.667413222,True
9.942000000,0.544010710,0.032636626,0.682538310,0.547966732,0.049493170,0.667428948,True
9.944000000,0.544010710,0.032636626,0.682538310,0.547965027,0.049331547,0.667444653,True
9.946000000,0.544010710,0.032636626,0.682538310,0.547963399,0.049171403,0.667460269,True
9.948000000,0.544010710,0.032636626,0.682538310,0.547961829,0.049013109,0.667475742,True
9.950000000,0.544010710,0.032636626,0.682538310,0.547960304,0.048856950,0.667491031,True
9.952000000,0.544010710,0.032636626,0.682538310,0.547958810,0.048703137,0.667506106,True
9.954000000,0.543993457,0.031043750,0.682688142,0.547956809,0.048544784,0.667521182,True
9.956000000,0.543993457,0.031043750,0.682688142,0.547954728,0.048383657,0.667536483,True
9.958000000,0.543993457,0.031043750,0.682688142,0.547952716,0.048221080,0.667552003,True
9.960000000,0.543993457,0.031043750,0.682688142,0.547950813,0.048058079,0.667567669,True
9.962000000,0.543993457,0.031043750,0.682688142,0.547949017,0.047895451,0.667583389,True
9.964000000,0.543993457,0.031043750,0.682688142,0.547947312,0.047733819,0.667599084,True
9.966000000,0.543993457,0.031043750,0.682688142,0.547945680,0.047573665,0.667614686,True
9.968000000,0.543993457,0.031043750,0.682688142,0.547944104,0.047415361,0.667630143,True
9.970000000,0.543993457,0.031043750,0.682688142,0.547942570,0.047259191,0.667645415,True
9.972000000,0.543993457,0.031043750,0.682688142,0.547941065,0.047105368,0.667660470,True
9.974000000,0.543976204,0.029450874,0.682837974,0.547939081,0.046947010,0.667675552,True
9.976000000,0.543976204,0.029450874,0.682837974,0.547937019,0.046785878,0.667690861,True
9.978000000,0.543976204,0.029450874,0.682837974,0.547935024,0.046623297,0.667706386,True
9.980000000,0.543976204,0.029450874,0.682837974,0.547933132,0.046460289,0.667722051,True
9.982000000,0.543976204,0.029450874,0.682837974,0.547931341,0.046297654,0.667737765,True
9.984000000,0.543976204,0.029450874,0.682837974,0.547929637,0.046136013,0.667753449,True
9.986000000,0.543976204,0.029450874,0.682837974,0.547928002,0.045975851,0.667769037,True
9.988000000,0.543976204,0.029450874,0.682837974,0.547926419,0.045817537,0.667784478,True
9.990000000,0.543976204,0.029450874,0.682837974,0.547924876,0.045661358,0.667799730,True
9.992000000,0.543976204,0.029450874,0.682837974,0.547923361,0.045507524,0.667814765,True
9.994000000,0.543958951,0.027857999,0.682987806,0.547921393,0.045349162,0.667829852,True
9.996000000,0.543958951,0.027857999,0.682987806,0.547919352,0.045188027,0.667845169,True
9.998000000,0.543958951,0.027857999,0.682987806,0.547917373,0.045025441,0.667860699,True
10.000000000,0.543958951,0.027857999,0.682987806,0.547915492,0.044862428,0.667876362,True
10.002000000,0.543958951,0.027857999,0.682987806,0.547913707,0.044699786,0.667892069,True
10.004000000,0.543958951,0.027857999,0.682987806,0.547912003,0.044538137,0.667907742,True
10.006000000,0.543958951,0.027857999,0.682987806,0.547910364,0.044377966,0.667923315,True
10.008000000,0.543958951,0.027857999,0.682987806,0.547908775,0.044219644,0.667938738,True
10.010000000,0.543958951,0.027857999,0.682987806,0.547907223,0.044063455,0.667953971,True
10.012000000,0.543958951,0.027857999,0.682987806,0.547905698,0.043909613,0.667968986,True
10.014000000,0.543941698,0.026265123,0.683137638,0.547903746,0.043751247,0.667984076,True
10.016000000,0.543941698,0.026265123,0.683137638,0.547901726,0.043590109,0.667999401,True
10.018000000,0.543941698,0.026265123,0.683137638,0.547899764,0.043427519,0.668014934,True
10.020000000,0.543941698,0.026265123,0.683137638,0.547897894,0.043264500,0.668030594,True
10.022000000,0.543941698,0.026265123,0.683137638,0.547896114,0.043101852,0.668046294,True
10.024000000,0.543941698,0.026265123,0.683137638,0.547894411,0.042940197,0.668061955,True
10.026000000,0.543941698,0.026265123,0.683137638,0.547892769,0.042780018,0.668077513,True
10.028000000,0.543941698,0.026265123,0.683137638,0.547891174,0.042621688,0.668092917,True
10.030000000,0.543941698,0.026265123,0.683137638,0.547889614,0.042465490,0.668108131,True
10.032000000,0.543941698,0.026265123,0.683137638,0.547888078,0.042311639,0.668123124,True
10.034000000,0.543924445,0.024672247,0.683287470,0.547886143,0.042153270,0.668138219,True
10.036000000,0.543924445,0.024672247,0.683287470,0.547884143,0.041992129,0.668153550,True
10.038000000,0.543924445,0.024672247,0.683287470,0.547882198,0.041829535,0.668169086,True
10.040000000,0.543924445,0.024672247,0.683287470,0.547880339,0.041666512,0.668184743,True
10.042000000,0.543924445,0.024672247,0.683287470,0.547878565,0.041503858,0.668200435,True
10.044000000,0.543924445,0.024672247,0.683287470,0.547876863,0.041342196,0.668216083,True
10.046000000,0.543924445,0.024672247,0.683287470,0.547875218,0.041182010,0.668231625,True
10.048000000,0.543924445,0.024672247,0.683287470,0.547873617,0.041023672,0.668247011,True
10.050000000,0.543924445,0.024672247,0.683287470,0.547872048,0.040867467,0.668262204,True
10.052000000,0.543924445,0.024672247,0.683287470,0.547870502,0.040713608,0.668277176,True
10.054000000,0.543907192,0.023079372,0.683437302,0.547868583,0.040555236,0.668292273,True
10.056000000,0.543907192,0.023079372,0.683437302,0.547866604,0.040394093,0.668307611,True
10.058000000,0.543907192,0.023079372,0.683437302,0.547864676,0.040231496,0.668323149,True
10.060000000,0.543907192,0.023079372,0.683437302,0.547862829,0.040068468,0.668338803,True
10.062000000,0.543907192,0.023079372,0.683437302,0.547861061,0.039905809,0.668354486,True
10.064000000,0.543907192,0.023079372,0.683437302,0.547859359,0.039744141,0.668370121,True
10.066000000,0.543907192,0.023079372,0.683437302,0.547857711,0.039583948,0.668385646,True
10.068000000,0.543907192,0.023079372,0.683437302,0.547856104,0.039425604,0.668401013,True
10.070000000,0.543907192,0.023079372,0.683437302,0.547854527,0.039269391,0.668416185,True
10.072000000,0.543907192,0.023079372,0.683437302,0.547852971,0.039115524,0.668431135,True
10.074000000,0.543889939,0.021486496,0.683587134,0.547851069,0.038957150,0.668446235,True
10.076000000,0.543889939,0.021486496,0.683587134,0.547849110,0.038796004,0.668461578,True
10.078000000,0.543889939,0.021486496,0.683587134,0.547847200,0.038633405,0.668477118,True
10.080000000,0.543889939,0.021486496,0.683587134,0.547845364,0.038470374,0.668492769,True
10.082000000,0.543889939,0.021486496,0.683587134,0.547843601,0.038307709,0.668508443,True
10.084000000,0.543889939,0.021486496,0.683587134,0.547841901,0.038146036,0.668524064,True
10.086000000,0.543889939,0.021486496,0.683587134,0.547840250,0.037985837,0.668539572,True
10.088000000,0.543889939,0.021486496,0.683587134,0.547838637,0.037827485,0.668554920,True
10.090000000,0.543889939,0.021486496,0.683587134,0.547837051,0.037671266,0.668570070,True
10.092000000,0.543889939,0.021486496,0.683587134,0.547835486,0.037517392,0.668584997,True
10.094000000,0.543872685,0.019893621,0.683736966,0.547833600,0.037359014,0.668600099,True
10.096000000,0.543872685,0.019893621,0.683736966,0.547831663,0.037197867,0.668615448,True
10.098000000,0.543872685,0.019893621,0.683736966,0.547829769,0.037035265,0.668630990,True
10.100000000,0.543872685,0.019893621,0.683736966,0.547827945,0.036872230,0.668646636,True
10.102000000,0.543872685,0.019893621,0.683736966,0.547826188,0.036709561,0.668662300,True
10.104000000,0.543872685,0.019893621,0.683736966,0.547824489,0.036547883,0.668677908,True
10.106000000,0.543872685,0.019893621,0.683736966,0.547822835,0.036387678,0.668693399,True
10.108000000,0.543872685,0.019893621,0.683736966,0.547821216,0.036229321,0.668708726,True
10.110000000,0.543872685,0.019893621,0.683736966,0.547819622,0.036073095,0.668723854,True
10.112000000,0.543872685,0.019893621,0.683736966,0.547818046,0.035919215,0.668738758,True
10.114000000,0.543855432,0.018300745,0.683886798,0.547816178,0.035760836,0.668753862,True
10.116000000,0.543855432,0.018300745,0.683886798,0.547814261,0.035599688,0.668769216,True
10.118000000,0.543855432,0.018300745,0.683886798,0.547812385,0.035437084,0.668784758,True
10.120000000,0.543855432,0.018300745,0.683886798,0.547810573,0.035274046,0.668800400,True
10.122000000,0.543855432,0.018300745,0.683886798,0.547808822,0.035111373,0.668816055,True
10.124000000,0.543855432,0.018300745,0.683886798,0.547807123,0.034949690,0.668831648,True
10.126000000,0.543855432,0.018300745,0.683886798,0.547805467,0.034789480,0.668847121,True
10.128000000,0.543855432,0.018300745,0.683886798,0.547803842,0.034631116,0.668862428,True
10.130000000,0.543855432,0.018300745,0.683886798,0.547802240,0.034474884,0.668877534,True
10.132000000,0.543855432,0.018300745,0.683886798,0.547800654,0.034320998,0.668892414,True
10.134000000,0.543838179,0.016707869,0.684036630,0.547798802,0.034162617,0.668907520,True
10.136000000,0.543838179,0.016707869,0.684036630,0.547796907,0.034001467,0.668922878,True
10.138000000,0.543838179,0.016707869,0.684036630,0.547795049,0.033838861,0.668938421,True
10.140000000,0.543838179,0.016707869,0.684036630,0.547793248,0.033675820,0.668954058,True
10.142000000,0.543838179,0.016707869,0.684036630,0.547791503,0.033513144,0.668969702,True
10.144000000,0.543838179,0.016707869,0.684036630,0.547789806,0.033351456,0.668985281,True
10.146000000,0.543838179,0.016707869,0.684036630,0.547788146,0.033191240,0.669000736,True
10.148000000,0.543838179,0.016707869,0.684036630,0.547786515,0.033032872,0.669016022,True
10.150000000,0.543838179,0.016707869,0.684036630,0.547784905,0.032876634,0.669031106,True
10.152000000,0.543838179,0.016707869,0.684036630,0.547783310,0.032722742,0.669045962,True
10.154000000,0.543820926,0.015114994,0.684186462,0.547781475,0.032564359,0.669061069,True
10.156000000,0.543820926,0.015114994,0.684186462,0.547779601,0.032403208,0.669076432,True
10.158000000,0.543820926,0.015114994,0.684186462,0.547777760,0.032240600,0.669091975,True
10.160000000,0.543820926,0.015114994,0.684186462,0.547775970,0.032077557,0.669107607,True
10.162000000,0.543820926,0.015114994,0.684186462,0.547774232,0.031914877,0.669123241,True
10.164000000,0.543820926,0.015114994,0.684186462,0.547772536,0.031753185,0.669138804,True
10.166000000,0.543820926,0.015114994,0.684186462,0.547770873,0.031592965,0.669154240,True
10.168000000,0.543820926,0.015114994,0.684186462,0.547769237,0.031434591,0.669169506,True
10.170000000,0.543820926,0.015114994,0.684186462,0.547767619,0.031278348,0.669184567,True
10.172000000,0.543820926,0.015114994,0.684186462,0.547766014,0.031124450,0.669199399,True
10.174000000,0.543803673,0.013522118,0.684336294,0.547764196,0.030966066,0.669214506,True
10.176000000,0.543803673,0.013522118,0.684336294,0.547762343,0.030804914,0.669229873,True
10.178000000,0.543803673,0.013522118,0.684336294,0.547760519,0.030642305,0.669245417,True
10.180000000,0.543803673,0.013522118,0.684336294,0.547758741,0.030479259,0.669261043,True
10.182000000,0.543803673,0.013522118,0.684336294,0.547757009,0.030316576,0.669276666,True
10.184000000,0.543803673,0.013522118,0.684336294,0.547755314,0.030154880,0.669292214,True
10.186000000,0.543803673,0.013522118,0.684336294,0.547753649,0.029994655,0.669307632,True
10.188000000,0.543803673,0.013522118,0.684336294,0.547752007,0.029836277,0.669322876,True
10.190000000,0.543803673,0.013522118,0.684336294,0.547750381,0.029680029,0.669337914,True
10.192000000,0.543803673,0.013522118,0.684336294,0.547748766,0.029526126,0.669352722,True
10.194000000,0.543786420,0.011929243,0.684486126,0.547746965,0.029367740,0.669367829,True
10.196000000,0.543786420,0.011929243,0.684486126,0.547745133,0.029206588,0.669383200,True
10.198000000,0.543786420,0.011929243,0.684486126,0.547743327,0.029043977,0.669398744,True
10.200000000,0.543786420,0.011929243,0.684486126,0.547741561,0.028880929,0.669414364,True
10.202000000,0.543786420,0.011929243,0.684486126,0.547739835,0.028718243,0.669429976,True
10.204000000,0.543786420,0.011929243,0.684486126,0.547738142,0.028556543,0.669445509,True
10.206000000,0.543786420,0.011929243,0.684486126,0.547736474,0.028396314,0.669460907,True
10.208000000,0.543786420,0.011929243,0.684486126,0.547734826,0.028237931,0.669476130,True
10.210000000,0.543786420,0.011929243,0.684486126,0.547733192,0.028081679,0.669491144,True
10.212000000,0.543786420,0.011929243,0.684486126,0.547731567,0.027927771,0.669505928,True
10.214000000,0.543769167,0.010336367,0.684635958,0.547729783,0.027769384,0.669521036,True
10.216000000,0.543769167,0.010336367,0.684635958,0.547727973,0.027608231,0.669536410,True
10.218000000,0.543769167,0.010336367,0.684635958,0.547726185,0.027445619,0.669551954,True
10.220000000,0.543769167,0.010336367,0.684635958,0.547724431,0.027282569,0.669567568,True
10.222000000,0.543769167,0.010336367,0.684635958,0.547722710,0.027119880,0.669583168,True
10.224000000,0.543769167,0.010336367,0.684635958,0.547721018,0.026958177,0.669598685,True
10.226000000,0.543769167,0.010336367,0.684635958,0.547719348,0.026797944,0.669614064,True
10.228000000,0.543769167,0.010336367,0.684635958,0.547717694,0.026639557,0.669629265,True
10.230000000,0.543769167,0.010336367,0.684635958,0.547716052,0.026483300,0.669644256,True
10.232000000,0.543769167,0.010336367,0.684635958,0.547714418,0.026329387,0.669659014,True
10.234000000,0.543751914,0.008743491,0.684785790,0.547712651,0.026171000,0.669674123,True
10.236000000,0.543751914,0.008743491,0.684785790,0.547710862,0.026009846,0.669689500,True
10.238000000,0.543751914,0.008743491,0.684785790,0.547709091,0.025847233,0.669705043,True
10.240000000,0.543751914,0.008743491,0.684785790,0.547707349,0.025684181,0.669720651,True
10.242000000,0.543751914,0.008743491,0.684785790,0.547705635,0.025521489,0.669736240,True
10.244000000,0.543751914,0.008743491,0.684785790,0.547703944,0.025359783,0.669751741,True
10.246000000,0.543751914,0.008743491,0.684785790,0.547702272,0.025199547,0.669767101,True
10.248000000,0.543751914,0.008743491,0.684785790,0.547700612,0.025041156,0.669782279,True
10.250000000,0.543751914,0.008743491,0.684785790,0.547698962,0.024884894,0.669797246,True
10.252000000,0.543751914,0.008743491,0.684785790,0.547697318,0.024730977,0.669811980,True
10.254000000,0.543734660,0.007150616,0.684935622,0.547695569,0.024572589,0.669827088,True
10.256000000,0.543734660,0.007150616,0.684935622,0.547693801,0.024411435,0.669842469,True
10.258000000,0.543734660,0.007150616,0.684935622,0.547692048,0.024248821,0.669858011,True
10.260000000,0.543734660,0.007150616,0.684935622,0.547690318,0.024085767,0.669873613,True
10.262000000,0.543734660,0.007150616,0.684935622,0.547688610,0.023923073,0.669889190,True
10.264000000,0.543734660,0.007150616,0.684935622,0.547686920,0.023761364,0.669904674,True
10.266000000,0.543734660,0.007150616,0.684935622,0.547685245,0.023601124,0.669920015,True
10.268000000,0.543734660,0.007150616,0.684935622,0.547683580,0.023442729,0.669935171,True
10.270000000,0.543734660,0.007150616,0.684935622,0.547681922,0.023286464,0.669950114,True
10.272000000,0.543734660,0.007150616,0.684935622,0.547680269,0.023132543,0.669964823,True
10.274000000,0.543717407,0.005557740,0.685085453,0.547678536,0.022974154,0.669979931,True
10.276000000,0.543717407,0.005557740,0.685085453,0.547676790,0.022812999,0.669995315,True
10.278000000,0.543717407,0.005557740,0.685085453,0.547675054,0.022650384,0.670010856,True
10.280000000,0.543717407,0.005557740,0.685085453,0.547673336,0.022487328,0.670026451,True
10.282000000,0.543717407,0.005557740,0.685085453,0.547671634,0.022324632,0.670042016,True
10.284000000,0.543717407,0.005557740,0.685085453,0.547669946,0.022162920,0.670057484,True
10.286000000,0.543717407,0.005557740,0.685085453,0.547668269,0.022002677,0.670072805,True
10.288000000,0.543717407,0.005557740,0.685085453,0.547666598,0.021844279,0.670087939,True
10.290000000,0.543717407,0.005557740,0.685085453,0.547664932,0.021688010,0.670102858,True
10.292000000,0.543717407,0.005557740,0.685085453,0.547663269,0.021534085,0.670117541,True
10.294000000,0.543700154,0.003964865,0.685235285,0.547661553,0.021375695,0.670132648,True
10.296000000,0.543700154,0.003964865,0.685235285,0.547659829,0.021214540,0.670148035,True
10.298000000,0.543700154,0.003964865,0.685235285,0.547658111,0.021051924,0.670163575,True
10.300000000,0.543700154,0.003964865,0.685235285,0.547656405,0.020888867,0.670179164,True
10.302000000,0.543700154,0.003964865,0.685235285,0.547654709,0.020726168,0.670194716,True
10.304000000,0.543700154,0.003964865,0.685235285,0.547653023,0.020564454,0.670210168,True
10.306000000,0.543700154,0.003964865,0.685235285,0.547651342,0.020404208,0.670225468,True
10.308000000,0.543700154,0.003964865,0.685235285,0.547649666,0.020245806,0.670240580,True
10.310000000,0.543700154,0.003964865,0.685235285,0.547647992,0.020089534,0.670255475,True
10.312000000,0.543700154,0.003964865,0.685235285,0.547646320,0.019935605,0.670270132,True
10.314000000,0.543682901,0.002371989,0.685385117,0.547644621,0.019777214,0.670285239,True
10.316000000,0.543682901,0.002371989,0.685385117,0.547642918,0.019616059,0.670300629,True
10.318000000,0.543682901,0.002371989,0.685385117,0.547641218,0.019453442,0.670316168,True
10.320000000,0.543682901,0.002371989,0.685385117,0.547639524,0.019290384,0.670331749,True
10.322000000,0.543682901,0.002371989,0.685385117,0.547637835,0.019127683,0.670347290,True
10.324000000,0.543682901,0.002371989,0.685385117,0.547636149,0.018965966,0.670362725,True
10.326000000,0.543682901,0.002371989,0.685385117,0.547634467,0.018805717,0.670378005,True
10.328000000,0.543682901,0.002371989,0.685385117,0.547632785,0.018647312,0.670393094,True
10.330000000,0.543682901,0.002371989,0.685385117,0.547631103,0.018491037,0.670407964,True
10.332000000,0.543682901,0.002371989,0.685385117,0.547629421,0.018337105,0.670422596,True
10.334000000,0.543665648,0.000779113,0.685534949,0.547627740,0.018178713,0.670437702,True
10.336000000,0.543665648,0.000779113,0.685534949,0.547626058,0.018017557,0.670453095,True
10.338000000,0.543665648,0.000779113,0.685534949,0.547624375,0.017854939,0.670468632,True
10.340000000,0.543665648,0.000779113,0.685534949,0.547622693,0.017691880,0.670484207,True
10.342000000,0.543665648,0.000779113,0.685534949,0.547621010,0.017529178,0.670499735,True
10.344000000,0.543665648,0.000779113,0.685534949,0.547619327,0.017367458,0.670515153,True
10.346000000,0.543665648,0.000779113,0.685534949,0.547617641,0.017207207,0.670530413,True
10.348000000,0.543665648,0.000779113,0.685534949,0.547615954,0.017048799,0.670545479,True
10.350000000,0.543665648,0.000779113,0.685534949,0.547614264,0.016892520,0.670560325,True
10.352000000,0.543665648,0.000779113,0.685534949,0.547612573,0.016738585,0.670574931,True
10.354000000,0.543648395,-0.000813762,0.685684781,0.547610909,0.016580192,0.670590037,True
10.356000000,0.543648395,-0.000813762,0.685684781,0.547609248,0.016419036,0.670605432,True
10.358000000,0.543648395,-0.000813762,0.685684781,0.547607584,0.016256417,0.670620968,True
10.360000000,0.543648395,-0.000813762,0.685684781,0.547605913,0.016093357,0.670636535,True
10.362000000,0.543648395,-0.000813762,0.685684781,0.547604237,0.015930652,0.670652051,True
10.364000000,0.543648395,-0.000813762,0.685684781,0.547602555,0.015768931,0.670667452,True
10.366000000,0.543648395,-0.000813762,0.685684781,0.547600867,0.015608677,0.670682692,True
10.368000000,0.543648395,-0.000813762,0.685684781,0.547599174,0.015450266,0.670697735,True
10.370000000,0.543648395,-0.000813762,0.685684781,0.547597477,0.015293984,0.670712556,True
10.372000000,0.543648395,-0.000813762,0.685684781,0.547595775,0.015140046,0.670727136,True
10.374000000,0.543631142,-0.002406638,0.685834613,0.547594129,0.014981653,0.670742241,True
10.376000000,0.543631142,-0.002406638,0.685834613,0.547592490,0.014820496,0.670757638,True
10.378000000,0.543631142,-0.002406638,0.685834613,0.547590843,0.014657877,0.670773172,True
10.380000000,0.543631142,-0.002406638,0.685834613,0.547589184,0.014494815,0.670788733,True
10.382000000,0.543631142,-0.002406638,0.685834613,0.547587514,0.014332109,0.670804236,True
10.384000000,0.543631142,-0.002406638,0.685834613,0.547585834,0.014170385,0.670819620,True
10.386000000,0.543631142,-0.002406638,0.685834613,0.547584143,0.014010129,0.670834839,True
10.388000000,0.543631142,-0.002406638,0.685834613,0.547582445,0.013851716,0.670849859,True
10.390000000,0.543631142,-0.002406638,0.685834613,0.547580740,0.013695431,0.670864655,True
10.392000000,0.543631142,-0.002406638,0.685834613,0.547579029,0.013541490,0.670879210,True
10.394000000,0.543613889,-0.003999514,0.685984445,0.547577399,0.013383096,0.670894313,True
10.396000000,0.543613889,-0.003999514,0.685984445,0.547575782,0.013221939,0.670909713,True
10.398000000,0.543613889,-0.003999514,0.685984445,0.547574153,0.013059319,0.670925246,True
10.400000000,0.543613889,-0.003999514,0.685984445,0.547572506,0.012896256,0.670940799,True
10.402000000,0.543613889,-0.003999514,0.685984445,0.547570843,0.012733548,0.670956289,True
10.404000000,0.543613889,-0.003999514,0.685984445,0.547569163,0.012571822,0.670971656,True
10.406000000,0.543613889,-0.003999514,0.685984445,0.547567471,0.012411564,0.670986855,True
10.408000000,0.543613889,-0.003999514,0.685984445,0.547565767,0.012253148,0.671001852,True
10.410000000,0.543613889,-0.003999514,0.685984445,0.547564054,0.012096861,0.671016623,True
10.412000000,0.543613889,-0.003999514,0.685984445,0.547562333,0.011942917,0.671031151,True
10.414000000,0.543596635,-0.005592389,0.686134277,0.547560721,0.011784522,0.671046254,True
10.416000000,0.543596635,-0.005592389,0.686134277,0.547559125,0.011623365,0.671061656,True
10.418000000,0.543596635,-0.005592389,0.686134277,0.547557514,0.011460744,0.671077187,True
10.420000000,0.543596635,-0.005592389,0.686134277,0.547555879,0.011297679,0.671092732,True
10.422000000,0.543596635,-0.005592389,0.686134277,0.547554222,0.011134971,0.671108210,True
10.424000000,0.543596635,-0.005592389,0.686134277,0.547552544,0.010973243,0.671123559,True
10.426000000,0.543596635,-0.005592389,0.686134277,0.547550849,0.010812982,0.671138737,True
10.428000000,0.543596635,-0.005592389,0.686134277,0.547549139,0.010654564,0.671153711,True
10.430000000,0.543596635,-0.005592389,0.686134277,0.547547418,0.010498275,0.671168457,True
10.432000000,0.543596635,-0.005592389,0.686134277,0.547545689,0.010344328,0.671182959,True
10.434000000,0.543579382,-0.007185265,0.686284109,0.547544094,0.010185933,0.671198061,True
10.436000000,0.543579382,-0.007185265,0.686284109,0.547542519,0.010024775,0.671213465,True
10.438000000,0.543579382,-0.007185265,0.686284109,0.547540926,0.009862153,0.671228994,True
10.440000000,0.543579382,-0.007185265,0.686284109,0.547539303,0.009699088,0.671244532,True
10.442000000,0.543579382,-0.007185265,0.686284109,0.547537652,0.009536377,0.671259997,True
10.444000000,0.543579382,-0.007185265,0.686284109,0.547535976,0.009374648,0.671275329,True
10.446000000,0.543579382,-0.007185265,0.686284109,0.547534278,0.009214385,0.671290487,True
10.448000000,0.543579382,-0.007185265,0.686284109,0.547532563,0.009055965,0.671305437,True
10.450000000,0.543579382,-0.007185265,0.686284109,0.547530834,0.008899673,0.671320158,True
10.452000000,0.543579382,-0.007185265,0.686284109,0.547529095,0.008745724,0.671334634,True
10.454000000,0.543562129,-0.008778140,0.686433941,0.547527517,0.008587327,0.671349734,True
10.456000000,0.543562129,-0.008778140,0.686433941,0.547525964,0.008426168,0.671365141,True
10.458000000,0.543562129,-0.008778140,0.686433941,0.547524388,0.008263546,0.671380668,True
10.460000000,0.543562129,-0.008778140,0.686433941,0.547522778,0.008100479,0.671396199,True
10.462000000,0.543562129,-0.008778140,0.686433941,0.547521134,0.007937768,0.671411650,True
10.464000000,0.543562129,-0.008778140,0.686433941,0.547519459,0.007776036,0.671426966,True
10.466000000,0.543562129,-0.008778140,0.686433941,0.547517759,0.007615772,0.671442102,True
10.468000000,0.543562129,-0.008778140,0.686433941,0.547516038,0.007457350,0.671457029,True
10.470000000,0.543562129,-0.008778140,0.686433941,0.547514302,0.007301056,0.671471725,True
10.472000000,0.543562129,-0.008778140,0.686433941,0.547512552,0.007147105,0.671486174,True
10.474000000,0.543544876,-0.010371016,0.686583773,0.547510992,0.006988708,0.671501273,True
10.476000000,0.543544876,-0.010371016,0.686583773,0.547509460,0.006827549,0.671516681,True
10.478000000,0.543544876,-0.010371016,0.686583773,0.547507903,0.006664927,0.671532207,True
10.480000000,0.543544876,-0.010371016,0.686583773,0.547506304,0.006501859,0.671547730,True
10.482000000,0.543544876,-0.010371016,0.686583773,0.547504666,0.006339146,0.671563168,True
10.484000000,0.543544876,-0.010371016,0.686583773,0.547502993,0.006177413,0.671578466,True
10.486000000,0.543544876,-0.010371016,0.686583773,0.547501290,0.006017147,0.671593582,True
10.488000000,0.543544876,-0.010371016,0.686583773,0.547499564,0.005858723,0.671608485,True
10.490000000,0.543544876,-0.010371016,0.686583773,0.547497820,0.005702427,0.671623156,True
10.492000000,0.543544876,-0.010371016,0.686583773,0.547496061,0.005548473,0.671637579,True
10.494000000,0.543527623,-0.011963892,0.686733605,0.547494518,0.005390075,0.671652677,True
10.496000000,0.543527623,-0.011963892,0.686733605,0.547493008,0.005228916,0.671668087,True
10.498000000,0.543527623,-0.011963892,0.686733605,0.547491468,0.005066292,0.671683611,True
10.500000000,0.543527623,-0.011963892,0.686733605,0.547489882,0.004903223,0.671699126,True
10.502000000,0.543527623,-0.011963892,0.686733605,0.547488250,0.004740509,0.671714551,True
10.504000000,0.543527623,-0.011963892,0.686733605,0.547486578,0.004578774,0.671729832,True
10.506000000,0.543527623,-0.011963892,0.686733605,0.547484873,0.004418507,0.671744926,True
10.508000000,0.543527623,-0.011963892,0.686733605,0.547483142,0.004260081,0.671759806,True
10.510000000,0.543527623,-0.011963892,0.686733605,0.547481389,0.004103782,0.671774452,True
10.512000000,0.543527623,-0.011963892,0.686733605,0.547479621,0.003949827,0.671788848,True
10.514000000,0.543510370,-0.013556767,0.686883437,0.547478095,0.003791428,0.671803945,True
10.516000000,0.543510370,-0.013556767,0.686883437,0.547476606,0.003630267,0.671819357,True
10.518000000,0.543510370,-0.013556767,0.686883437,0.547475084,0.003467643,0.671834879,True
10.520000000,0.543510370,-0.013556767,0.686883437,0.547473510,0.003304573,0.671850386,True
10.522000000,0.543510370,-0.013556767,0.686883437,0.547471885,0.003141857,0.671865799,True
10.524000000,0.543510370,-0.013556767,0.686883437,0.547470214,0.002980122,0.671881061,True
10.526000000,0.543510370,-0.013556767,0.686883437,0.547468507,0.002819852,0.671896135,True
10.528000000,0.543510370,-0.013556767,0.686883437,0.547466770,0.002661424,0.671910991,True
10.530000000,0.543510370,-0.013556767,0.686883437,0.547465010,0.002505124,0.671925612,True
10.532000000,0.543510370,-0.013556767,0.686883437,0.547463232,0.002351167,0.671939981,True
10.534000000,0.543493117,-0.015149643,0.687033269,0.547461724,0.002192767,0.671955076,True
10.536000000,0.543493117,-0.015149643,0.687033269,0.547460256,0.002031606,0.671970491,True
10.538000000,0.543493117,-0.015149643,0.687033269,0.547458752,0.001868980,0.671986010,True
10.540000000,0.543493117,-0.015149643,0.687033269,0.547457190,0.001705910,0.672001510,True
10.542000000,0.543493117,-0.015149643,0.687033269,0.547455571,0.001543193,0.672016909,True
10.544000000,0.543493117,-0.015149643,0.687033269,0.547453902,0.001381456,0.672032154,True
10.546000000,0.543493117,-0.015149643,0.687033269,0.547452192,0.001221185,0.672047207,True
10.548000000,0.543493117,-0.015149643,0.687033269,0.547450450,0.001062755,0.672062040,True
10.550000000,0.543493117,-0.015149643,0.687033269,0.547448682,0.000906453,0.672076635,True
10.552000000,0.543493117,-0.015149643,0.687033269,0.547446895,0.000752494,0.672090978,True
10.554000000,0.543475864,-0.016742518,0.687183101,0.547445403,0.000594093,0.672106071,True
10.556000000,0.543475864,-0.016742518,0.687183101,0.547443957,0.000432931,0.672121488,True
10.558000000,0.543475864,-0.016742518,0.687183101,0.547442471,0.000270305,0.672137005,True
10.560000000,0.543475864,-0.016742518,0.687183101,0.547440921,0.000107233,0.672152497,True
10.562000000,0.543475864,-0.016742518,0.687183101,0.547439308,-0.000055485,0.672167883,True
10.564000000,0.543475864,-0.016742518,0.687183101,0.547437641,-0.000217223,0.672183110,True
10.566000000,0.543475864,-0.016742518,0.687183101,0.547435928,-0.000377496,0.672198142,True
10.568000000,0.543475864,-0.016742518,0.687183101,0.547434180,-0.000535927,0.672212951,True
10.570000000,0.543475864,-0.016742518,0.687183101,0.547432405,-0.000692230,0.672227520,True
10.572000000,0.543475864,-0.016742518,0.687183101,0.547430608,-0.000846191,0.672241837,True
10.574000000,0.543458611,-0.018335394,0.687332933,0.547429134,-0.001004593,0.672256929,True
10.576000000,0.543458611,-0.018335394,0.687332933,0.547427710,-0.001165756,0.672272347,True
10.578000000,0.543458611,-0.018335394,0.687332933,0.547426241,-0.001328383,0.672287862,True
10.580000000,0.543458611,-0.018335394,0.687332933,0.547424703,-0.001491456,0.672303346,True
10.582000000,0.543458611,-0.018335394,0.687332933,0.547423096,-0.001654175,0.672318719,True
10.584000000,0.543458611,-0.018335394,0.687332933,0.547421431,-0.001815915,0.672333929,True
10.586000000,0.543458611,-0.018335394,0.687332933,0.547419716,-0.001976188,0.672348939,True
10.588000000,0.543458611,-0.018335394,0.687332933,0.547417962,-0.002134621,0.672363725,True
10.590000000,0.543458611,-0.018335394,0.687332933,0.547416179,-0.002290926,0.672378269,True
10.592000000,0.543458611,-0.018335394,0.687332933,0.547414373,-0.002444888,0.672392558,True
10.594000000,0.543441357,-0.019928270,0.687482765,0.547412916,-0.002603291,0.672407649,True
10.596000000,0.543441357,-0.019928270,0.687482765,0.547411513,-0.002764455,0.672423069,True
10.598000000,0.543441357,-0.019928270,0.687482765,0.547410062,-0.002927083,0.672438582,True
10.600000000,0.543441357,-0.019928270,0.687482765,0.547408536,-0.003090157,0.672454058,True
10.602000000,0.543441357,-0.019928270,0.687482765,0.547406936,-0.003252877,0.672469418,True
10.604000000,0.543441357,-0.019928270,0.687482765,0.547405272,-0.003414618,0.672484610,True
10.606000000,0.543441357,-0.019928270,0.687482765,0.547403555,-0.003574893,0.672499599,True
10.608000000,0.543441357,-0.019928270,0.687482765,0.547401796,-0.003733327,0.672514361,True
10.610000000,0.543441357,-0.019928270,0.687482765,0.547400005,-0.003889633,0.672528879,True
10.612000000,0.543441357,-0.019928270,0.687482765,0.547398189,-0.004043597,0.672543142,True
10.614000000,0.543424104,-0.021521145,0.687632597,0.547396749,-0.004202001,0.672558231,True
10.616000000,0.543424104,-0.021521145,0.687632597,0.547395368,-0.004363166,0.672573653,True
10.618000000,0.543424104,-0.021521145,0.687632597,0.547393935,-0.004525795,0.672589164,True
10.620000000,0.543424104,-0.021521145,0.687632597,0.547392421,-0.004688870,0.672604632,True
10.622000000,0.543424104,-0.021521145,0.687632597,0.547390827,-0.004851591,0.672619979,True
10.624000000,0.543424104,-0.021521145,0.687632597,0.547389164,-0.005013333,0.672635153,True
10.626000000,0.543424104,-0.021521145,0.687632597,0.547387445,-0.005173609,0.672650121,True
10.628000000,0.543424104,-0.021521145,0.687632597,0.547385680,-0.005332044,0.672664859,True
10.630000000,0.543424104,-0.021521145,0.687632597,0.547383881,-0.005488352,0.672679351,True
10.632000000,0.543424104,-0.021521145,0.687632597,0.547382056,-0.005642317,0.672693588,True
10.634000000,0.543406851,-0.023114021,0.687782429,0.547380634,-0.005800723,0.672708675,True
10.636000000,0.543406851,-0.023114021,0.687782429,0.547379274,-0.005961889,0.672724099,True
10.638000000,0.543406851,-0.023114021,0.687782429,0.547377858,-0.006124519,0.672739608,True
10.640000000,0.543406851,-0.023114021,0.687782429,0.547376356,-0.006287595,0.672755068,True
10.642000000,0.543406851,-0.023114021,0.687782429,0.547374769,-0.006450317,0.672770401,True
10.644000000,0.543406851,-0.023114021,0.687782429,0.547373108,-0.006612060,0.672785557,True
10.646000000,0.543406851,-0.023114021,0.687782429,0.547371386,-0.006772337,0.672800504,True
10.648000000,0.543406851,-0.023114021,0.687782429,0.547369616,-0.006930773,0.672815218,True
10.650000000,0.543406851,-0.023114021,0.687782429,0.547367809,-0.007087082,0.672829685,True
10.652000000,0.543406851,-0.023114021,0.687782429,0.547365975,-0.007241049,0.672843894,True
10.654000000,0.543389598,-0.024706896,0.687932261,0.547364569,-0.007399455,0.672858980,True
10.656000000,0.543389598,-0.024706896,0.687932261,0.547363231,-0.007560623,0.672874406,True
10.658000000,0.543389598,-0.024706896,0.687932261,0.547361833,-0.007723254,0.672889912,True
10.660000000,0.543389598,-0.024706896,0.687932261,0.547360343,-0.007886332,0.672905365,True
10.662000000,0.543389598,-0.024706896,0.687932261,0.547358762,-0.008049055,0.672920684,True
10.664000000,0.543389598,-0.024706896,0.687932261,0.547357102,-0.008210799,0.672935823,True
10.666000000,0.543389598,-0.024706896,0.687932261,0.547355378,-0.008371077,0.672950748,True
10.668000000,0.543389598,-0.024706896,0.687932261,0.547353603,-0.008529514,0.672965439,True
10.670000000,0.543389598,-0.024706896,0.687932261,0.547351788,-0.008685824,0.672979880,True
10.672000000,0.543389598,-0.024706896,0.687932261,0.547349944,-0.008839792,0.672994062,True
10.674000000,0.543372345,-0.026299772,0.688082093,0.547348556,-0.008998200,0.673009147,True
10.676000000,0.543372345,-0.026299772,0.688082093,0.547347239,-0.009159368,0.673024574,True
10.678000000,0.543372345,-0.026299772,0.688082093,0.547345859,-0.009322001,0.673040078,True
10.680000000,0.543372345,-0.026299772,0.688082093,0.547344381,-0.009485079,0.673055523,True
10.682000000,0.543372345,-0.026299772,0.688082093,0.547342807,-0.009647804,0.673070829,True
10.684000000,0.543372345,-0.026299772,0.688082093,0.547341148,-0.009809549,0.673085950,True
10.686000000,0.543372345,-0.026299772,0.688082093,0.547339422,-0.009969828,0.673100854,True
10.688000000,0.543372345,-0.026299772,0.688082093,0.547337641,-0.010128266,0.673115520,True
10.690000000,0.543372345,-0.026299772,0.688082093,0.547335819,-0.010284577,0.673129936,True
10.692000000,0.543372345,-0.026299772,0.688082093,0.547333965,-0.010438545,0.673144091,True
10.694000000,0.543355092,-0.027892648,0.688231925,0.547332594,-0.010596955,0.673159174,True
10.696000000,0.543355092,-0.027892648,0.688231925,0.547331299,-0.010758125,0.673174603,True
10.698000000,0.543355092,-0.027892648,0.688231925,0.547329936,-0.010920759,0.673190105,True
10.700000000,0.543355092,-0.027892648,0.688231925,0.547328470,-0.011083838,0.673205542,True
10.702000000,0.543355092,-0.027892648,0.688231925,0.547326902,-0.011246563,0.673220835,True
10.704000000,0.543355092,-0.027892648,0.688231925,0.547325245,-0.011408309,0.673235937,True
10.706000000,0.543355092,-0.027892648,0.688231925,0.547323516,-0.011568589,0.673250820,True
10.708000000,0.543355092,-0.027892648,0.688231925,0.547321730,-0.011727028,0.673265463,True
10.710000000,0.543355092,-0.027892648,0.688231925,0.547319900,-0.011883340,0.673279852,True
10.712000000,0.543355092,-0.027892648,0.688231925,0.547318037,-0.012037310,0.673293981,True
10.714000000,0.543337839,-0.029485523,0.688381757,0.547316684,-0.012195720,0.673309062,True
10.716000000,0.543337839,-0.029485523,0.688381757,0.547315409,-0.012356892,0.673324493,True
10.718000000,0.543337839,-0.029485523,0.688381757,0.547314065,-0.012519527,0.673339993,True
10.720000000,0.543337839,-0.029485523,0.688381757,0.547312611,-0.012682608,0.673355421,True
10.722000000,0.543337839,-0.029485523,0.688381757,0.547311049,-0.012845334,0.673370701,True
10.724000000,0.543337839,-0.029485523,0.688381757,0.547309394,-0.013007081,0.673385786,True
10.726000000,0.543337839,-0.029485523,0.688381757,0.547307662,-0.013167362,0.673400647,True
10.728000000,0.543337839,-0.029485523,0.688381757,0.547305871,-0.013325801,0.673415265,True
10.730000000,0.543337839,-0.029485523,0.688381757,0.547304033,-0.013482114,0.673429630,True
10.732000000,0.543337839,-0.029485523,0.688381757,0.547302161,-0.013636085,0.673443731,True
10.734000000,0.543320586,-0.031078399,0.688531589,0.547300824,-0.013794497,0.673458811,True
10.736000000,0.543320586,-0.031078399,0.688531589,0.547299571,-0.013955670,0.673474244,True
10.738000000,0.543320586,-0.031078399,0.688531589,0.547298244,-0.014118307,0.673489741,True
10.740000000,0.543320586,-0.031078399,0.688531589,0.547296802,-0.014281388,0.673505161,True
10.742000000,0.543320586,-0.031078399,0.688531589,0.547295247,-0.014444116,0.673520427,True
10.744000000,0.543320586,-0.031078399,0.688531589,0.547293593,-0.014605863,0.673535494,True
10.746000000,0.543320586,-0.031078399,0.688531589,0.547291859,-0.014766145,0.673550334,True
10.748000000,0.543320586,-0.031078399,0.688531589,0.547290062,-0.014924585,0.673564929,True
10.750000000,0.543320586,-0.031078399,0.688531589,0.547288217,-0.015080899,0.673579267,True
10.752000000,0.543320586,-0.031078399,0.688531589,0.547286335,-0.015234870,0.673593342,True
10.754000000,0.543303332,-0.032671275,0.688681421,0.547285016,-0.015393284,0.673608420,True
10.756000000,0.543303332,-0.032671275,0.688681421,0.547283784,-0.015554459,0.673623854,True
10.758000000,0.543303332,-0.032671275,0.688681421,0.547282475,-0.015717097,0.673639350,True
10.760000000,0.543303332,-0.032671275,0.688681421,0.547281045,-0.015880180,0.673654762,True
10.762000000,0.543303332,-0.032671275,0.688681421,0.547279496,-0.016042908,0.673670014,True
10.764000000,0.543303332,-0.032671275,0.688681421,0.547277844,-0.016204656,0.673685063,True
10.766000000,0.543303332,-0.032671275,0.688681421,0.547276108,-0.016364939,0.673699882,True
10.768000000,0.543303332,-0.032671275,0.688681421,0.547274305,-0.016523380,0.673714452,True
10.770000000,0.543303332,-0.032671275,0.688681421,0.547272452,-0.016679694,0.673728765,True
10.772000000,0.543303332,-0.032671275,0.688681421,0.547270561,-0.016833665,0.673742813,True
10.774000000,0.543286079,-0.034264150,0.688831253,0.547269259,-0.016992081,0.673757889,True
10.776000000,0.543286079,-0.034264150,0.688831253,0.547268048,-0.017153258,0.673773325,True
10.778000000,0.543286079,-0.034264150,0.688831253,0.547266757,-0.017315898,0.673788818,True
10.780000000,0.543286079,-0.034264150,0.688831253,0.547265339,-0.017478982,0.673804223,True
10.782000000,0.543286079,-0.034264150,0.688831253,0.547263796,-0.017641711,0.673819462,True
10.784000000,0.543286079,-0.034264150,0.688831253,0.547262146,-0.017803460,0.673834493,True
10.786000000,0.543286079,-0.034264150,0.688831253,0.547260407,-0.017963743,0.673849289,True
10.788000000,0.543286079,-0.034264150,0.688831253,0.547258599,-0.018122184,0.673863836,True
10.790000000,0.543286079,-0.034264150,0.688831253,0.547256738,-0.018278499,0.673878123,True
10.792000000,0.543286079,-0.034264150,0.688831253,0.547254838,-0.018432471,0.673892144,True
10.794000000,0.543268826,-0.035857026,0.688981085,0.547253553,-0.018590889,0.673907219,True
10.796000000,0.543268826,-0.035857026,0.688981085,0.547252364,-0.018752068,0.673922656,True
10.798000000,0.543268826,-0.035857026,0.688981085,0.547251090,-0.018914709,0.673938147,True
10.800000000,0.543268826,-0.035857026,0.688981085,0.547249684,-0.019077794,0.673953543,True
10.802000000,0.543268826,-0.035857026,0.688981085,0.547248148,-0.019240524,0.673968769,True
10.804000000,0.543268826,-0.035857026,0.688981085,0.547246498,-0.019402274,0.673983782,True
10.806000000,0.543268826,-0.035857026,0.688981085,0.547244757,-0.019562557,0.673998557,True
10.808000000,0.543268826,-0.035857026,0.688981085,0.547242944,-0.019720999,0.674013080,True
10.810000000,0.543268826,-0.035857026,0.688981085,0.547241076,-0.019877314,0.674027341,True
10.812000000,0.543268826,-0.035857026,0.688981085,0.547239166,-0.020031287,0.674041334,True
10.814000000,0.543251573,-0.037449901,0.689130916,0.547237898,-0.020189707,0.674056408,True
10.816000000,0.543251573,-0.037449901,0.689130916,0.547236730,-0.020350887,0.674071847,True
10.818000000,0.543251573,-0.037449901,0.689130916,0.547235474,-0.020513530,0.674087336,True
10.820000000,0.543251573,-0.037449901,0.689130916,0.547234080,-0.020676617,0.674102724,True
10.822000000,0.543251573,-0.037449901,0.689130916,0.547232550,-0.020839348,0.674117936,True
10.824000000,0.543251573,-0.037449901,0.689130916,0.547230902,-0.021001098,0.674132930,True
10.826000000,0.543251573,-0.037449901,0.689130916,0.547229159,-0.021161382,0.674147684,True
10.828000000,0.543251573,-0.037449901,0.689130916,0.547227341,-0.021319825,0.674162183,True
10.830000000,0.543251573,-0.037449901,0.689130916,0.547225464,-0.021476140,0.674176418,True
10.832000000,0.543251573,-0.037449901,0.689130916,0.547223545,-0.021630113,0.674190385,True
10.834000000,0.543234320,-0.039042777,0.689280748,0.547222294,-0.021788535,0.674205456,True
10.836000000,0.543234320,-0.039042777,0.689280748,0.547221148,-0.021949717,0.674220898,True
10.838000000,0.543234320,-0.039042777,0.689280748,0.547219909,-0.022112362,0.674236384,True
10.840000000,0.543234320,-0.039042777,0.689280748,0.547218527,-0.022275450,0.674251764,True
10.842000000,0.543234320,-0.039042777,0.689280748,0.547217004,-0.022438182,0.674266962,True
10.844000000,0.543234320,-0.039042777,0.689280748,0.547215358,-0.022599933,0.674281939,True
10.846000000,0.543234320,-0.039042777,0.689280748,0.547213612,-0.022760217,0.674296671,True
10.848000000,0.543234320,-0.039042777,0.689280748,0.547211788,-0.022918660,0.674311146,True
10.850000000,0.543234320,-0.039042777,0.689280748,0.547209904,-0.023074976,0.674325355,True
10.852000000,0.543234320,-0.039042777,0.689280748,0.547207975,-0.023228949,0.674339295,True
10.854000000,0.543217067,-0.040635653,0.689430580,0.547206742,-0.023387373,0.674354365,True
10.856000000,0.543217067,-0.040635653,0.689430580,0.547205617,-0.023548558,0.674369808,True
10.858000000,0.543217067,-0.040635653,0.689430580,0.547204396,-0.023711204,0.674385292,True
10.860000000,0.543217067,-0.040635653,0.689430580,0.547203026,-0.023874293,0.674400663,True
10.862000000,0.543217067,-0.040635653,0.689430580,0.547201508,-0.024037026,0.674415848,True
10.864000000,0.543217067,-0.040635653,0.689430580,0.547199864,-0.024198778,0.674430807,True
10.866000000,0.543217067,-0.040635653,0.689430580,0.547198116,-0.024359062,0.674445518,True
10.868000000,0.543217067,-0.040635653,0.689430580,0.547196286,-0.024517506,0.674459969,True
10.870000000,0.543217067,-0.040635653,0.689430580,0.547194395,-0.024673821,0.674474152,True
10.872000000,0.543217067,-0.040635653,0.689430580,0.547192457,-0.024827795,0.674488064,True
10.874000000,0.543199814,-0.042228528,0.689580412,0.547191240,-0.024986221,0.674503133,True
10.876000000,0.543199814,-0.042228528,0.689580412,0.547190137,-0.025147408,0.674518577,True
10.878000000,0.543199814,-0.042228528,0.689580412,0.547188933,-0.025310056,0.674534059,True
10.880000000,0.543199814,-0.042228528,0.689580412,0.547187575,-0.025473147,0.674549423,True
10.882000000,0.543199814,-0.042228528,0.689580412,0.547186064,-0.025635880,0.674564594,True
10.884000000,0.543199814,-0.042228528,0.689580412,0.547184421,-0.025797632,0.674579535,True
10.886000000,0.543199814,-0.042228528,0.689580412,0.547182671,-0.025957917,0.674594224,True
10.888000000,0.543199814,-0.042228528,0.689580412,0.547180836,-0.026116360,0.674608651,True
10.890000000,0.543199814,-0.042228528,0.689580412,0.547178937,-0.026272676,0.674622808,True
10.892000000,0.543199814,-0.042228528,0.689580412,0.547176989,-0.026426650,0.674636693,True
10.894000000,0.543182561,-0.043821404,0.689730244,0.547175790,-0.026585078,0.674651760,True
10.896000000,0.543182561,-0.043821404,0.689730244,0.547174708,-0.026746268,0.674667206,True
10.898000000,0.543182561,-0.043821404,0.689730244,0.547173522,-0.026908918,0.674682686,True
10.900000000,0.543182561,-0.043821404,0.689730244,0.547172176,-0.027072010,0.674698041,True
10.902000000,0.543182561,-0.043821404,0.689730244,0.547170671,-0.027234744,0.674713199,True
10.904000000,0.543182561,-0.043821404,0.689730244,0.547169030,-0.027396497,0.674728122,True
10.906000000,0.543182561,-0.043821404,0.689730244,0.547167277,-0.027556782,0.674742790,True
10.908000000,0.543182561,-0.043821404,0.689730244,0.547165437,-0.027715226,0.674757192,True
10.910000000,0.543182561,-0.043821404,0.689730244,0.547163530,-0.027871542,0.674771323,True
10.912000000,0.543182561,-0.043821404,0.689730244,0.547161573,-0.028025516,0.674785182,True
10.914000000,0.543165307,-0.045414279,0.689880076,0.547160391,-0.028183946,0.674800247,True
10.916000000,0.543165307,-0.045414279,0.689880076,0.547159330,-0.028345138,0.674815695,True
10.918000000,0.543165307,-0.045414279,0.689880076,0.547158162,-0.028507790,0.674831172,True
10.920000000,0.543165307,-0.045414279,0.689880076,0.547156827,-0.028670883,0.674846519,True
10.922000000,0.543165307,-0.045414279,0.689880076,0.547155329,-0.028833618,0.674861664,True
10.924000000,0.543165307,-0.045414279,0.689880076,0.547153689,-0.028995372,0.674876568,True
10.926000000,0.543165307,-0.045414279,0.689880076,0.547151934,-0.029155657,0.674891215,True
10.928000000,0.543165307,-0.045414279,0.689880076,0.547150089,-0.029314101,0.674905593,True
10.930000000,0.543165307,-0.045414279,0.689880076,0.547148174,-0.029470417,0.674919698,True
10.932000000,0.543165307,-0.045414279,0.689880076,0.547146208,-0.029624391,0.674933529,True
10.934000000,0.543148054,-0.047007155,0.690029908,0.547145043,-0.029782823,0.674948593,True
10.936000000,0.543148054,-0.047007155,0.690029908,0.547144003,-0.029944018,0.674964043,True
10.938000000,0.543148054,-0.047007155,0.690029908,0.547142853,-0.030106672,0.674979517,True
10.940000000,0.543148054,-0.047007155,0.690029908,0.547141530,-0.030269767,0.674994857,True
10.942000000,0.543148054,-0.047007155,0.690029908,0.547140038,-0.030432503,0.675009987,True
10.944000000,0.543148054,-0.047007155,0.690029908,0.547138400,-0.030594257,0.675024874,True
10.946000000,0.543148054,-0.047007155,0.690029908,0.547136642,-0.030754542,0.675039499,True
10.948000000,0.543148054,-0.047007155,0.690029908,0.547134792,-0.030912986,0.675053853,True
10.950000000,0.543148054,-0.047007155,0.690029908,0.547132870,-0.031069302,0.675067932,True
10.952000000,0.543148054,-0.047007155,0.690029908,0.547130894,-0.031223276,0.675081736,True
10.954000000,0.543130801,-0.048600031,0.690179740,0.547129747,-0.031381711,0.675096798,True
10.956000000,0.543130801,-0.048600031,0.690179740,0.547128728,-0.031542908,0.675112249,True
10.958000000,0.543130801,-0.048600031,0.690179740,0.547127595,-0.031705564,0.675127722,True
10.960000000,0.543130801,-0.048600031,0.690179740,0.547126284,-0.031868661,0.675143053,True
10.962000000,0.543130801,-0.048600031,0.690179740,0.547124798,-0.032031398,0.675158170,True
10.964000000,0.543130801,-0.048600031,0.690179740,0.547123162,-0.032193151,0.675173039,True
10.966000000,0.543130801,-0.048600031,0.690179740,0.547121402,-0.032353437,0.675187642,True
10.968000000,0.543130801,-0.048600031,0.690179740,0.547119546,-0.032511881,0.675201972,True
10.970000000,0.543130801,-0.048600031,0.690179740,0.547117616,-0.032668196,0.675216025,True
10.972000000,0.543130801,-0.048600031,0.690179740,0.547115632,-0.032822170,0.675229802,True
10.974000000,0.543113548,-0.050192906,0.690329572,0.547114501,-0.032980607,0.675244862,True
10.976000000,0.543113548,-0.050192906,0.690329572,0.547113503,-0.033141808,0.675260315,True
10.978000000,0.543113548,-0.050192906,0.690329572,0.547112388,-0.033304467,0.675275785,True
10.980000000,0.543113548,-0.050192906,0.690329572,0.547111089,-0.033467564,0.675291108,True
10.982000000,0.543113548,-0.050192906,0.690329572,0.547109610,-0.033630302,0.675306212,True
10.984000000,0.543113548,-0.050192906,0.690329572,0.547107974,-0.033792056,0.675321063,True
10.986000000,0.543113548,-0.050192906,0.690329572,0.547106213,-0.033952342,0.675335644,True
10.988000000,0.543113548,-0.050192906,0.690329572,0.547104351,-0.034110786,0.675349950,True
10.990000000,0.543113548,-0.050192906,0.690329572,0.547102414,-0.034267101,0.675363977,True
10.992000000,0.543113548,-0.050192906,0.690329572,0.547100420,-0.034421074,0.675377726,True
10.994000000,0.543096295,-0.051785782,0.690479404,0.547099306,-0.034579514,0.675392785,True
10.996000000,0.543096295,-0.051785782,0.690479404,0.547098330,-0.034740718,0.675408240,True
10.998000000,0.543096295,-0.051785782,0.690479404,0.547097232,-0.034903379,0.675423708,True
11.000000000,0.543096295,-0.051785782,0.690479404,0.547095945,-0.035066478,0.675439023,True
11.002000000,0.543096295,-0.051785782,0.690479404,0.547094472,-0.035229217,0.675454113,True
11.004000000,0.543096295,-0.051785782,0.690479404,0.547092839,-0.035390972,0.675468945,True
11.006000000,0.543096295,-0.051785782,0.690479404,0.547091074,-0.035551257,0.675483505,True
11.008000000,0.543096295,-0.051785782,0.690479404,0.547089208,-0.035709700,0.675497787,True
11.010000000,0.543096295,-0.051785782,0.690479404,0.547087263,-0.035866016,0.675511788,True
11.012000000,0.543096295,-0.051785782,0.690479404,0.547085260,-0.036019988,0.675525510,True
11.014000000,0.543079042,-0.053378657,0.690629236,0.547084163,-0.036178431,0.675540567,True
11.016000000,0.543079042,-0.053378657,0.690629236,0.547083208,-0.036339638,0.675556024,True
11.018000000,0.543079042,-0.053378657,0.690629236,0.547082128,-0.036502301,0.675571489,True
11.020000000,0.543079042,-0.053378657,0.690629236,0.547080853,-0.036665402,0.675586796,True
11.022000000,0.543079042,-0.053378657,0.690629236,0.547079386,-0.036828142,0.675601872,True
11.024000000,0.543079042,-0.053378657,0.690629236,0.547077754,-0.036989897,0.675616686,True
11.026000000,0.543079042,-0.053378657,0.690629236,0.547075988,-0.037150183,0.675631224,True
11.028000000,0.543079042,-0.053378657,0.690629236,0.547074116,-0.037308626,0.675645482,True
11.030000000,0.543079042,-0.053378657,0.690629236,0.547072163,-0.037464941,0.675659457,True
11.032000000,0.543079042,-0.053378657,0.690629236,0.547070151,-0.037618913,0.675673152,True
11.034000000,0.543061789,-0.054971533,0.690779068,0.547069071,-0.037777358,0.675688207,True
11.036000000,0.543061789,-0.054971533,0.690779068,0.547068137,-0.037938568,0.675703666,True
11.038000000,0.543061789,-0.054971533,0.690779068,0.547067074,-0.038101234,0.675719129,True
11.040000000,0.543061789,-0.054971533,0.690779068,0.547065811,-0.038264336,0.675734427,True
11.042000000,0.543061789,-0.054971533,0.690779068,0.547064351,-0.038427077,0.675749490,True
11.044000000,0.543061789,-0.054971533,0.690779068,0.547062720,-0.038588832,0.675764286,True
11.046000000,0.543061789,-0.054971533,0.690779068,0.547060952,-0.038749118,0.675778803,True
11.048000000,0.543061789,-0.054971533,0.690779068,0.547059075,-0.038907560,0.675793036,True
11.050000000,0.543061789,-0.054971533,0.690779068,0.547057115,-0.039063874,0.675806985,True
11.052000000,0.543061789,-0.054971533,0.690779068,0.547055093,-0.039217846,0.675820652,True
11.054000000,0.543044536,-0.056564409,0.690928900,0.547054031,-0.039376294,0.675835706,True
11.056000000,0.543044536,-0.056564409,0.690928900,0.547053118,-0.039537507,0.675851166,True
11.058000000,0.543044536,-0.056564409,0.690928900,0.547052072,-0.039700175,0.675866627,True
11.060000000,0.543044536,-0.056564409,0.690928900,0.547050821,-0.039863279,0.675881918,True
11.062000000,0.543044536,-0.056564409,0.690928900,0.547049367,-0.040026021,0.675896967,True
11.064000000,0.543044536,-0.056564409,0.690928900,0.547047738,-0.040187776,0.675911745,True
11.066000000,0.543044536,-0.056564409,0.690928900,0.547045967,-0.040348062,0.675926240,True
11.068000000,0.543044536,-0.056564409,0.690928900,0.547044085,-0.040506504,0.675940448,True
11.070000000,0.543044536,-0.056564409,0.690928900,0.547042117,-0.040662817,0.675954372,True
11.072000000,0.543044536,-0.056564409,0.690928900,0.547040087,-0.040816788,0.675968012,True
11.074000000,0.543027282,-0.058157284,0.691078732,0.547039041,-0.040975240,0.675983064,True
11.076000000,0.543027282,-0.058157284,0.691078732,0.547038149,-0.041136455,0.675998526,True
11.078000000,0.543027282,-0.058157284,0.691078732,0.547037122,-0.041299126,0.676013984,True
11.080000000,0.543027282,-0.058157284,0.691078732,0.547035882,-0.041462232,0.676029267,True
11.082000000,0.543027282,-0.058157284,0.691078732,0.547034434,-0.041624975,0.676044302,True
11.084000000,0.543027282,-0.058157284,0.691078732,0.547032807,-0.041786731,0.676059062,True
11.086000000,0.543027282,-0.058157284,0.691078732,0.547031034,-0.041947016,0.676073535,True
11.088000000,0.543027282,-0.058157284,0.691078732,0.547029146,-0.042105457,0.676087720,True
11.090000000,0.543027282,-0.058157284,0.691078732,0.547027171,-0.042261770,0.676101617,True
11.092000000,0.543027282,-0.058157284,0.691078732,0.547025132,-0.042415740,0.676115230,True
11.094000000,0.543010029,-0.059750160,0.691228564,0.547024103,-0.042574195,0.676130280,True
11.096000000,0.543010029,-0.059750160,0.691228564,0.547023232,-0.042735414,0.676145744,True
11.098000000,0.543010029,-0.059750160,0.691228564,0.547022222,-0.042898088,0.676161200,True
11.100000000,0.543010029,-0.059750160,0.691228564,0.547020994,-0.043061195,0.676176475,True
11.102000000,0.543010029,-0.059750160,0.691228564,0.547019553,-0.043223938,0.676191496,True
11.104000000,0.543010029,-0.059750160,0.691228564,0.547017927,-0.043385695,0.676206238,True
11.106000000,0.543010029,-0.059750160,0.691228564,0.547016152,-0.043545980,0.676220690,True
11.108000000,0.543010029,-0.059750160,0.691228564,0.547014259,-0.043704421,0.676234850,True
11.110000000,0.543010029,-0.059750160,0.691228564,0.547012277,-0.043860733,0.676248721,True
11.112000000,0.543010029,-0.059750160,0.691228564,0.547010228,-0.044014702,0.676262306,True
11.114000000,0.542992776,-0.061343036,0.691378396,0.547009216,-0.044173159,0.676277355,True
11.116000000,0.542992776,-0.061343036,0.691378396,0.547008366,-0.044334382,0.676292821,True
11.118000000,0.542992776,-0.061343036,0.691378396,0.547007373,-0.044497059,0.676308275,True
11.120000000,0.542992776,-0.061343036,0.691378396,0.547006158,-0.044660168,0.676323541,True
11.122000000,0.542992776,-0.061343036,0.691378396,0.547004723,-0.044822912,0.676338549,True
11.124000000,0.542992776,-0.061343036,0.691378396,0.547003099,-0.044984668,0.676353273,True
11.126000000,0.542992776,-0.061343036,0.691378396,0.547001321,-0.045144953,0.676367703,True
11.128000000,0.542992776,-0.061343036,0.691378396,0.546999423,-0.045303394,0.676381839,True
11.130000000,0.542992776,-0.061343036,0.691378396,0.546997433,-0.045459705,0.676395684,True
11.132000000,0.542992776,-0.061343036,0.691378396,0.546995375,-0.045613673,0.676409242,True
11.134000000,0.542975523,-0.062935911,0.691528228,0.546994381,-0.045772134,0.676424289,True
11.136000000,0.542975523,-0.062935911,0.691528228,0.546993552,-0.045933360,0.676439757,True
11.138000000,0.542975523,-0.062935911,0.691528228,0.546992576,-0.046096040,0.676455208,True
11.140000000,0.542975523,-0.062935911,0.691528228,0.546991372,-0.046259151,0.676470466,True
11.142000000,0.542975523,-0.062935911,0.691528228,0.546989944,-0.046421896,0.676485461,True
11.144000000,0.542975523,-0.062935911,0.691528228,0.546988321,-0.046583652,0.676500166,True
11.146000000,0.542975523,-0.062935911,0.691528228,0.546986541,-0.046743937,0.676514574,True
11.148000000,0.542975523,-0.062935911,0.691528228,0.546984638,-0.046902377,0.676528686,True
11.150000000,0.542975523,-0.062935911,0.691528228,0.546982641,-0.047058687,0.676542505,True
11.152000000,0.542975523,-0.062935911,0.691528228,0.546980574,-0.047212654,0.676556035,True
11.154000000,0.542958270,-0.064528787,0.691678060,0.546979597,-0.047371118,0.676571081,True
11.156000000,0.542958270,-0.064528787,0.691678060,0.546978789,-0.047532349,0.676586550,True
11.158000000,0.542958270,-0.064528787,0.691678060,0.546977831,-0.047695031,0.676601999,True
11.160000000,0.542958270,-0.064528787,0.691678060,0.546976638,-0.047858144,0.676617249,True
11.162000000,0.542958270,-0.064528787,0.691678060,0.546975216,-0.048020890,0.676632230,True
11.164000000,0.542958270,-0.064528787,0.691678060,0.546973595,-0.048182646,0.676646918,True
11.166000000,0.542958270,-0.064528787,0.691678060,0.546971813,-0.048342930,0.676661304,True
11.168000000,0.542958270,-0.064528787,0.691678060,0.546969905,-0.048501369,0.676675391,True
11.170000000,0.542958270,-0.064528787,0.691678060,0.546967900,-0.048657679,0.676689184,True
11.172000000,0.542958270,-0.064528787,0.691678060,0.546965824,-0.048811645,0.676702687,True
11.174000000,0.542941017,-0.066121662,0.691827892,0.546964864,-0.048970112,0.676717731,True
11.176000000,0.542941017,-0.066121662,0.691827892,0.546964077,-0.049131346,0.676733203,True
11.178000000,0.542941017,-0.066121662,0.691827892,0.546963136,-0.049294031,0.676748649,True
11.180000000,0.542941017,-0.066121662,0.691827892,0.546961956,-0.049457146,0.676763891,True
11.182000000,0.542941017,-0.066121662,0.691827892,0.546960540,-0.049619893,0.676778859,True
11.184000000,0.542941017,-0.066121662,0.691827892,0.546958920,-0.049781650,0.676793527,True
11.186000000,0.542941017,-0.066121662,0.691827892,0.546957136,-0.049941934,0.676807892,True
11.188000000,0.542941017,-0.066121662,0.691827892,0.546955223,-0.050100372,0.676821955,True
11.190000000,0.542941017,-0.066121662,0.691827892,0.546953211,-0.050256680,0.676835722,True
11.192000000,0.542941017,-0.066121662,0.691827892,0.546951126,-0.050410645,0.676849198,True
11.194000000,0.542923764,-0.067714538,0.691977724,0.546950182,-0.050569116,0.676864240,True
11.196000000,0.542923764,-0.067714538,0.691977724,0.546949416,-0.050730354,0.676879713,True
11.198000000,0.542923764,-0.067714538,0.691977724,0.546948493,-0.050893042,0.676895158,True
11.200000000,0.542923764,-0.067714538,0.691977724,0.546947324,-0.051056159,0.676910391,True
11.202000000,0.542923764,-0.067714538,0.691977724,0.546945915,-0.051218907,0.676925345,True
11.204000000,0.542923764,-0.067714538,0.691977724,0.546944297,-0.051380663,0.676939996,True
11.206000000,0.542923764,-0.067714538,0.691977724,0.546942511,-0.051540947,0.676954339,True
11.208000000,0.542923764,-0.067714538,0.691977724,0.546940592,-0.051699384,0.676968378,True
11.210000000,0.542923764,-0.067714538,0.691977724,0.546938573,-0.051855691,0.676982118,True
11.212000000,0.542923764,-0.067714538,0.691977724,0.546936479,-0.052009655,0.676995566,True
11.214000000,0.542906511,-0.069307414,0.692127556,0.546935552,-0.052168129,0.677010607,True
11.216000000,0.542906511,-0.069307414,0.692127556,0.546934807,-0.052329371,0.677026082,True
11.218000000,0.542906511,-0.069307414,0.692127556,0.546933901,-0.052492063,0.677041524,True
11.220000000,0.542906511,-0.069307414,0.692127556,0.546932745,-0.052655181,0.677056750,True
11.222000000,0.542906511,-0.069307414,0.692127556,0.546931341,-0.052817930,0.677071690,True
11.224000000,0.542906511,-0.069307414,0.692127556,0.546929725,-0.052979687,0.677086322,True
11.226000000,0.542906511,-0.069307414,0.692127556,0.546927937,-0.053139970,0.677100644,True
11.228000000,0.542906511,-0.069307414,0.692127556,0.546926013,-0.053298406,0.677114658,True
11.230000000,0.542906511,-0.069307414,0.692127556,0.546923987,-0.053454712,0.677128372,True
11.232000000,0.542906511,-0.069307414,0.692127556,0.546921884,-0.053608674,0.677141793,True
11.234000000,0.542889257,-0.070900289,0.692277388,0.546920974,-0.053767152,0.677156832,True
11.236000000,0.542889257,-0.070900289,0.692277388,0.546920250,-0.053928399,0.677172309,True
11.238000000,0.542889257,-0.070900289,0.692277388,0.546919361,-0.054091093,0.677187749,True
11.240000000,0.542889257,-0.070900289,0.692277388,0.546918216,-0.054254214,0.677202966,True
11.242000000,0.542889257,-0.070900289,0.692277388,0.546916819,-0.054416963,0.677217893,True
11.244000000,0.542889257,-0.070900289,0.692277388,0.546915205,-0.054578720,0.677232507,True
11.246000000,0.542889257,-0.070900289,0.692277388,0.546913414,-0.054739002,0.677246807,True
11.248000000,0.542889257,-0.070900289,0.692277388,0.546911486,-0.054897437,0.677260797,True
11.250000000,0.542889257,-0.070900289,0.692277388,0.546909452,-0.055053742,0.677274484,True
11.252000000,0.542889257,-0.070900289,0.692277388,0.546907340,-0.055207703,0.677287878,True
11.254000000,0.542872004,-0.072493165,0.692427220,0.546906447,-0.055366185,0.677302916,True
11.256000000,0.542872004,-0.072493165,0.692427220,0.546905744,-0.055527436,0.677318394,True
11.258000000,0.542872004,-0.072493165,0.692427220,0.546904872,-0.055690133,0.677333832,True
11.260000000,0.542872004,-0.072493165,0.692427220,0.546903739,-0.055853256,0.677349041,True
11.262000000,0.542872004,-0.072493165,0.692427220,0.546902348,-0.056016006,0.677363954,True
11.264000000,0.542872004,-0.072493165,0.692427220,0.546900736,-0.056177764,0.677378550,True
11.266000000,0.542872004,-0.072493165,0.692427220,0.546898943,-0.056338045,0.677392828,True
11.268000000,0.542872004,-0.072493165,0.692427220,0.546897010,-0.056496479,0.677406793,True
11.270000000,0.542872004,-0.072493165,0.692427220,0.546894969,-0.056652782,0.677420455,True
11.272000000,0.542872004,-0.072493165,0.692427220,0.546892848,-0.056806742,0.677433821,True
11.274000000,0.542854751,-0.074086040,0.692577052,0.546891972,-0.056965228,0.677448857,True
11.276000000,0.542854751,-0.074086040,0.692577052,0.546891289,-0.057126483,0.677464337,True
11.278000000,0.542854751,-0.074086040,0.692577052,0.546890435,-0.057289184,0.677479773,True
11.280000000,0.542854751,-0.074086040,0.692577052,0.546889314,-0.057452308,0.677494974,True
11.282000000,0.542854751,-0.074086040,0.692577052,0.546887929,-0.057615060,0.677509873,True
11.284000000,0.542854751,-0.074086040,0.692577052,0.546886318,-0.057776817,0.677524451,True
11.286000000,0.542854751,-0.074086040,0.692577052,0.546884524,-0.057937097,0.677538707,True
11.288000000,0.542854751,-0.074086040,0.692577052,0.546882585,-0.058095530,0.677552648,True
11.290000000,0.542854751,-0.074086040,0.692577052,0.546880537,-0.058251832,0.677566283,True
11.292000000,0.542854751,-0.074086040,0.692577052,0.546878407,-0.058405790,0.677579622,True
11.294000000,0.542837498,-0.075678916,0.692726884,0.546877548,-0.058564280,0.677594657,True
11.296000000,0.542837498,-0.075678916,0.692726884,0.546876887,-0.058725539,0.677610139,True
11.298000000,0.542837498,-0.075678916,0.692726884,0.546876050,-0.058888244,0.677625572,True
11.300000000,0.542837498,-0.075678916,0.692726884,0.546874940,-0.059051371,0.677640765,True
11.302000000,0.542837498,-0.075678916,0.692726884,0.546873562,-0.059214123,0.677655650,True
11.304000000,0.542837498,-0.075678916,0.692726884,0.546871952,-0.059375880,0.677670210,True
11.306000000,0.542837498,-0.075678916,0.692726884,0.546870156,-0.059536160,0.677684444,True
11.308000000,0.542837498,-0.075678916,0.692726884,0.546868212,-0.059694592,0.677698361,True
11.310000000,0.542837498,-0.075678916,0.692726884,0.546866157,-0.059850892,0.677711970,True
11.312000000,0.542837498,-0.075678916,0.692726884,0.546864018,-0.060004848,0.677725281,True
11.314000000,0.542820245,-0.077271792,0.692876716,0.546863176,-0.060163342,0.677740314,True
11.316000000,0.542820245,-0.077271792,0.692876716,0.546862535,-0.060324606,0.677755798,True
11.318000000,0.542820245,-0.077271792,0.692876716,0.546861716,-0.060487314,0.677771229,True
11.320000000,0.542820245,-0.077271792,0.692876716,0.546860618,-0.060650443,0.677786413,True
11.322000000,0.542820245,-0.077271792,0.692876716,0.546859246,-0.060813196,0.677801285,True
11.324000000,0.542820245,-0.077271792,0.692876716,0.546857638,-0.060974953,0.677815827,True
11.326000000,0.542820245,-0.077271792,0.692876716,0.546855840,-0.061135232,0.677830039,True
11.328000000,0.542820245,-0.077271792,0.692876716,0.546853891,-0.061293663,0.677843932,True
11.330000000,0.542820245,-0.077271792,0.692876716,0.546851828,-0.061449961,0.677857514,True
11.332000000,0.542820245,-0.077271792,0.692876716,0.546849681,-0.061603916,0.677870798,True
11.334000000,0.542802992,-0.078864667,0.693026548,0.546848856,-0.061762413,0.677885829,True
11.336000000,0.542802992,-0.078864667,0.693026548,0.546848236,-0.061923682,0.677901315,True
11.338000000,0.542802992,-0.078864667,0.693026548,0.546847433,-0.062086394,0.677916744,True
11.340000000,0.542802992,-0.078864667,0.693026548,0.546846347,-0.062249525,0.677931920,True
11.342000000,0.542802992,-0.078864667,0.693026548,0.546844982,-0.062412279,0.677946778,True
11.344000000,0.542802992,-0.078864667,0.693026548,0.546843376,-0.062574036,0.677961301,True
11.346000000,0.542802992,-0.078864667,0.693026548,0.546841575,-0.062734314,0.677975492,True
11.348000000,0.542802992,-0.078864667,0.693026548,0.546839622,-0.062892743,0.677989360,True
11.350000000,0.542802992,-0.078864667,0.693026548,0.546837552,-0.063049041,0.678002917,True
11.352000000,0.542802992,-0.078864667,0.693026548,0.546835396,-0.063202993,0.678016172,True
11.354000000,0.542785739,-0.080457543,0.693176379,0.546834587,-0.063361495,0.678031203,True
11.356000000,0.542785739,-0.080457543,0.693176379,0.546833988,-0.063522769,0.678046690,True
11.358000000,0.542785739,-0.080457543,0.693176379,0.546833203,-0.063685484,0.678062117,True
11.360000000,0.542785739,-0.080457543,0.693176379,0.546832128,-0.063848617,0.678077285,True
11.362000000,0.542785739,-0.080457543,0.693176379,0.546830769,-0.064011372,0.678092129,True
11.364000000,0.542785739,-0.080457543,0.693176379,0.546829165,-0.064173129,0.678106634,True
11.366000000,0.542785739,-0.080457543,0.693176379,0.546827362,-0.064333406,0.678120803,True
11.368000000,0.542785739,-0.080457543,0.693176379,0.546825404,-0.064491834,0.678134647,True
11.370000000,0.542785739,-0.080457543,0.693176379,0.546823327,-0.064648130,0.678148177,True
11.372000000,0.542785739,-0.080457543,0.693176379,0.546821162,-0.064802080,0.678161405,True
11.374000000,0.542768486,-0.082050418,0.693326211,0.546820371,-0.064960586,0.678176434,True
11.376000000,0.542768486,-0.082050418,0.693326211,0.546819792,-0.065121865,0.678191923,True
11.378000000,0.542768486,-0.082050418,0.693326211,0.546819024,-0.065284584,0.678207347,True
11.380000000,0.542768486,-0.082050418,0.693326211,0.546817961,-0.065447720,0.678222507,True
11.382000000,0.542768486,-0.082050418,0.693326211,0.546816608,-0.065610476,0.678237338,True
11.384000000,0.542768486,-0.082050418,0.693326211,0.546815006,-0.065772232,0.678251825,True
11.386000000,0.542768486,-0.082050418,0.693326211,0.546813201,-0.065932509,0.678265972,True
11.388000000,0.542768486,-0.082050418,0.693326211,0.546811238,-0.066090935,0.678279791,True
11.390000000,0.542768486,-0.082050418,0.693326211,0.546809154,-0.066247229,0.678293295,True
11.392000000,0.542768486,-0.082050418,0.693326211,0.546806981,-0.066401177,0.678306495,True
11.394000000,0.542751232,-0.083643294,0.693476043,0.546806206,-0.066559688,0.678321523,True
11.396000000,0.542751232,-0.083643294,0.693476043,0.546805648,-0.066720971,0.678337014,True
11.398000000,0.542751232,-0.083643294,0.693476043,0.546804897,-0.066883694,0.678352436,True
11.400000000,0.542751232,-0.083643294,0.693476043,0.546803846,-0.067046832,0.678367588,True
11.402000000,0.542751232,-0.083643294,0.693476043,0.546802499,-0.067209589,0.678382405,True
11.404000000,0.542751232,-0.083643294,0.693476043,0.546800899,-0.067371345,0.678396873,True
11.406000000,0.542751232,-0.083643294,0.693476043,0.546799092,-0.067531621,0.678410999,True
11.408000000,0.542751232,-0.083643294,0.693476043,0.546797124,-0.067690046,0.678424793,True
11.410000000,0.542751232,-0.083643294,0.693476043,0.546795033,-0.067846337,0.678438270,True
11.412000000,0.542751232,-0.083643294,0.693476043,0.546792851,-0.068000284,0.678451444,True
11.414000000,0.542733979,-0.085236170,0.693625875,0.546792093,-0.068158799,0.678466469,True
11.416000000,0.542733979,-0.085236170,0.693625875,0.546791556,-0.068320087,0.678481963,True
11.418000000,0.542733979,-0.085236170,0.693625875,0.546790822,-0.068482814,0.678497382,True
11.420000000,0.542733979,-0.085236170,0.693625875,0.546789783,-0.068645954,0.678512526,True
11.422000000,0.542733979,-0.085236170,0.693625875,0.546788442,-0.068808712,0.678527329,True
11.424000000,0.542733979,-0.085236170,0.693625875,0.546786844,-0.068970468,0.678541779,True
11.426000000,0.542733979,-0.085236170,0.693625875,0.546785035,-0.069130742,0.678555883,True
11.428000000,0.542733979,-0.085236170,0.693625875,0.546783062,-0.069289166,0.678569653,True
11.430000000,0.542733979,-0.085236170,0.693625875,0.546780964,-0.069445456,0.678583104,True
11.432000000,0.542733979,-0.085236170,0.693625875,0.546778774,-0.069599400,0.678596249,True
11.434000000,0.542716726,-0.086829045,0.693775707,0.546778033,-0.069757920,0.678611273,True
11.436000000,0.542716726,-0.086829045,0.693775707,0.546777516,-0.069919213,0.678626769,True
11.438000000,0.542716726,-0.086829045,0.693775707,0.546776799,-0.070081944,0.678642186,True
11.440000000,0.542716726,-0.086829045,0.693775707,0.546775771,-0.070245087,0.678657321,True
11.442000000,0.542716726,-0.086829045,0.693775707,0.546774437,-0.070407845,0.678672111,True
11.444000000,0.542716726,-0.086829045,0.693775707,0.546772840,-0.070569601,0.678686543,True
11.446000000,0.542716726,-0.086829045,0.693775707,0.546771030,-0.070729875,0.678700624,True
11.448000000,0.542716726,-0.086829045,0.693775707,0.546769052,-0.070888296,0.678714370,True
11.450000000,0.542716726,-0.086829045,0.693775707,0.546766948,-0.071044584,0.678727795,True
11.452000000,0.542716726,-0.086829045,0.693775707,0.546764748,-0.071198527,0.678740912,True
11.454000000,0.542699473,-0.088421921,0.693925539,0.546764024,-0.071357051,0.678755935,True
11.456000000,0.542699473,-0.088421921,0.693925539,0.546763528,-0.071518350,0.678771432,True
11.458000000,0.542699473,-0.088421921,0.693925539,0.546762828,-0.071681085,0.678786847,True
11.460000000,0.542699473,-0.088421921,0.693925539,0.546761812,-0.071844230,0.678801975,True
11.462000000,0.542699473,-0.088421921,0.693925539,0.546760484,-0.072006989,0.678816751,True
11.464000000,0.542699473,-0.088421921,0.693925539,0.546758889,-0.072168745,0.678831164,True
11.466000000,0.542699473,-0.088421921,0.693925539,0.546757077,-0.072329017,0.678845224,True
11.468000000,0.542699473,-0.088421921,0.693925539,0.546755095,-0.072487437,0.678858945,True
11.470000000,0.542699473,-0.088421921,0.693925539,0.546752983,-0.072643723,0.678872343,True
11.472000000,0.542699473,-0.088421921,0.693925539,0.546750775,-0.072797663,0.678885433,True
11.474000000,0.542682220,-0.090014797,0.694075371,0.546750067,-0.072956192,0.678900454,True
11.476000000,0.542682220,-0.090014797,0.694075371,0.546749592,-0.073117496,0.678915954,True
11.478000000,0.542682220,-0.090014797,0.694075371,0.546748909,-0.073280236,0.678931366,True
11.480000000,0.542682220,-0.090014797,0.694075371,0.546747905,-0.073443383,0.678946486,True
11.482000000,0.542682220,-0.090014797,0.694075371,0.546746583,-0.073606143,0.678961248,True
11.484000000,0.542682220,-0.090014797,0.694075371,0.546744990,-0.073767899,0.678975643,True
11.486000000,0.542682220,-0.090014797,0.694075371,0.546743176,-0.073928170,0.678989681,True
11.488000000,0.542682220,-0.090014797,0.694075371,0.546741189,-0.074086588,0.679003377,True
11.490000000,0.542682220,-0.090014797,0.694075371,0.546739070,-0.074242872,0.679016749,True
11.492000000,0.542682220,-0.090014797,0.694075371,0.546736854,-0.074396809,0.679029812,True
11.494000000,0.542664967,-0.091607672,0.694225203,0.546736163,-0.074555343,0.679044831,True
11.496000000,0.542664967,-0.091607672,0.694225203,0.546735708,-0.074716653,0.679060332,True
11.498000000,0.542664967,-0.091607672,0.694225203,0.546735043,-0.074879397,0.679075742,True
11.500000000,0.542664967,-0.091607672,0.694225203,0.546734050,-0.075042547,0.679090854,True
11.502000000,0.542664967,-0.091607672,0.694225203,0.546732735,-0.075205308,0.679105602,True
11.504000000,0.542664967,-0.091607672,0.694225203,0.546731143,-0.075367063,0.679119979,True
11.506000000,0.542664967,-0.091607672,0.694225203,0.546729327,-0.075527333,0.679133995,True
11.508000000,0.542664967,-0.091607672,0.694225203,0.546727336,-0.075685749,0.679147667,True
11.510000000,0.542664967,-0.091607672,0.694225203,0.546725210,-0.075842031,0.679161012,True
11.512000000,0.542664967,-0.091607672,0.694225203,0.546722985,-0.075995965,0.679174047,True
11.514000000,0.542647714,-0.093200548,0.694375035,0.546722311,-0.076154504,0.679189065,True
11.516000000,0.542647714,-0.093200548,0.694375035,0.546721877,-0.076315820,0.679204568,True
11.518000000,0.542647714,-0.093200548,0.694375035,0.546721228,-0.076478567,0.679219976,True
11.520000000,0.542647714,-0.093200548,0.694375035,0.546720247,-0.076641720,0.679235079,True
11.522000000,0.542647714,-0.093200548,0.694375035,0.546718938,-0.076804482,0.679249814,True
11.524000000,0.542647714,-0.093200548,0.694375035,0.546717349,-0.076966237,0.679264172,True
11.526000000,0.542647714,-0.093200548,0.694375035,0.546715531,-0.077126505,0.679278167,True
11.528000000,0.542647714,-0.093200548,0.694375035,0.546713535,-0.077284920,0.679291814,True
11.530000000,0.542647714,-0.093200548,0.694375035,0.546711402,-0.077441199,0.679305133,True
11.532000000,0.542647714,-0.093200548,0.694375035,0.546709169,-0.077595131,0.679318140,True
11.534000000,0.542630461,-0.094793423,0.694524867,0.546708512,-0.077753675,0.679333156,True
11.536000000,0.542630461,-0.094793423,0.694524867,0.546708098,-0.077914996,0.679348661,True
11.538000000,0.542630461,-0.094793423,0.694524867,0.546707466,-0.078077748,0.679364067,True
11.540000000,0.542630461,-0.094793423,0.694524867,0.546706497,-0.078240903,0.679379162,True
11.542000000,0.542630461,-0.094793423,0.694524867,0.546705194,-0.078403666,0.679393883,True
11.544000000,0.542630461,-0.094793423,0.694524867,0.546703607,-0.078565420,0.679408223,True
11.546000000,0.542630461,-0.094793423,0.694524867,0.546701787,-0.078725688,0.679422195,True
11.548000000,0.542630461,-0.094793423,0.694524867,0.546699786,-0.078884100,0.679435818,True
11.550000000,0.542630461,-0.094793423,0.694524867,0.546697647,-0.079040377,0.679449111,True
11.552000000,0.542630461,-0.094793423,0.694524867,0.546695406,-0.079194307,0.679462090,True
11.554000000,0.542613207,-0.096386299,0.694674699,0.546694765,-0.079352855,0.679477105,True
11.556000000,0.542613207,-0.096386299,0.694674699,0.546694372,-0.079514183,0.679492612,True
11.558000000,0.542613207,-0.096386299,0.694674699,0.546693757,-0.079676939,0.679508015,True
11.560000000,0.542613207,-0.096386299,0.694674699,0.546692799,-0.079840097,0.679523102,True
11.562000000,0.542613207,-0.096386299,0.694674699,0.546691503,-0.080002861,0.679537809,True
11.564000000,0.542613207,-0.096386299,0.694674699,0.546689917,-0.080164615,0.679552131,True
11.566000000,0.542613207,-0.096386299,0.694674699,0.546688095,-0.080324881,0.679566082,True
11.568000000,0.542613207,-0.096386299,0.694674699,0.546686090,-0.080483291,0.679579680,True
11.570000000,0.542613207,-0.096386299,0.694674699,0.546683944,-0.080639566,0.679592946,True
11.572000000,0.542613207,-0.096386299,0.694674699,0.546681694,-0.080793493,0.679605897,True
11.574000000,0.542595954,-0.097979175,0.694824531,0.546681070,-0.080952047,0.679620911,True
11.576000000,0.542595954,-0.097979175,0.694824531,0.546680698,-0.081113380,0.679636419,True
11.578000000,0.542595954,-0.097979175,0.694824531,0.546680100,-0.081276141,0.679651820,True
11.580000000,0.542595954,-0.097979175,0.694824531,0.546679153,-0.081439302,0.679666899,True
11.582000000,0.542595954,-0.097979175,0.694824531,0.546677864,-0.081602067,0.679681593,True
11.584000000,0.542595954,-0.097979175,0.694824531,0.546676280,-0.081763820,0.679695896,True
11.586000000,0.542595954,-0.097979175,0.694824531,0.546674456,-0.081924085,0.679709825,True
11.588000000,0.542595954,-0.097979175,0.694824531,0.546672446,-0.082082493,0.679723398,True
11.590000000,0.542595954,-0.097979175,0.694824531,0.546670294,-0.082238765,0.679736638,True
11.592000000,0.542595954,-0.097979175,0.694824531,0.546668036,-0.082392690,0.679749561,True
11.594000000,0.542578701,-0.099572050,0.694974363,0.546667429,-0.082551248,0.679764573,True
11.596000000,0.542578701,-0.099572050,0.694974363,0.546667076,-0.082712588,0.679780084,True
11.598000000,0.542578701,-0.099572050,0.694974363,0.546666495,-0.082875353,0.679795483,True
11.600000000,0.542578701,-0.099572050,0.694974363,0.546665560,-0.083038516,0.679810553,True
11.602000000,0.542578701,-0.099572050,0.694974363,0.546664277,-0.083201282,0.679825233,True
11.604000000,0.542578701,-0.099572050,0.694974363,0.546662695,-0.083363035,0.679839518,True
11.606000000,0.542578701,-0.099572050,0.694974363,0.546660870,-0.083523299,0.679853425,True
11.608000000,0.542578701,-0.099572050,0.694974363,0.546658856,-0.083681705,0.679866974,True
11.610000000,0.542578701,-0.099572050,0.694974363,0.546656696,-0.083837974,0.679880187,True
11.612000000,0.542578701,-0.099572050,0.694974363,0.546654430,-0.083991896,0.679893082,True
11.614000000,0.542561448,-0.101164926,0.695124195,0.546653840,-0.084150460,0.679908093,True
11.616000000,0.542561448,-0.101164926,0.695124195,0.546653508,-0.084311805,0.679923605,True
11.618000000,0.542561448,-0.101164926,0.695124195,0.546652944,-0.084474576,0.679939002,True
11.620000000,0.542561448,-0.101164926,0.695124195,0.546652020,-0.084637741,0.679954064,True
11.622000000,0.542561448,-0.101164926,0.695124195,0.546650743,-0.084800508,0.679968731,True
11.624000000,0.542561448,-0.101164926,0.695124195,0.546649163,-0.084962261,0.679982997,True
11.626000000,0.542561448,-0.101164926,0.695124195,0.546647337,-0.085122523,0.679996882,True
11.628000000,0.542561448,-0.101164926,0.695124195,0.546645318,-0.085280927,0.680010406,True
11.630000000,0.542561448,-0.101164926,0.695124195,0.546643152,-0.085437193,0.680023592,True
11.632000000,0.542561448,-0.101164926,0.695124195,0.546640877,-0.085591112,0.680036460,True
11.634000000,0.542544195,-0.102757801,0.695274027,0.546640303,-0.085749681,0.680051470,True
11.636000000,0.542544195,-0.102757801,0.695274027,0.546639992,-0.085911033,0.680066984,True
11.638000000,0.542544195,-0.102757801,0.695274027,0.546639445,-0.086073808,0.680082378,True
11.640000000,0.542544195,-0.102757801,0.695274027,0.546638533,-0.086236976,0.680097433,True
11.642000000,0.542544195,-0.102757801,0.695274027,0.546637262,-0.086399744,0.680112085,True
11.644000000,0.542544195,-0.102757801,0.695274027,0.546635684,-0.086561496,0.680126333,True
11.646000000,0.542544195,-0.102757801,0.695274027,0.546633856,-0.086721757,0.680140196,True
11.648000000,0.542544195,-0.102757801,0.695274027,0.546631832,-0.086880159,0.680153696,True
11.650000000,0.542544195,-0.102757801,0.695274027,0.546629660,-0.087036423,0.680166855,True
11.652000000,0.542544195,-0.102757801,0.695274027,0.546627377,-0.087190338,0.680179695,True
11.654000000,0.542526942,-0.104350677,0.695423859,0.546626820,-0.087348913,0.680194703,True
11.656000000,0.542526942,-0.104350677,0.695423859,0.546626529,-0.087510271,0.680210219,True
11.658000000,0.542526942,-0.104350677,0.695423859,0.546625999,-0.087673051,0.680225612,True
11.660000000,0.542526942,-0.104350677,0.695423859,0.546625098,-0.087836222,0.680240658,True
11.662000000,0.542526942,-0.104350677,0.695423859,0.546623834,-0.087998991,0.680255296,True
11.664000000,0.542526942,-0.104350677,0.695423859,0.546622258,-0.088160743,0.680269526,True
11.666000000,0.542526942,-0.104350677,0.695423859,0.546620428,-0.088321002,0.680283367,True
11.668000000,0.542526942,-0.104350677,0.695423859,0.546618400,-0.088479401,0.680296842,True
11.670000000,0.542526942,-0.104350677,0.695423859,0.546616221,-0.088635662,0.680309975,True
11.672000000,0.542526942,-0.104350677,0.695423859,0.546613931,-0.088789575,0.680322787,True
11.674000000,0.542509689,-0.105943553,0.695573691,0.546613390,-0.088948155,0.680337793,True
11.676000000,0.542509689,-0.105943553,0.695573691,0.546613119,-0.089109520,0.680353312,True
11.678000000,0.542509689,-0.105943553,0.695573691,0.546612605,-0.089272305,0.680368701,True
11.680000000,0.542509689,-0.105943553,0.695573691,0.546611716,-0.089435479,0.680383739,True
11.682000000,0.542509689,-0.105943553,0.695573691,0.546610459,-0.089598248,0.680398364,True
11.684000000,0.542509689,-0.105943553,0.695573691,0.546608884,-0.089760000,0.680412576,True
11.686000000,0.542509689,-0.105943553,0.695573691,0.546607053,-0.089920257,0.680426394,True
11.688000000,0.542509689,-0.105943553,0.695573691,0.546605021,-0.090078654,0.680439845,True
11.690000000,0.542509689,-0.105943553,0.695573691,0.546602835,-0.090234913,0.680452951,True
11.692000000,0.542509689,-0.105943553,0.695573691,0.546600537,-0.090388822,0.680465735,True
11.694000000,0.542492436,-0.107536428,0.695723523,0.546600013,-0.090547408,0.680480740,True
11.696000000,0.542492436,-0.107536428,0.695723523,0.546599762,-0.090708779,0.680496260,True
11.698000000,0.542492436,-0.107536428,0.695723523,0.546599265,-0.090871569,0.680511648,True
11.700000000,0.542492436,-0.107536428,0.695723523,0.546598388,-0.091034746,0.680526678,True
11.702000000,0.542492436,-0.107536428,0.695723523,0.546597137,-0.091197516,0.680541289,True
11.704000000,0.542492436,-0.107536428,0.695723523,0.546595564,-0.091359267,0.680555482,True
11.706000000,0.542492436,-0.107536428,0.695723523,0.546593731,-0.091519523,0.680569278,True
11.708000000,0.542492436,-0.107536428,0.695723523,0.546591695,-0.091677918,0.680582704,True
11.710000000,0.542492436,-0.107536428,0.695723523,0.546589503,-0.091834173,0.680595784,True
11.712000000,0.542492436,-0.107536428,0.695723523,0.546587196,-0.091988080,0.680608540,True
11.714000000,0.542475182,-0.109129304,0.695873355,0.546586689,-0.092146671,0.680623544,True
11.716000000,0.542475182,-0.109129304,0.695873355,0.546586458,-0.092308049,0.680639066,True
11.718000000,0.542475182,-0.109129304,0.695873355,0.546585978,-0.092470844,0.680654451,True
11.720000000,0.542475182,-0.109129304,0.695873355,0.546585112,-0.092634024,0.680669473,True
11.722000000,0.542475182,-0.109129304,0.695873355,0.546583867,-0.092796795,0.680684070,True
11.724000000,0.542475182,-0.109129304,0.695873355,0.546582297,-0.092958545,0.680698245,True
11.726000000,0.542475182,-0.109129304,0.695873355,0.546580463,-0.093118799,0.680712019,True
11.728000000,0.542475182,-0.109129304,0.695873355,0.546578422,-0.093277192,0.680725420,True
11.730000000,0.542475182,-0.109129304,0.695873355,0.546576223,-0.093433444,0.680738473,True
11.732000000,0.542475182,-0.109129304,0.695873355,0.546573909,-0.093587347,0.680751202,True
11.734000000,0.542457929,-0.110722179,0.696023187,0.546573418,-0.093745945,0.680766204,True
11.736000000,0.542457929,-0.110722179,0.696023187,0.546573208,-0.093907329,0.680781728,True
11.738000000,0.542457929,-0.110722179,0.696023187,0.546572745,-0.094070129,0.680797111,True
11.740000000,0.542457929,-0.110722179,0.696023187,0.546571890,-0.094233312,0.680812124,True
11.742000000,0.542457929,-0.110722179,0.696023187,0.546570652,-0.094396085,0.680826708,True
11.744000000,0.542457929,-0.110722179,0.696023187,0.546569083,-0.094557834,0.680840864,True
11.746000000,0.542457929,-0.110722179,0.696023187,0.546567247,-0.094718086,0.680854617,True
11.748000000,0.542457929,-0.110722179,0.696023187,0.546565202,-0.094876476,0.680867993,True
11.750000000,0.542457929,-0.110722179,0.696023187,0.546562998,-0.095032726,0.680881019,True
11.752000000,0.542457929,-0.110722179,0.696023187,0.546560675,-0.095186626,0.680893720,True
11.754000000,0.542440676,-0.112315055,0.696173019,0.546560201,-0.095345229,0.680908720,True
11.756000000,0.542440676,-0.112315055,0.696173019,0.546560011,-0.095506620,0.680924246,True
11.758000000,0.542440676,-0.112315055,0.696173019,0.546559564,-0.095669425,0.680939627,True
11.760000000,0.542440676,-0.112315055,0.696173019,0.546558721,-0.095832611,0.680954632,True
11.762000000,0.542440676,-0.112315055,0.696173019,0.546557489,-0.095995385,0.680969202,True
11.764000000,0.542440676,-0.112315055,0.696173019,0.546555923,-0.096157134,0.680983340,True
11.766000000,0.542440676,-0.112315055,0.696173019,0.546554085,-0.096317384,0.680997070,True
11.768000000,0.542440676,-0.112315055,0.696173019,0.546552036,-0.096475772,0.681010422,True
11.770000000,0.542440676,-0.112315055,0.696173019,0.546549825,-0.096632018,0.681023421,True
11.772000000,0.542440676,-0.112315055,0.696173019,0.546547495,-0.096785914,0.681036094,True
11.774000000,0.542423423,-0.113907931,0.696322851,0.546547037,-0.096944523,0.681051093,True
11.776000000,0.542423423,-0.113907931,0.696322851,0.546546867,-0.097105922,0.681066621,True
11.778000000,0.542423423,-0.113907931,0.696322851,0.546546437,-0.097268732,0.681082000,True
11.780000000,0.542423423,-0.113907931,0.696322851,0.546545606,-0.097431921,0.681096997,True
11.782000000,0.542423423,-0.113907931,0.696322851,0.546544380,-0.097594696,0.681111553,True
11.784000000,0.542423423,-0.113907931,0.696322851,0.546542816,-0.097756444,0.681125672,True
11.786000000,0.542423423,-0.113907931,0.696322851,0.546540977,-0.097916693,0.681139380,True
11.788000000,0.542423423,-0.113907931,0.696322851,0.546538923,-0.098075077,0.681152707,True
11.790000000,0.542423423,-0.113907931,0.696322851,0.546536706,-0.098231321,0.681165680,True
11.792000000,0.542423423,-0.113907931,0.696322851,0.546534368,-0.098385213,0.681178324,True
11.794000000,0.542406170,-0.115500806,0.696472683,0.546533927,-0.098543828,0.681193322,True
11.796000000,0.542406170,-0.115500806,0.696472683,0.546533777,-0.098705234,0.681208852,True
11.798000000,0.542406170,-0.115500806,0.696472683,0.546533364,-0.098868050,0.681224229,True
11.800000000,0.542406170,-0.115500806,0.696472683,0.546532544,-0.099031242,0.681239217,True
11.802000000,0.542406170,-0.115500806,0.696472683,0.546531325,-0.099194017,0.681253759,True
11.804000000,0.542406170,-0.115500806,0.696472683,0.546529762,-0.099355765,0.681267860,True
11.806000000,0.542406170,-0.115500806,0.696472683,0.546527922,-0.099516012,0.681281546,True
11.808000000,0.542406170,-0.115500806,0.696472683,0.546525864,-0.099674394,0.681294848,True
11.810000000,0.542406170,-0.115500806,0.696472683,0.546523641,-0.099830634,0.681307795,True
11.812000000,0.542406170,-0.115500806,0.696472683,0.546521295,-0.099984523,0.681320411,True
11.814000000,0.542388917,-0.117093682,0.696622515,0.546520871,-0.100143144,0.681335407,True
11.816000000,0.542388917,-0.117093682,0.696622515,0.546520741,-0.100304557,0.681350939,True
11.818000000,0.542388917,-0.117093682,0.696622515,0.546520344,-0.100467378,0.681366313,True
11.820000000,0.542388917,-0.117093682,0.696622515,0.546519536,-0.100630573,0.681381294,True
11.822000000,0.542388917,-0.117093682,0.696622515,0.546518323,-0.100793350,0.681395822,True
11.824000000,0.542388917,-0.117093682,0.696622515,0.546516762,-0.100955097,0.681409905,True
11.826000000,0.542388917,-0.117093682,0.696622515,0.546514921,-0.101115342,0.681423569,True
11.828000000,0.542388917,-0.117093682,0.696622515,0.546512859,-0.101273721,0.681436846,True
11.830000000,0.542388917,-0.117093682,0.696622515,0.546510630,-0.101429958,0.681449765,True
11.832000000,0.542388917,-0.117093682,0.696622515,0.546508276,-0.101583843,0.681462353,True
11.834000000,0.542371664,-0.118686558,0.696772347,0.546507868,-0.101742471,0.681477348,True
11.836000000,0.542371664,-0.118686558,0.696772347,0.546507758,-0.101903891,0.681492882,True
11.838000000,0.542371664,-0.118686558,0.696772347,0.546507378,-0.102066718,0.681508254,True
11.840000000,0.542371664,-0.118686558,0.696772347,0.546506581,-0.102229916,0.681523227,True
11.842000000,0.542371664,-0.118686558,0.696772347,0.546505375,-0.102392693,0.681537741,True
11.844000000,0.542371664,-0.118686558,0.696772347,0.546503817,-0.102554440,0.681551805,True
11.846000000,0.542371664,-0.118686558,0.696772347,0.546501974,-0.102714683,0.681565447,True
11.848000000,0.542371664,-0.118686558,0.696772347,0.546499908,-0.102873059,0.681578699,True
11.850000000,0.542371664,-0.118686558,0.696772347,0.546497672,-0.103029293,0.681591592,True
11.852000000,0.542371664,-0.118686558,0.696772347,0.546495311,-0.103183175,0.681604152,True
11.854000000,0.542354411,-0.120279433,0.696922179,0.546494920,-0.103341808,0.681619146,True
11.856000000,0.542354411,-0.120279433,0.696922179,0.546494830,-0.103503236,0.681634682,True
11.858000000,0.542354411,-0.120279433,0.696922179,0.546494466,-0.103666068,0.681650051,True
11.860000000,0.542354411,-0.120279433,0.696922179,0.546493681,-0.103829269,0.681665015,True
11.862000000,0.542354411,-0.120279433,0.696922179,0.546492480,-0.103992048,0.681679516,True
11.864000000,0.542354411,-0.120279433,0.696922179,0.546490925,-0.104153793,0.681693561,True
11.866000000,0.542354411,-0.120279433,0.696922179,0.546489080,-0.104314035,0.681707181,True
11.868000000,0.542354411,-0.120279433,0.696922179,0.546487010,-0.104472408,0.681720408,True
11.870000000,0.542354411,-0.120279433,0.696922179,0.546484769,-0.104628638,0.681733274,True
11.872000000,0.542354411,-0.120279433,0.696922179,0.546482400,-0.104782516,0.681745806,True
11.874000000,0.542337157,-0.121872309,0.697072010,0.546482025,-0.104941156,0.681760798,True
11.876000000,0.542337157,-0.121872309,0.697072010,0.546481955,-0.105102591,0.681776336,True
11.878000000,0.542337157,-0.121872309,0.697072010,0.546481608,-0.105265429,0.681791704,True
11.880000000,0.542337157,-0.121872309,0.697072010,0.546480834,-0.105428633,0.681806660,True
11.882000000,0.542337157,-0.121872309,0.697072010,0.546479640,-0.105591413,0.681821146,True
11.884000000,0.542337157,-0.121872309,0.697072010,0.546478087,-0.105753158,0.681835173,True
11.886000000,0.542337157,-0.121872309,0.697072010,0.546476241,-0.105913397,0.681848771,True
11.888000000,0.542337157,-0.121872309,0.697072010,0.546474167,-0.106071768,0.681861973,True
11.890000000,0.542337157,-0.121872309,0.697072010,0.546471920,-0.106227995,0.681874813,True
11.892000000,0.542337157,-0.121872309,0.697072010,0.546469544,-0.106381869,0.681887316,True
11.894000000,0.542319904,-0.123465184,0.697221842,0.546469185,-0.106540515,0.681902307,True
11.896000000,0.542319904,-0.123465184,0.697221842,0.546469135,-0.106701958,0.681917847,True
11.898000000,0.542319904,-0.123465184,0.697221842,0.546468805,-0.106864802,0.681933212,True
11.900000000,0.542319904,-0.123465184,0.697221842,0.546468042,-0.107028009,0.681948160,True
11.902000000,0.542319904,-0.123465184,0.697221842,0.546466854,-0.107190790,0.681962633,True
11.904000000,0.542319904,-0.123465184,0.697221842,0.546465303,-0.107352534,0.681976641,True
11.906000000,0.542319904,-0.123465184,0.697221842,0.546463456,-0.107512771,0.681990217,True
11.908000000,0.542319904,-0.123465184,0.697221842,0.546461378,-0.107671139,0.682003394,True
11.910000000,0.542319904,-0.123465184,0.697221842,0.546459125,-0.107827362,0.682016206,True
11.912000000,0.542319904,-0.123465184,0.697221842,0.546456741,-0.107981232,0.682028682,True
11.914000000,0.542302651,-0.125058060,0.697371674,0.546456399,-0.108139886,0.682043671,True
11.916000000,0.542302651,-0.125058060,0.697371674,0.546456369,-0.108301336,0.682059213,True
11.918000000,0.542302651,-0.125058060,0.697371674,0.546456055,-0.108464185,0.682074576,True
11.920000000,0.542302651,-0.125058060,0.697371674,0.546455303,-0.108627396,0.682089516,True
11.922000000,0.542302651,-0.125058060,0.697371674,0.546454123,-0.108790178,0.682103975,True
11.924000000,0.542302651,-0.125058060,0.697371674,0.546452573,-0.108951921,0.682117965,True
11.926000000,0.542302651,-0.125058060,0.697371674,0.546450725,-0.109112157,0.682131518,True
11.928000000,0.542302651,-0.125058060,0.697371674,0.546448644,-0.109270522,0.682144670,True
11.930000000,0.542302651,-0.125058060,0.697371674,0.546446384,-0.109426741,0.682157456,True
11.932000000,0.542302651,-0.125058060,0.697371674,0.546443993,-0.109580607,0.682169903,True
11.934000000,0.542285398,-0.126650936,0.697521506,0.546443668,-0.109739267,0.682184891,True
11.936000000,0.542285398,-0.126650936,0.697521506,0.546443657,-0.109900725,0.682200435,True
11.938000000,0.542285398,-0.126650936,0.697521506,0.546443360,-0.110063580,0.682215796,True
11.940000000,0.542285398,-0.126650936,0.697521506,0.546442620,-0.110226794,0.682230727,True
11.942000000,0.542285398,-0.126650936,0.697521506,0.546441445,-0.110389577,0.682245172,True
11.944000000,0.542285398,-0.126650936,0.697521506,0.546439898,-0.110551320,0.682259143,True
11.946000000,0.542285398,-0.126650936,0.697521506,0.546438049,-0.110711553,0.682272674,True
11.948000000,0.542285398,-0.126650936,0.697521506,0.546435964,-0.110869915,0.682285802,True
11.950000000,0.542285398,-0.126650936,0.697521506,0.546433698,-0.111026130,0.682298561,True
11.952000000,0.542285398,-0.126650936,0.697521506,0.546431300,-0.111179992,0.682310979,True
11.954000000,0.542268145,-0.128243811,0.697671338,0.546430991,-0.111338659,0.682325966,True
11.956000000,0.542268145,-0.128243811,0.697671338,0.546431000,-0.111500125,0.682341512,True
11.958000000,0.542268145,-0.128243811,0.697671338,0.546430719,-0.111662986,0.682356871,True
11.960000000,0.542268145,-0.128243811,0.697671338,0.546429990,-0.111826203,0.682371794,True
11.962000000,0.542268145,-0.128243811,0.697671338,0.546428822,-0.111988987,0.682386225,True
11.964000000,0.542268145,-0.128243811,0.697671338,0.546427277,-0.112150729,0.682400178,True
11.966000000,0.542268145,-0.128243811,0.697671338,0.546425427,-0.112310960,0.682413686,True
11.968000000,0.542268145,-0.128243811,0.697671338,0.546423338,-0.112469319,0.682426789,True
11.970000000,0.542268145,-0.128243811,0.697671338,0.546421067,-0.112625531,0.682439521,True
11.972000000,0.542268145,-0.128243811,0.697671338,0.546418661,-0.112779389,0.682451911,True
11.974000000,0.542250892,-0.129836687,0.697821170,0.546418368,-0.112938062,0.682466897,True
11.976000000,0.542250892,-0.129836687,0.697821170,0.546418398,-0.113099536,0.682482445,True
11.978000000,0.542250892,-0.129836687,0.697821170,0.546418133,-0.113262403,0.682497801,True
11.980000000,0.542250892,-0.129836687,0.697821170,0.546417416,-0.113425624,0.682512716,True
11.982000000,0.542250892,-0.129836687,0.697821170,0.546416254,-0.113588409,0.682527133,True
11.984000000,0.542250892,-0.129836687,0.697821170,0.546414711,-0.113750150,0.682541067,True
11.986000000,0.542250892,-0.129836687,0.697821170,0.546412860,-0.113910379,0.682554554,True
11.988000000,0.542250892,-0.129836687,0.697821170,0.546410767,-0.114068735,0.682567631,True
11.990000000,0.542250892,-0.129836687,0.697821170,0.546408491,-0.114224943,0.682580336,True
11.992000000,0.542250892,-0.129836687,0.697821170,0.546406078,-0.114378796,0.682592698,True
11.994000000,0.542233639,-0.131429562,0.697971002,0.546405801,-0.114537476,0.682607682,True
11.996000000,0.542233639,-0.131429562,0.697971002,0.546405850,-0.114698958,0.682623232,True
11.998000000,0.542233639,-0.131429562,0.697971002,0.546405602,-0.114861832,0.682638586,True
12.000000000,0.542233639,-0.131429562,0.697971002,0.546404896,-0.115025056,0.682653493,True
12.002000000,0.542233639,-0.131429562,0.697971002,0.546403741,-0.115187842,0.682667896,True
12.004000000,0.542233639,-0.131429562,0.697971002,0.546402200,-0.115349582,0.682681812,True
12.006000000,0.542233639,-0.131429562,0.697971002,0.546400348,-0.115509809,0.682695276,True
12.008000000,0.542233639,-0.131429562,0.697971002,0.546398251,-0.115668162,0.682708329,True
12.010000000,0.542233639,-0.131429562,0.697971002,0.546395969,-0.115824366,0.682721006,True
12.012000000,0.542233639,-0.131429562,0.697971002,0.546393549,-0.115978215,0.682733340,True
12.014000000,0.542216386,-0.133022438,0.698120834,0.546393289,-0.116136902,0.682748323,True
12.016000000,0.542216386,-0.133022438,0.698120834,0.546393358,-0.116298392,0.682763875,True
12.018000000,0.542216386,-0.133022438,0.698120834,0.546393126,-0.116461272,0.682779227,True
12.020000000,0.542216386,-0.133022438,0.698120834,0.546392431,-0.116624500,0.682794125,True
12.022000000,0.542216386,-0.133022438,0.698120834,0.546391282,-0.116787287,0.682808514,True
12.024000000,0.542216386,-0.133022438,0.698120834,0.546389744,-0.116949026,0.682822411,True
12.026000000,0.542216386,-0.133022438,0.698120834,0.546387891,-0.117109251,0.682835853,True
12.028000000,0.542216386,-0.133022438,0.698120834,0.546385790,-0.117267600,0.682848881,True
12.030000000,0.542216386,-0.133022438,0.698120834,0.546383502,-0.117423800,0.682861531,True
12.032000000,0.542216386,-0.133022438,0.698120834,0.546381075,-0.117577645,0.682873837,True
12.034000000,0.542199132,-0.134615314,0.698270666,0.546380831,-0.117736339,0.682888818,True
12.036000000,0.542199132,-0.134615314,0.698270666,0.546380920,-0.117897838,0.682904372,True
12.038000000,0.542199132,-0.134615314,0.698270666,0.546380704,-0.118060723,0.682919722,True
12.040000000,0.542199132,-0.134615314,0.698270666,0.546380021,-0.118223955,0.682934612,True
12.042000000,0.542199132,-0.134615314,0.698270666,0.546378879,-0.118386743,0.682948987,True
12.044000000,0.542199132,-0.134615314,0.698270666,0.546377343,-0.118548482,0.682962866,True
12.046000000,0.542199132,-0.134615314,0.698270666,0.546375488,-0.118708704,0.682976285,True
12.048000000,0.542199132,-0.134615314,0.698270666,0.546373385,-0.118867050,0.682989288,True
12.050000000,0.542199132,-0.134615314,0.698270666,0.546371091,-0.119023246,0.683001911,True
12.052000000,0.542199132,-0.134615314,0.698270666,0.546368657,-0.119177087,0.683014189,True
12.054000000,0.542181879,-0.136208189,0.698420498,0.546368429,-0.119335788,0.683029168,True
12.056000000,0.542181879,-0.136208189,0.698420498,0.546368538,-0.119497295,0.683044725,True
12.058000000,0.542181879,-0.136208189,0.698420498,0.546368338,-0.119660187,0.683060072,True
12.060000000,0.542181879,-0.136208189,0.698420498,0.546367666,-0.119823422,0.683074953,True
12.062000000,0.542181879,-0.136208189,0.698420498,0.546366530,-0.119986211,0.683089315,True
12.064000000,0.542181879,-0.136208189,0.698420498,0.546364997,-0.120147949,0.683103175,True
12.066000000,0.542181879,-0.136208189,0.698420498,0.546363141,-0.120308169,0.683116572,True
12.068000000,0.542181879,-0.136208189,0.698420498,0.546361034,-0.120466511,0.683129550,True
12.070000000,0.542181879,-0.136208189,0.698420498,0.546358735,-0.120622704,0.683142146,True
12.072000000,0.542181879,-0.136208189,0.698420498,0.546356294,-0.120776540,0.683154395,True
12.074000000,0.542164626,-0.137801065,0.698570330,0.546356083,-0.120935248,0.683169373,True
12.076000000,0.542164626,-0.137801065,0.698570330,0.546356211,-0.121096763,0.683184932,True
12.078000000,0.542164626,-0.137801065,0.698570330,0.546356027,-0.121259662,0.683200277,True
12.080000000,0.542164626,-0.137801065,0.698570330,0.546355366,-0.121422900,0.683215150,True
12.082000000,0.542164626,-0.137801065,0.698570330,0.546354237,-0.121585691,0.683229497,True
12.084000000,0.542164626,-0.137801065,0.698570330,0.546352706,-0.121747428,0.683243339,True
12.086000000,0.542164626,-0.137801065,0.698570330,0.546350850,-0.121907645,0.683256714,True
12.088000000,0.542164626,-0.137801065,0.698570330,0.546348739,-0.122065984,0.683269666,True
12.090000000,0.542164626,-0.137801065,0.698570330,0.546346434,-0.122222173,0.683282235,True
12.092000000,0.542164626,-0.137801065,0.698570330,0.546343986,-0.122376004,0.683294456,True
12.094000000,0.542147373,-0.139393940,0.698720162,0.546343792,-0.122534720,0.683309433,True
12.096000000,0.542147373,-0.139393940,0.698720162,0.546343939,-0.122696244,0.683324993,True
12.098000000,0.542147373,-0.139393940,0.698720162,0.546343772,-0.122859148,0.683340336,True
12.100000000,0.542147373,-0.139393940,0.698720162,0.546343122,-0.123022391,0.683355201,True
12.102000000,0.542147373,-0.139393940,0.698720162,0.546341999,-0.123185182,0.683369534,True
12.104000000,0.542147373,-0.139393940,0.698720162,0.546340471,-0.123346918,0.683383357,True
12.106000000,0.542147373,-0.139393940,0.698720162,0.546338613,-0.123507133,0.683396709,True
12.108000000,0.542147373,-0.139393940,0.698720162,0.546336499,-0.123665469,0.683409637,True
12.110000000,0.542147373,-0.139393940,0.698720162,0.546334189,-0.123821653,0.683422179,True
12.112000000,0.542147373,-0.139393940,0.698720162,0.546331735,-0.123975480,0.683434371,True
12.114000000,0.542130120,-0.140986816,0.698869994,0.546331556,-0.124134203,0.683449347,True
12.116000000,0.542130120,-0.140986816,0.698869994,0.546331723,-0.124295736,0.683464909,True
12.118000000,0.542130120,-0.140986816,0.698869994,0.546331572,-0.124458647,0.683480249,True
12.120000000,0.542130120,-0.140986816,0.698869994,0.546330933,-0.124621893,0.683495106,True
12.122000000,0.542130120,-0.140986816,0.698869994,0.546329817,-0.124784686,0.683509426,True
12.124000000,0.542130120,-0.140986816,0.698869994,0.546328291,-0.124946421,0.683523229,True
12.126000000,0.542130120,-0.140986816,0.698869994,0.546326433,-0.125106633,0.683536560,True
12.128000000,0.542130120,-0.140986816,0.698869994,0.546324315,-0.125264966,0.683549462,True
12.130000000,0.542130120,-0.140986816,0.698869994,0.546322000,-0.125421146,0.683561977,True
12.132000000,0.542130120,-0.140986816,0.698869994,0.546319539,-0.125574968,0.683574140,True
12.134000000,0.542112867,-0.142579692,0.699019826,0.546319376,-0.125733698,0.683589115,True
12.136000000,0.542112867,-0.142579692,0.699019826,0.546319563,-0.125895240,0.683604679,True
12.138000000,0.542112867,-0.142579692,0.699019826,0.546319428,-0.126058158,0.683620017,True
12.140000000,0.542112867,-0.142579692,0.699019826,0.546318800,-0.126221407,0.683634865,True
12.142000000,0.542112867,-0.142579692,0.699019826,0.546317691,-0.126384201,0.683649171,True
12.144000000,0.542112867,-0.142579692,0.699019826,0.546316167,-0.126545935,0.683662956,True
12.146000000,0.542112867,-0.142579692,0.699019826,0.546314308,-0.126706146,0.683676264,True
12.148000000,0.542112867,-0.142579692,0.699019826,0.546312187,-0.126864474,0.683689141,True
12.150000000,0.542112867,-0.142579692,0.699019826,0.546309867,-0.127020650,0.683701629,True
12.152000000,0.542112867,-0.142579692,0.699019826,0.546307398,-0.127174468,0.683713763,True
12.154000000,0.542095614,-0.144172567,0.699169658,0.546307253,-0.127333206,0.683728737,True
12.156000000,0.542095614,-0.144172567,0.699169658,0.546307458,-0.127494756,0.683744303,True
12.158000000,0.542095614,-0.144172567,0.699169658,0.546307340,-0.127657680,0.683759639,True
12.160000000,0.542095614,-0.144172567,0.699169658,0.546306723,-0.127820934,0.683774479,True
12.162000000,0.542095614,-0.144172567,0.699169658,0.546305620,-0.127983729,0.683788771,True
12.164000000,0.542095614,-0.144172567,0.699169658,0.546304099,-0.128145462,0.683802537,True
12.166000000,0.542095614,-0.144172567,0.699169658,0.546302239,-0.128305670,0.683815822,True
12.168000000,0.542095614,-0.144172567,0.699169658,0.546300115,-0.128463995,0.683828674,True
12.170000000,0.542095614,-0.144172567,0.699169658,0.546297789,-0.128620166,0.683841135,True
12.172000000,0.542095614,-0.144172567,0.699169658,0.546295314,-0.128773979,0.683853241,True
12.174000000,0.542078361,-0.145765443,0.699319490,0.546295185,-0.128932725,0.683868213,True
12.176000000,0.542078361,-0.145765443,0.699319490,0.546295410,-0.129094284,0.683883781,True
12.178000000,0.542078361,-0.145765443,0.699319490,0.546295308,-0.129257215,0.683899115,True
12.180000000,0.542078361,-0.145765443,0.699319490,0.546294702,-0.129420472,0.683913947,True
12.182000000,0.542078361,-0.145765443,0.699319490,0.546293606,-0.129583268,0.683928224,True
12.184000000,0.542078361,-0.145765443,0.699319490,0.546292087,-0.129745000,0.683941972,True
12.186000000,0.542078361,-0.145765443,0.699319490,0.546290227,-0.129905206,0.683955235,True
12.188000000,0.542078361,-0.145765443,0.699319490,0.546288099,-0.130063527,0.683968061,True
12.190000000,0.542078361,-0.145765443,0.699319490,0.546285768,-0.130219694,0.683980495,True
12.192000000,0.542078361,-0.145765443,0.699319490,0.546283287,-0.130373503,0.683992572,True
12.194000000,0.542061107,-0.147358319,0.699469322,0.546283173,-0.130532256,0.684007543,True
12.196000000,0.542061107,-0.147358319,0.699469322,0.546283418,-0.130693824,0.684023113,True
12.198000000,0.542061107,-0.147358319,0.699469322,0.546283331,-0.130856762,0.684038445,True
12.200000000,0.542061107,-0.147358319,0.699469322,0.546282737,-0.131020023,0.684053268,True
12.202000000,0.542061107,-0.147358319,0.699469322,0.546281647,-0.131182820,0.684067532,True
12.204000000,0.542061107,-0.147358319,0.699469322,0.546280131,-0.131344552,0.684081260,True
12.206000000,0.542061107,-0.147358319,0.699469322,0.546278270,-0.131504754,0.684094501,True
12.208000000,0.542061107,-0.147358319,0.699469322,0.546276139,-0.131663072,0.684107302,True
12.210000000,0.542061107,-0.147358319,0.699469322,0.546273803,-0.131819235,0.684119708,True
12.212000000,0.542061107,-0.147358319,0.699469322,0.546271315,-0.131973038,0.684131757,True
12.214000000,0.542043854,-0.148951194,0.699619154,0.546271218,-0.132131799,0.684146726,True
12.216000000,0.542043854,-0.148951194,0.699619154,0.546271482,-0.132293376,0.684162299,True
12.218000000,0.542043854,-0.148951194,0.699619154,0.546271412,-0.132456321,0.684177628,True
12.220000000,0.542043854,-0.148951194,0.699619154,0.546270829,-0.132619586,0.684192443,True
12.222000000,0.542043854,-0.148951194,0.699619154,0.546269745,-0.132782385,0.684206692,True
12.224000000,0.542043854,-0.148951194,0.699619154,0.546268231,-0.132944115,0.684220402,True
12.226000000,0.542043854,-0.148951194,0.699619154,0.546266370,-0.133104315,0.684233620,True
12.228000000,0.542043854,-0.148951194,0.699619154,0.546264236,-0.133262630,0.684246396,True
12.230000000,0.542043854,-0.148951194,0.699619154,0.546261895,-0.133418788,0.684258775,True
12.232000000,0.542043854,-0.148951194,0.699619154,0.546259400,-0.133572586,0.684270795,True
12.234000000,0.542026601,-0.150544070,0.699768986,0.546259320,-0.133731355,0.684285763,True
12.236000000,0.542026601,-0.150544070,0.699768986,0.546259603,-0.133892941,0.684301338,True
12.238000000,0.542026601,-0.150544070,0.699768986,0.546259548,-0.134055893,0.684316665,True
12.240000000,0.542026601,-0.150544070,0.699768986,0.546258977,-0.134219162,0.684331471,True
12.242000000,0.542026601,-0.150544070,0.699768986,0.546257899,-0.134381962,0.684345707,True
12.244000000,0.542026601,-0.150544070,0.699768986,0.546256388,-0.134543691,0.684359398,True
12.246000000,0.542026601,-0.150544070,0.699768986,0.546254526,-0.134703889,0.684372593,True
12.248000000,0.542026601,-0.150544070,0.699768986,0.546252389,-0.134862199,0.684385344,True
12.250000000,0.542026601,-0.150544070,0.699768986,0.546250043,-0.135018353,0.684397696,True
12.252000000,0.542026601,-0.150544070,0.699768986,0.546247542,-0.135172146,0.684409687,True
12.254000000,0.542009348,-0.152136945,0.699918818,0.546247478,-0.135330923,0.684424653,True
12.256000000,0.542009348,-0.152136945,0.699918818,0.546247780,-0.135492519,0.684440230,True
12.258000000,0.542009348,-0.152136945,0.699918818,0.546247741,-0.135655477,0.684455555,True
12.260000000,0.542009348,-0.152136945,0.699918818,0.546247181,-0.135818750,0.684470353,True
12.262000000,0.542009348,-0.152136945,0.699918818,0.546246110,-0.135981551,0.684484574,True
12.264000000,0.542000000,-0.153000000,0.700000000,0.546245968,-0.136147213,0.684500013,True
12.266000000,0.542000000,-0.153000000,0.700000000,0.546245715,-0.136314189,0.684515442,True
12.268000000,0.542000000,-0.153000000,0.700000000,0.546245033,-0.136481399,0.684530439,True
12.270000000,0.542000000,-0.153000000,0.700000000,0.546243878,-0.136648047,0.684544894,True
12.272000000,0.542000000,-0.153000000,0.700000000,0.546242301,-0.136813531,0.684558812,True
12.274000000,0.542000000,-0.153000000,0.700000000,0.546240377,-0.136977391,0.684572232,True
12.276000000,0.542000000,-0.153000000,0.700000000,0.546238178,-0.137139276,0.684585203,True
12.278000000,0.542000000,-0.153000000,0.700000000,0.546235770,-0.137298918,0.684597768,True
12.280000000,0.542000000,-0.153000000,0.700000000,0.546233206,-0.137456119,0.684609968,True
12.282000000,0.542000000,-0.153000000,0.700000000,0.546230532,-0.137610731,0.684621835,True
12.284000000,0.546230532,-0.137610731,0.684621835,0.546223098,-0.137730631,0.684590333,True
12.286000000,0.546230532,-0.137610731,0.684621835,0.546220169,-0.137824811,0.684532885,True
12.288000000,0.546230532,-0.137610731,0.684621835,0.546224334,-0.137898579,0.684458300,True
12.290000000,0.546230532,-0.137610731,0.684621835,0.546235540,-0.137956294,0.684371643,True
12.292000000,0.546230532,-0.137610731,0.684621835,0.546252768,-0.138001980,0.684275943,True
12.294000000,0.546230532,-0.137610731,0.684621835,0.546274984,-0.138037964,0.684173484,True
12.296000000,0.546230532,-0.137610731,0.684621835,0.546301206,-0.138066103,0.684066009,True
12.298000000,0.546230532,-0.137610731,0.684621835,0.546330577,-0.138087894,0.683954894,True
12.300000000,0.546230532,-0.137610731,0.684621835,0.546362375,-0.138104549,0.683841252,True
12.302000000,0.546230532,-0.137610731,0.684621835,0.546396003,-0.138117052,0.683725987,True
12.304000000,0.546189607,-0.137759605,0.683029302,0.546431276,-0.138128352,0.683606084,True
12.306000000,0.546189607,-0.137759605,0.683029302,0.546467903,-0.138138659,0.683483059,True
12.308000000,0.546189607,-0.137759605,0.683029302,0.546505548,-0.138148128,0.683358044,True
12.310000000,0.546189607,-0.137759605,0.683029302,0.546543896,-0.138156878,0.683231922,True
12.312000000,0.546189607,-0.137759605,0.683029302,0.546582674,-0.138165008,0.683105390,True
12.314000000,0.546189607,-0.137759605,0.683029302,0.546621651,-0.138172602,0.682979012,True
12.316000000,0.546189607,-0.137759605,0.683029302,0.546660637,-0.138179727,0.682853236,True
12.318000000,0.546189607,-0.137759605,0.683029302,0.546699479,-0.138186443,0.682728425,True
12.320000000,0.546189607,-0.137759605,0.683029302,0.546738051,-0.138192800,0.682604864,True
12.322000000,0.546189607,-0.137759605,0.683029302,0.546776253,-0.138198840,0.682482783,True
12.324000000,0.546148681,-0.137908479,0.681436769,0.546815007,-0.138204946,0.682357172,True
12.326000000,0.546148681,-0.137908479,0.681436769,0.546854309,-0.138211112,0.682229449,True
12.328000000,0.546148681,-0.137908479,0.681436769,0.546894009,-0.138217306,0.682100611,True
12.330000000,0.546148681,-0.137908479,0.681436769,0.546933920,-0.138223489,0.681971401,True
12.332000000,0.546148681,-0.137908479,0.681436769,0.546973863,-0.138229628,0.681842398,True
12.334000000,0.546148681,-0.137908479,0.681436769,0.547013684,-0.138235696,0.681714056,True
12.336000000,0.546148681,-0.137908479,0.681436769,0.547053255,-0.138241675,0.681586737,True
12.338000000,0.546148681,-0.137908479,0.681436769,0.547092469,-0.138247550,0.681460728,True
12.340000000,0.546148681,-0.137908479,0.681436769,0.547131243,-0.138253313,0.681336255,True
12.342000000,0.546148681,-0.137908479,0.681436769,0.547169510,-0.138258957,0.681213496,True
12.344000000,0.546107755,-0.138057353,0.679844236,0.547208270,-0.138264737,0.681087304,True
12.346000000,0.546107755,-0.138057353,0.679844236,0.547247531,-0.138270635,0.680959078,True
12.348000000,0.546107755,-0.138057353,0.679844236,0.547287151,-0.138276607,0.680829801,True
12.350000000,0.546107755,-0.138057353,0.679844236,0.547326950,-0.138282606,0.680700205,True
12.352000000,0.546107755,-0.138057353,0.679844236,0.547366757,-0.138288592,0.680570859,True
12.354000000,0.546107755,-0.138057353,0.679844236,0.547406422,-0.138294533,0.680442211,True
12.356000000,0.546107755,-0.138057353,0.679844236,0.547445822,-0.138300405,0.680314617,True
12.358000000,0.546107755,-0.138057353,0.679844236,0.547484853,-0.138306189,0.680188359,True
12.360000000,0.546107755,-0.138057353,0.679844236,0.547523436,-0.138311875,0.680063660,True
12.362000000,0.546107755,-0.138057353,0.679844236,0.547561505,-0.138317454,0.679940693,True
12.364000000,0.546066830,-0.138206227,0.678251703,0.547600060,-0.138323171,0.679814296,True
12.366000000,0.546066830,-0.138206227,0.678251703,0.547639110,-0.138329009,0.679685867,True
12.368000000,0.546066830,-0.138206227,0.678251703,0.547678515,-0.138334923,0.679556389,True
12.370000000,0.546066830,-0.138206227,0.678251703,0.547718095,-0.138340866,0.679426595,True
12.372000000,0.546066830,-0.138206227,0.678251703,0.547757682,-0.138346797,0.679297055,True
12.374000000,0.546066830,-0.138206227,0.678251703,0.547797127,-0.138352685,0.679168216,True
12.376000000,0.546066830,-0.138206227,0.678251703,0.547836306,-0.138358505,0.679040434,True
12.378000000,0.546066830,-0.138206227,0.678251703,0.547875119,-0.138364239,0.678913993,True
12.380000000,0.546066830,-0.138206227,0.678251703,0.547913485,-0.138369876,0.678789114,True
12.382000000,0.546066830,-0.138206227,0.678251703,0.547951339,-0.138375408,0.678665971,True
12.384000000,0.546025904,-0.138355101,0.676659170,0.547989674,-0.138381077,0.678539395,True
12.386000000,0.546025904,-0.138355101,0.676659170,0.548028501,-0.138386866,0.678410784,True
12.388000000,0.546025904,-0.138355101,0.676659170,0.548067680,-0.138392730,0.678281122,True
12.390000000,0.546025904,-0.138355101,0.676659170,0.548107035,-0.138398624,0.678151144,True
12.392000000,0.546025904,-0.138355101,0.676659170,0.548146395,-0.138404507,0.678021419,True
12.394000000,0.546025904,-0.138355101,0.676659170,0.548185615,-0.138410346,0.677892396,True
12.396000000,0.546025904,-0.138355101,0.676659170,0.548224570,-0.138416118,0.677764434,True
12.398000000,0.546025904,-0.138355101,0.676659170,0.548263160,-0.138421805,0.677637815,True
12.400000000,0.546025904,-0.138355101,0.676659170,0.548301306,-0.138427395,0.677512761,True
12.402000000,0.546025904,-0.138355101,0.676659170,0.548338942,-0.138432880,0.677389446,True
12.404000000,0.545984978,-0.138503975,0.675066637,0.548377055,-0.138438502,0.677262694,True
12.406000000,0.545984978,-0.138503975,0.675066637,0.548415658,-0.138444243,0.677133904,True
12.408000000,0.545984978,-0.138503975,0.675066637,0.548454610,-0.138450060,0.677004061,True
12.410000000,0.545984978,-0.138503975,0.675066637,0.548493737,-0.138455906,0.676873900,True
12.412000000,0.545984978,-0.138503975,0.675066637,0.548532869,-0.138461740,0.676743993,True
12.414000000,0.545984978,-0.138503975,0.675066637,0.548571862,-0.138467531,0.676614790,True
12.416000000,0.545984978,-0.138503975,0.675066637,0.548610592,-0.138473256,0.676486648,True
12.418000000,0.545984978,-0.138503975,0.675066637,0.548648959,-0.138478896,0.676359851,True
12.420000000,0.545984978,-0.138503975,0.675066637,0.548686883,-0.138484440,0.676234622,True
12.422000000,0.545984978,-0.138503975,0.675066637,0.548724301,-0.138489879,0.676111135,True
12.424000000,0.545944052,-0.138652849,0.673474104,0.548762192,-0.138495454,0.675984207,True
12.426000000,0.545944052,-0.138652849,0.673474104,0.548800569,-0.138501148,0.675855238,True
12.428000000,0.545944052,-0.138652849,0.673474104,0.548839293,-0.138506917,0.675725214,True
12.430000000,0.545944052,-0.138652849,0.673474104,0.548878191,-0.138512714,0.675594872,True
12.432000000,0.545944052,-0.138652849,0.673474104,0.548917095,-0.138518501,0.675464783,True
12.434000000,0.545944052,-0.138652849,0.673474104,0.548955860,-0.138524244,0.675335400,True
12.436000000,0.545944052,-0.138652849,0.673474104,0.548994363,-0.138529922,0.675207079,True
12.438000000,0.545944052,-0.138652849,0.673474104,0.549032506,-0.138535515,0.675080106,True
12.440000000,0.545944052,-0.138652849,0.673474104,0.549070208,-0.138541013,0.674954702,True
12.442000000,0.545944052,-0.138652849,0.673474104,0.549107407,-0.138546406,0.674831044,True
12.444000000,0.545903127,-0.138801723,0.671881571,0.549145074,-0.138551935,0.674703940,True
12.446000000,0.545903127,-0.138801723,0.671881571,0.549183224,-0.138557582,0.674574792,True
12.448000000,0.545903127,-0.138801723,0.671881571,0.549221720,-0.138563303,0.674444587,True
12.450000000,0.545903127,-0.138801723,0.671881571,0.549260388,-0.138569053,0.674314062,True
12.452000000,0.545903127,-0.138801723,0.671881571,0.549299063,-0.138574792,0.674183791,True
12.454000000,0.545903127,-0.138801723,0.671881571,0.549337599,-0.138580489,0.674054227,True
12.456000000,0.545903127,-0.138801723,0.671881571,0.549375875,-0.138586119,0.673925726,True
12.458000000,0.545903127,-0.138801723,0.671881571,0.549413792,-0.138591666,0.673798575,True
12.460000000,0.545903127,-0.138801723,0.671881571,0.549451272,-0.138597118,0.673672997,True
12.462000000,0.545903127,-0.138801723,0.671881571,0.549488250,-0.138602466,0.673549168,True
12.464000000,0.545862201,-0.138950597,0.670289038,0.549525693,-0.138607948,0.673421891,True
12.466000000,0.545862201,-0.138950597,0.670289038,0.549563614,-0.138613547,0.673292567,True
12.468000000,0.545862201,-0.138950597,0.670289038,0.549601880,-0.138619220,0.673162183,True
12.470000000,0.545862201,-0.138950597,0.670289038,0.549640317,-0.138624922,0.673031479,True
12.472000000,0.545862201,-0.138950597,0.670289038,0.549678761,-0.138630612,0.672901029,True
12.474000000,0.545862201,-0.138950597,0.670289038,0.549717067,-0.138636261,0.672771286,True
12.476000000,0.545862201,-0.138950597,0.670289038,0.549755114,-0.138641843,0.672642610,True
12.478000000,0.545862201,-0.138950597,0.670289038,0.549792804,-0.138647343,0.672515285,True
12.480000000,0.545862201,-0.138950597,0.670289038,0.549830060,-0.138652748,0.672389535,True
12.482000000,0.545862201,-0.138950597,0.670289038,0.549866817,-0.138658051,0.672265537,True
12.484000000,0.545821275,-0.139099471,0.668696504,0.549904033,-0.138663486,0.672138088,True
12.486000000,0.545821275,-0.139099471,0.668696504,0.549941726,-0.138669037,0.672008588,True
12.488000000,0.545821275,-0.139099471,0.668696504,0.549979760,-0.138674662,0.671878026,True
12.490000000,0.545821275,-0.139099471,0.668696504,0.550017965,-0.138680316,0.671747143,True
12.492000000,0.545821275,-0.139099471,0.668696504,0.550056177,-0.138685958,0.671616515,True
12.494000000,0.545821275,-0.139099471,0.668696504,0.550094251,-0.138691557,0.671486596,True
12.496000000,0.545821275,-0.139099471,0.668696504,0.550132068,-0.138697092,0.671357745,True
12.498000000,0.545821275,-0.139099471,0.668696504,0.550169531,-0.138702544,0.671230247,True
12.500000000,0.545821275,-0.139099471,0.668696504,0.550206561,-0.138707903,0.671104327,True
12.502000000,0.545821275,-0.139099471,0.668696504,0.550243095,-0.138713159,0.670980162,True
12.504000000,0.545780350,-0.139248345,0.667103971,0.550280085,-0.138718547,0.670852541,True
12.506000000,0.545780350,-0.139248345,0.667103971,0.550317547,-0.138724051,0.670722867,True
12.508000000,0.545780350,-0.139248345,0.667103971,0.550355349,-0.138729628,0.670592129,True
12.510000000,0.545780350,-0.139248345,0.667103971,0.550393321,-0.138735233,0.670461069,True
12.512000000,0.545780350,-0.139248345,0.667103971,0.550431299,-0.138740827,0.670330264,True
12.514000000,0.545780350,-0.139248345,0.667103971,0.550469141,-0.138746379,0.670200168,True
12.516000000,0.545780350,-0.139248345,0.667103971,0.550506728,-0.138751866,0.670071142,True
12.518000000,0.545780350,-0.139248345,0.667103971,0.550543962,-0.138757271,0.669943472,True
12.520000000,0.545780350,-0.139248345,0.667103971,0.550580765,-0.138762583,0.669817383,True
12.522000000,0.545780350,-0.139248345,0.667103971,0.550617076,-0.138767793,0.669693050,True
12.524000000,0.545739424,-0.139397219,0.665511438,0.550653837,-0.138773134,0.669565259,True
12.526000000,0.545739424,-0.139397219,0.665511438,0.550691068,-0.138778590,0.669435411,True
12.528000000,0.545739424,-0.139397219,0.665511438,0.550728637,-0.138784119,0.669304498,True
12.530000000,0.545739424,-0.139397219,0.665511438,0.550766375,-0.138789675,0.669173261,True
12.532000000,0.545739424,-0.139397219,0.665511438,0.550804119,-0.138795221,0.669042280,True
12.534000000,0.545739424,-0.139397219,0.665511438,0.550841727,-0.138800724,0.668912009,True
12.536000000,0.545739424,-0.139397219,0.665511438,0.550879082,-0.138806163,0.668782809,True
12.538000000,0.545739424,-0.139397219,0.665511438,0.550916086,-0.138811520,0.668654968,True
12.540000000,0.545739424,-0.139397219,0.665511438,0.550952662,-0.138816784,0.668528709,True
12.542000000,0.545739424,-0.139397219,0.665511438,0.550988749,-0.138821948,0.668404210,True
12.544000000,0.545698498,-0.139546093,0.663918905,0.551025282,-0.138827241,0.668276250,True
12.546000000,0.545698498,-0.139546093,0.663918905,0.551062281,-0.138832649,0.668146229,True
12.548000000,0.545698498,-0.139546093,0.663918905,0.551099616,-0.138838128,0.668015140,True
12.550000000,0.545698498,-0.139546093,0.663918905,0.551137119,-0.138843636,0.667883727,True
12.552000000,0.545698498,-0.139546093,0.663918905,0.551174628,-0.138849132,0.667752570,True
12.554000000,0.545698498,-0.139546093,0.663918905,0.551212002,-0.138854587,0.667622124,True
12.556000000,0.545698498,-0.139546093,0.663918905,0.551249124,-0.138859977,0.667492752,True
12.558000000,0.545698498,-0.139546093,0.663918905,0.551285898,-0.138865287,0.667364739,True
12.560000000,0.545698498,-0.139546093,0.663918905,0.551322246,-0.138870505,0.667238313,True
12.562000000,0.545698498,-0.139546093,0.663918905,0.551358107,-0.138875622,0.667113649,True
12.564000000,0.545657573,-0.139694967,0.662326372,0.551394409,-0.138880868,0.666985520,True
12.566000000,0.545657573,-0.139694967,0.662326372,0.551431175,-0.138886228,0.666855327,True
12.568000000,0.545657573,-0.139694967,0.662326372,0.551468275,-0.138891659,0.666724064,True
12.570000000,0.545657573,-0.139694967,0.662326372,0.551505541,-0.138897116,0.666592477,True
12.572000000,0.545657573,-0.139694967,0.662326372,0.551542814,-0.138902563,0.666461146,True
12.574000000,0.545657573,-0.139694967,0.662326372,0.551579953,-0.138907969,0.666330526,True
12.576000000,0.545657573,-0.139694967,0.662326372,0.551616842,-0.138913311,0.666200982,True
12.578000000,0.545657573,-0.139694967,0.662326372,0.551653383,-0.138918572,0.666072800,True
12.580000000,0.545657573,-0.139694967,0.662326372,0.551689502,-0.138923742,0.665946206,True
12.582000000,0.545657573,-0.139694967,0.662326372,0.551725137,-0.138928813,0.665821377,True
12.584000000,0.545616647,-0.139843841,0.660733839,0.551761209,-0.138934011,0.665693080,True
12.586000000,0.545616647,-0.139843841,0.660733839,0.551797741,-0.138939322,0.665562716,True
12.588000000,0.545616647,-0.139843841,0.660733839,0.551834604,-0.138944704,0.665431280,True
12.590000000,0.545616647,-0.139843841,0.660733839,0.551871633,-0.138950113,0.665299520,True
12.592000000,0.545616647,-0.139843841,0.660733839,0.551908669,-0.138955512,0.665168015,True
12.594000000,0.545616647,-0.139843841,0.660733839,0.551945572,-0.138960870,0.665037223,True
12.596000000,0.545616647,-0.139843841,0.660733839,0.551982225,-0.138966164,0.664907508,True
12.598000000,0.545616647,-0.139843841,0.660733839,0.552018534,-0.138971378,0.664779157,True
12.600000000,0.545616647,-0.139843841,0.660733839,0.552054422,-0.138976501,0.664652398,True
12.602000000,0.545616647,-0.139843841,0.660733839,0.552089829,-0.138981525,0.664527406,True
12.604000000,0.545575721,-0.139992716,0.659141306,0.552125669,-0.138986675,0.664398943,True
12.606000000,0.545575721,-0.139992716,0.659141306,0.552161966,-0.138991937,0.664268410,True
12.608000000,0.545575721,-0.139992716,0.659141306,0.552198591,-0.138997270,0.664136803,True
12.610000000,0.545575721,-0.139992716,0.659141306,0.552235382,-0.139002630,0.664004870,True
12.612000000,0.545575721,-0.139992716,0.659141306,0.552272180,-0.139007978,0.663873192,True
12.614000000,0.545575721,-0.139992716,0.659141306,0.552308845,-0.139013287,0.663742230,True
12.616000000,0.545575721,-0.139992716,0.659141306,0.552345263,-0.139018532,0.663612345,True
12.618000000,0.545575721,-0.139992716,0.659141306,0.552381338,-0.139023698,0.663483827,True
12.620000000,0.545575721,-0.139992716,0.659141306,0.552416995,-0.139028773,0.663356903,True
12.622000000,0.545575721,-0.139992716,0.659141306,0.552452173,-0.139033749,0.663231749,True
12.624000000,0.545534796,-0.140141590,0.657548773,0.552487780,-0.139038852,0.663103120,True
12.626000000,0.545534796,-0.140141590,0.657548773,0.552523840,-0.139044065,0.662972418,True
12.628000000,0.545534796,-0.140141590,0.657548773,0.552560228,-0.139049349,0.662840641,True
12.630000000,0.545534796,-0.140141590,0.657548773,0.552596779,-0.139054659,0.662708536,True
12.632000000,0.545534796,-0.140141590,0.657548773,0.552633338,-0.139059959,0.662576688,True
12.634000000,0.545534796,-0.140141590,0.657548773,0.552669765,-0.139065219,0.662445555,True
12.636000000,0.545534796,-0.140141590,0.657548773,0.552705945,-0.139070415,0.662315501,True
12.638000000,0.545534796,-0.140141590,0.657548773,0.552741785,-0.139075533,0.662186817,True
12.640000000,0.545534796,-0.140141590,0.657548773,0.552777210,-0.139080560,0.662059729,True
12.642000000,0.545534796,-0.140141590,0.657548773,0.552812159,-0.139085490,0.661934414,True
12.644000000,0.545493870,-0.140290464,0.655956240,0.552847532,-0.139090544,0.661805621,True
12.646000000,0.545493870,-0.140290464,0.655956240,0.552883355,-0.139095709,0.661674751,True
12.648000000,0.545493870,-0.140290464,0.655956240,0.552919503,-0.139100943,0.661542804,True
12.650000000,0.545493870,-0.140290464,0.655956240,0.552955815,-0.139106204,0.661410529,True
12.652000000,0.545493870,-0.140290464,0.655956240,0.552992133,-0.139111454,0.661278510,True
12.654000000,0.545493870,-0.140290464,0.655956240,0.553028320,-0.139116664,0.661147208,True
12.656000000,0.545493870,-0.140290464,0.655956240,0.553064263,-0.139121812,0.661016987,True
12.658000000,0.545493870,-0.140290464,0.655956240,0.553099867,-0.139126881,0.660888137,True
12.660000000,0.545493870,-0.140290464,0.655956240,0.553135058,-0.139131860,0.660760886,True
12.662000000,0.545493870,-0.140290464,0.655956240,0.553169777,-0.139136743,0.660635410,True
12.664000000,0.545452944,-0.140439338,0.654363707,0.553204916,-0.139141749,0.660506453,True
12.666000000,0.545452944,-0.140439338,0.654363707,0.553240500,-0.139146864,0.660375417,True
12.668000000,0.545452944,-0.140439338,0.654363707,0.553276408,-0.139152048,0.660243301,True
12.670000000,0.545452944,-0.140439338,0.654363707,0.553312478,-0.139157259,0.660110856,True
12.672000000,0.545452944,-0.140439338,0.654363707,0.553348555,-0.139162459,0.659978668,True
12.674000000,0.545452944,-0.140439338,0.654363707,0.553384502,-0.139167619,0.659847197,True
12.676000000,0.545452944,-0.140439338,0.654363707,0.553420206,-0.139172718,0.659716809,True
12.678000000,0.545452944,-0.140439338,0.654363707,0.553455574,-0.139177738,0.659587795,True
12.680000000,0.545452944,-0.140439338,0.654363707,0.553490531,-0.139182669,0.659460382,True
12.682000000,0.545452944,-0.140439338,0.654363707,0.553525019,-0.139187505,0.659334747,True
12.684000000,0.545412018,-0.140588212,0.652771174,0.553559921,-0.139192462,0.659205628,True
12.686000000,0.545412018,-0.140588212,0.652771174,0.553595267,-0.139197528,0.659074426,True
12.688000000,0.545412018,-0.140588212,0.652771174,0.553630933,-0.139202663,0.658942142,True
12.690000000,0.545412018,-0.140588212,0.652771174,0.553666761,-0.139207824,0.658809529,True
12.692000000,0.545412018,-0.140588212,0.652771174,0.553702596,-0.139212974,0.658677172,True
12.694000000,0.545412018,-0.140588212,0.652771174,0.553738301,-0.139218085,0.658545534,True
12.696000000,0.545412018,-0.140588212,0.652771174,0.553773766,-0.139223133,0.658414980,True
12.698000000,0.545412018,-0.140588212,0.652771174,0.553808896,-0.139228105,0.658285802,True
12.700000000,0.545412018,-0.140588212,0.652771174,0.553843618,-0.139232988,0.658158227,True
12.702000000,0.545412018,-0.140588212,0.652771174,0.553877873,-0.139237776,0.658032434,True
12.704000000,0.545371093,-0.140737086,0.651178641,0.553912539,-0.139242685,0.657903153,True
12.706000000,0.545371093,-0.140737086,0.651178641,0.553947645,-0.139247701,0.657771786,True
12.708000000,0.545371093,-0.140737086,0.651178641,0.553983069,-0.139252786,0.657639336,True
12.710000000,0.545371093,-0.140737086,0.651178641,0.554018653,-0.139257897,0.657506555,True
12.712000000,0.545371093,-0.140737086,0.651178641,0.554054244,-0.139262998,0.657374031,True
12.714000000,0.545371093,-0.140737086,0.651178641,0.554089708,-0.139268059,0.657242226,True
12.716000000,0.545371093,-0.140737086,0.651178641,0.554124931,-0.139273058,0.657111508,True
12.718000000,0.545371093,-0.140737086,0.651178641,0.554159823,-0.139277981,0.656982167,True
12.720000000,0.545371093,-0.140737086,0.651178641,0.554194308,-0.139282815,0.656854433,True
12.722000000,0.545371093,-0.140737086,0.651178641,0.554228331,-0.139287555,0.656728484,True
12.724000000,0.545330167,-0.140885960,0.649586108,0.554262759,-0.139292415,0.656599042,True
12.726000000,0.545330167,-0.140885960,0.649586108,0.554297623,-0.139297382,0.656467512,True
12.728000000,0.545330167,-0.140885960,0.649586108,0.554332804,-0.139302417,0.656334896,True
12.730000000,0.545330167,-0.140885960,0.649586108,0.554368144,-0.139307478,0.656201949,True
12.732000000,0.545330167,-0.140885960,0.649586108,0.554403491,-0.139312528,0.656069259,True
12.734000000,0.545330167,-0.140885960,0.649586108,0.554438711,-0.139317539,0.655937289,True
12.736000000,0.545330167,-0.140885960,0.649586108,0.554473692,-0.139322488,0.655806407,True
12.738000000,0.545330167,-0.140885960,0.649586108,0.554508344,-0.139327362,0.655676905,True
12.740000000,0.545330167,-0.140885960,0.649586108,0.554542593,-0.139332148,0.655549012,True
12.742000000,0.545330167,-0.140885960,0.649586108,0.554576381,-0.139336841,0.655422906,True
12.744000000,0.545289241,-0.141034834,0.647993574,0.554610570,-0.139341652,0.655293305,True
12.746000000,0.545289241,-0.141034834,0.647993574,0.554645192,-0.139346569,0.655161613,True
12.748000000,0.545289241,-0.141034834,0.647993574,0.554680129,-0.139351554,0.655028832,True
12.750000000,0.545289241,-0.141034834,0.647993574,0.554715224,-0.139356564,0.654895720,True
12.752000000,0.545289241,-0.141034834,0.647993574,0.554750326,-0.139361564,0.654762864,True
12.754000000,0.545289241,-0.141034834,0.647993574,0.554785301,-0.139366524,0.654630731,True
12.756000000,0.545289241,-0.141034834,0.647993574,0.554820040,-0.139371424,0.654499687,True
12.758000000,0.545289241,-0.141034834,0.647993574,0.554854451,-0.139376248,0.654370024,True
12.760000000,0.545289241,-0.141034834,0.647993574,0.554888462,-0.139380986,0.654241973,True
12.762000000,0.545289241,-0.141034834,0.647993574,0.554922015,-0.139385630,0.654115712,True
12.764000000,0.545248316,-0.141183708,0.646401041,0.554955964,-0.139390393,0.653985953,True
12.766000000,0.545248316,-0.141183708,0.646401041,0.554990343,-0.139395260,0.653854099,True
12.768000000,0.545248316,-0.141183708,0.646401041,0.555025035,-0.139400195,0.653721155,True
12.770000000,0.545248316,-0.141183708,0.646401041,0.555059883,-0.139405154,0.653587878,True
12.772000000,0.545248316,-0.141183708,0.646401041,0.555094739,-0.139410104,0.653454859,True
12.774000000,0.545248316,-0.141183708,0.646401041,0.555129469,-0.139415014,0.653322562,True
12.776000000,0.545248316,-0.141183708,0.646401041,0.555163964,-0.139419864,0.653191357,True
12.778000000,0.545248316,-0.141183708,0.646401041,0.555198133,-0.139424639,0.653061535,True
12.780000000,0.545248316,-0.141183708,0.646401041,0.555231905,-0.139429328,0.652933327,True
12.782000000,0.545248316,-0.141183708,0.646401041,0.555265222,-0.139433924,0.652806912,True
12.784000000,0.545207390,-0.141332582,0.644808508,0.555298931,-0.139438637,0.652676995,True
12.786000000,0.545207390,-0.141332582,0.644808508,0.555333066,-0.139443455,0.652544980,True
12.788000000,0.545207390,-0.141332582,0.644808508,0.555367511,-0.139448339,0.652411874,True
12.790000000,0.545207390,-0.141332582,0.644808508,0.555402112,-0.139453248,0.652278434,True
12.792000000,0.545207390,-0.141332582,0.644808508,0.555436720,-0.139458146,0.652145251,True
12.794000000,0.545207390,-0.141332582,0.644808508,0.555471205,-0.139463006,0.652012792,True
12.796000000,0.545207390,-0.141332582,0.644808508,0.555505455,-0.139467806,0.651881427,True
12.798000000,0.545207390,-0.141332582,0.644808508,0.555539382,-0.139472531,0.651751447,True
12.800000000,0.545207390,-0.141332582,0.644808508,0.555572913,-0.139477171,0.651623083,True
12.802000000,0.545207390,-0.141332582,0.644808508,0.555605994,-0.139481718,0.651496514,True
12.804000000,0.545166464,-0.141481456,0.643215975,0.555639462,-0.139486382,0.651366440,True
12.806000000,0.545166464,-0.141481456,0.643215975,0.555673352,-0.139491149,0.651234266,True
12.808000000,0.545166464,-0.141481456,0.643215975,0.555707550,-0.139495982,0.651100998,True
12.810000000,0.545166464,-0.141481456,0.643215975,0.555741903,-0.139500840,0.650967396,True
12.812000000,0.545166464,-0.141481456,0.643215975,0.555776263,-0.139505688,0.650834051,True
12.814000000,0.545166464,-0.141481456,0.643215975,0.555810500,-0.139510497,0.650701431,True
12.816000000,0.545166464,-0.141481456,0.643215975,0.555844504,-0.139515246,0.650569906,True
12.818000000,0.545166464,-0.141481456,0.643215975,0.555878188,-0.139519922,0.650439769,True
12.820000000,0.545166464,-0.141481456,0.643215975,0.555911479,-0.139524512,0.650311250,True
12.822000000,0.545166464,-0.141481456,0.643215975,0.555944321,-0.139529012,0.650184529,True
12.824000000,0.545125539,-0.141630330,0.641623442,0.555977547,-0.139533626,0.650054300,True
12.826000000,0.545125539,-0.141630330,0.641623442,0.556011190,-0.139538343,0.649921968,True
12.828000000,0.545125539,-0.141630330,0.641623442,0.556045140,-0.139543125,0.649788540,True
12.830000000,0.545125539,-0.141630330,0.641623442,0.556079244,-0.139547932,0.649654776,True
12.832000000,0.545125539,-0.141630330,0.641623442,0.556113356,-0.139552728,0.649521271,True
12.834000000,0.545125539,-0.141630330,0.641623442,0.556147344,-0.139557486,0.649388491,True
12.836000000,0.545125539,-0.141630330,0.641623442,0.556181102,-0.139562185,0.649256807,True
12.838000000,0.545125539,-0.141630330,0.641623442,0.556214541,-0.139566811,0.649126514,True
12.840000000,0.545125539,-0.141630330,0.641623442,0.556247590,-0.139571352,0.648997841,True
12.842000000,0.545125539,-0.141630330,0.641623442,0.556280194,-0.139575803,0.648870969,True
12.844000000,0.545084613,-0.141779204,0.640030909,0.556313176,-0.139580368,0.648740587,True
12.846000000,0.545084613,-0.141779204,0.640030909,0.556346572,-0.139585034,0.648608097,True
12.848000000,0.545084613,-0.141779204,0.640030909,0.556380273,-0.139589765,0.648474510,True
12.850000000,0.545084613,-0.141779204,0.640030909,0.556414127,-0.139594521,0.648340587,True
12.852000000,0.545084613,-0.141779204,0.640030909,0.556447988,-0.139599266,0.648206922,True
12.854000000,0.545084613,-0.141779204,0.640030909,0.556481727,-0.139603974,0.648073983,True
12.856000000,0.545084613,-0.141779204,0.640030909,0.556515237,-0.139608623,0.647942143,True
12.858000000,0.545084613,-0.141779204,0.640030909,0.556548431,-0.139613198,0.647811695,True
12.860000000,0.545084613,-0.141779204,0.640030909,0.556581237,-0.139617690,0.647682870,True
12.862000000,0.545084613,-0.141779204,0.640030909,0.556613601,-0.139622093,0.647555848,True
12.864000000,0.545043687,-0.141928078,0.638438376,0.556646338,-0.139626607,0.647425312,True
12.866000000,0.545043687,-0.141928078,0.638438376,0.556679488,-0.139631223,0.647292667,True
12.868000000,0.545043687,-0.141928078,0.638438376,0.556712938,-0.139635903,0.647158922,True
12.870000000,0.545043687,-0.141928078,0.638438376,0.556746541,-0.139640607,0.647024840,True
12.872000000,0.545043687,-0.141928078,0.638438376,0.556780151,-0.139645301,0.646891016,True
12.874000000,0.545043687,-0.141928078,0.638438376,0.556813640,-0.139649957,0.646757920,True
12.876000000,0.545043687,-0.141928078,0.638438376,0.556846901,-0.139654555,0.646625923,True
12.878000000,0.545043687,-0.141928078,0.638438376,0.556879848,-0.139659081,0.646495321,True
12.880000000,0.545043687,-0.141928078,0.638438376,0.556912411,-0.139663523,0.646366344,True
12.882000000,0.545043687,-0.141928078,0.638438376,0.556944534,-0.139667876,0.646239174,True
12.884000000,0.545002762,-0.142076952,0.636845843,0.556879337,-0.139659812,0.646056227,True
12.886000000,0.545002762,-0.142076952,0.636845843,0.556807299,-0.139658556,0.645858718,True
12.888000000,0.545002762,-0.142076952,0.636845843,0.556733422,-0.139663604,0.645653890,True
12.890000000,0.545002762,-0.142076952,0.636845843,0.556659859,-0.139673608,0.645445690,True
12.892000000,0.545002762,-0.142076952,0.636845843,0.556587394,-0.139688131,0.645236002,True
12.894000000,0.545002762,-0.142076952,0.636845843,0.556516322,-0.139706201,0.645026197,True
12.896000000,0.545002762,-0.142076952,0.636845843,0.556446715,-0.139726987,0.644817232,True
12.898000000,0.545002762,-0.142076952,0.636845843,0.556378563,-0.139749812,0.644609807,True
12.900000000,0.545002762,-0.142076952,0.636845843,0.556311827,-0.139774127,0.644404449,True
12.902000000,0.545002762,-0.142076952,0.636845843,0.556246458,-0.139799493,0.644201561,True
12.904000000,0.544961836,-0.142225826,0.635253310,0.556237160,-0.139829980,0.644046305,True
12.906000000,0.544961836,-0.142225826,0.635253310,0.556249450,-0.139858442,0.643906513,True
12.908000000,0.544961836,-0.142225826,0.635253310,0.556271475,-0.139883178,0.643772478,True
12.910000000,0.544961836,-0.142225826,0.635253310,0.556298128,-0.139904220,0.643641022,True
12.912000000,0.544961836,-0.142225826,0.635253310,0.556327066,-0.139921886,0.643510821,True
12.914000000,0.544961836,-0.142225826,0.635253310,0.556357219,-0.139936353,0.643380965,True
12.916000000,0.544961836,-0.142225826,0.635253310,0.556388093,-0.139948192,0.643251747,True
12.918000000,0.544961836,-0.142225826,0.635253310,0.556419365,-0.139957886,0.643123488,True
12.920000000,0.544961836,-0.142225826,0.635253310,0.556450807,-0.139965836,0.642996476,True
12.922000000,0.544961836,-0.142225826,0.635253310,0.556482245,-0.139972373,0.642870950,True
12.924000000,0.544920910,-0.142374700,0.633660777,0.556513675,-0.139978403,0.642741233,True
12.926000000,0.544920910,-0.142374700,0.633660777,0.556545422,-0.139984098,0.642609060,True
12.928000000,0.544920910,-0.142374700,0.633660777,0.556577485,-0.139989536,0.642475593,True
12.930000000,0.544920910,-0.142374700,0.633660777,0.556609749,-0.139994753,0.642341670,True
12.932000000,0.544920910,-0.142374700,0.633660777,0.556642076,-0.139999772,0.642207925,True
12.934000000,0.544920910,-0.142374700,0.633660777,0.556674337,-0.140004607,0.642074852,True
12.936000000,0.544920910,-0.142374700,0.633660777,0.556706419,-0.140009271,0.641942840,True
12.938000000,0.544920910,-0.142374700,0.633660777,0.556738230,-0.140013774,0.641812193,True
12.940000000,0.544920910,-0.142374700,0.633660777,0.556769695,-0.140018128,0.641683151,True
12.942000000,0.544920910,-0.142374700,0.633660777,0.556800755,-0.140022341,0.641555900,True
12.944000000,0.544879984,-0.142523575,0.632068244,0.556734062,-0.140014141,0.641373798,True
12.946000000,0.544879984,-0.142523575,0.632068244,0.556660794,-0.140012966,0.641176923,True
12.948000000,0.544879984,-0.142523575,0.632068244,0.556585802,-0.140018268,0.640972420,True
12.950000000,0.544879984,-0.142523575,0.632068244,0.556511146,-0.140029035,0.640764057,True
12.952000000,0.544879984,-0.142523575,0.632068244,0.556437639,-0.140044215,0.640554024,True
12.954000000,0.544879984,-0.142523575,0.632068244,0.556365562,-0.140062862,0.640343733,True
12.956000000,0.544879984,-0.142523575,0.632068244,0.556294983,-0.140084175,0.640134166,True
12.958000000,0.544879984,-0.142523575,0.632068244,0.556225890,-0.140107496,0.639926043,True
12.960000000,0.544879984,-0.142523575,0.632068244,0.556158239,-0.140132291,0.639719912,True
12.962000000,0.544879984,-0.142523575,0.632068244,0.556091982,-0.140158131,0.639516191,True
12.964000000,0.544839059,-0.142672449,0.630475711,0.556081854,-0.140188964,0.639359738,True
12.966000000,0.544839059,-0.142672449,0.630475711,0.556093262,-0.140217643,0.639218762,True
12.968000000,0.544839059,-0.142672449,0.630475711,0.556114376,-0.140242490,0.639083612,True
12.970000000,0.544839059,-0.142672449,0.630475711,0.556140112,-0.140263362,0.638950759,True
12.972000000,0.544839059,-0.142672449,0.630475711,0.556168181,-0.140280867,0.638819502,True
12.974000000,0.544839059,-0.142672449,0.630475711,0.556197436,-0.140295464,0.638689459,True
12.976000000,0.544839059,-0.142672449,0.630475711,0.556227318,-0.140307319,0.638560018,True
12.978000000,0.544839059,-0.142672449,0.630475711,0.556257568,-0.140316953,0.638431550,True
12.980000000,0.544839059,-0.142672449,0.630475711,0.556287982,-0.140324791,0.638304359,True
12.982000000,0.544839059,-0.142672449,0.630475711,0.556318398,-0.140331177,0.638178691,True
12.984000000,0.544798133,-0.142821323,0.628883178,0.556279255,-0.140330619,0.637983626,True
12.986000000,0.544798133,-0.142821323,0.628883178,0.556221796,-0.140333480,0.637770381,True
12.988000000,0.544798133,-0.142821323,0.628883178,0.556157109,-0.140340983,0.637550515,True
12.990000000,0.544798133,-0.142821323,0.628883178,0.556089947,-0.140352942,0.637329191,True
12.992000000,0.544798133,-0.142821323,0.628883178,0.556022318,-0.140368694,0.637108843,True
12.994000000,0.544798133,-0.142821323,0.628883178,0.555955121,-0.140387075,0.636890878,True
12.996000000,0.544798133,-0.142821323,0.628883178,0.555888650,-0.140408048,0.636675626,True
12.998000000,0.544798133,-0.142821323,0.628883178,0.555823076,-0.140430989,0.636463479,True
13.000000000,0.544798133,-0.142821323,0.628883178,0.555758478,-0.140455373,0.636254705,True
13.002000000,0.544798133,-0.142821323,0.628883178,0.555694891,-0.140480778,0.636049480,True
13.004000000,0.544757207,-0.142970197,0.627290644,0.555686178,-0.140511114,0.635890848,True
13.006000000,0.544757207,-0.142970197,0.627290644,0.555698049,-0.140539262,0.635747482,True
13.008000000,0.544757207,-0.142970197,0.627290644,0.555719184,-0.140563633,0.635610192,True
13.010000000,0.544757207,-0.142970197,0.627290644,0.555744692,-0.140584100,0.635475542,True
13.012000000,0.544757207,-0.142970197,0.627290644,0.555772384,-0.140601047,0.635342375,True
13.014000000,0.544757207,-0.142970197,0.627290644,0.555801219,-0.140614987,0.635210429,True
13.016000000,0.544757207,-0.142970197,0.627290644,0.555830653,-0.140626421,0.635079765,True
13.018000000,0.544757207,-0.142970197,0.627290644,0.555860368,-0.140635794,0.634950540,True
13.020000000,0.544757207,-0.142970197,0.627290644,0.555890155,-0.140643478,0.634822923,True
13.022000000,0.544757207,-0.142970197,0.627290644,0.555919866,-0.140649783,0.634697071,True
13.024000000,0.544716282,-0.143119071,0.625698111,0.555949495,-0.140655592,0.634567161,True
13.026000000,0.544716282,-0.143119071,0.625698111,0.555979382,-0.140661066,0.634434877,True
13.028000000,0.544716282,-0.143119071,0.625698111,0.556009542,-0.140666276,0.634301350,True
13.030000000,0.544716282,-0.143119071,0.625698111,0.556039877,-0.140671258,0.634167388,True
13.032000000,0.544716282,-0.143119071,0.625698111,0.556070266,-0.140676032,0.634033620,True
13.034000000,0.544716282,-0.143119071,0.625698111,0.556100590,-0.140680614,0.633900529,True
13.036000000,0.544716282,-0.143119071,0.625698111,0.556130745,-0.140685015,0.633768502,True
13.038000000,0.544716282,-0.143119071,0.625698111,0.556160648,-0.140689247,0.633637846,True
13.040000000,0.544716282,-0.143119071,0.625698111,0.556190226,-0.140693321,0.633508798,True
13.042000000,0.544716282,-0.143119071,0.625698111,0.556219426,-0.140697246,0.633381542,True
13.044000000,0.544675356,-0.143267945,0.624105578,0.556178993,-0.140694879,0.633186028,True
13.046000000,0.544675356,-0.143267945,0.624105578,0.556120438,-0.140696526,0.632972798,True
13.048000000,0.544675356,-0.143267945,0.624105578,0.556054651,-0.140703252,0.632753082,True
13.050000000,0.544675356,-0.143267945,0.624105578,0.555986343,-0.140714762,0.632531922,True
13.052000000,0.544675356,-0.143267945,0.624105578,0.555917524,-0.140730333,0.632311688,True
13.054000000,0.544675356,-0.143267945,0.624105578,0.555849054,-0.140749168,0.632093584,True
13.056000000,0.544675356,-0.143267945,0.624105578,0.555781307,-0.140770545,0.631878262,True
13.058000000,0.544675356,-0.143267945,0.624105578,0.555714454,-0.140793841,0.631666111,True
13.060000000,0.544675356,-0.143267945,0.624105578,0.555648580,-0.140818558,0.631457378,True
13.062000000,0.544675356,-0.143267945,0.624105578,0.555583727,-0.140844306,0.631252225,True
13.064000000,0.544634430,-0.143416819,0.622513045,0.555573938,-0.140874886,0.631093252,True
13.066000000,0.544634430,-0.143416819,0.622513045,0.555584705,-0.140903151,0.630949422,True
13.068000000,0.544634430,-0.143416819,0.622513045,0.555604743,-0.140927556,0.630811657,True
13.070000000,0.544634430,-0.143416819,0.622513045,0.555629167,-0.140947992,0.630676575,True
13.072000000,0.544634430,-0.143416819,0.622513045,0.555655787,-0.140964853,0.630543046,True
13.074000000,0.544634430,-0.143416819,0.622513045,0.555683562,-0.140978664,0.630410851,True
13.076000000,0.544634430,-0.143416819,0.622513045,0.555711940,-0.140990133,0.630280463,True
13.078000000,0.544634430,-0.143416819,0.622513045,0.555740545,-0.140999420,0.630151298,True
13.080000000,0.544634430,-0.143416819,0.622513045,0.555769228,-0.141006951,0.630023596,True
13.082000000,0.544634430,-0.143416819,0.622513045,0.555797864,-0.141013057,0.629897574,True
13.084000000,0.544593505,-0.143565693,0.620920512,0.555826417,-0.141018640,0.629767422,True
13.086000000,0.544593505,-0.143565693,0.620920512,0.555855228,-0.141023871,0.629634854,True
13.088000000,0.544593505,-0.143565693,0.620920512,0.555884316,-0.141028832,0.629501025,True
13.090000000,0.544593505,-0.143565693,0.620920512,0.555913586,-0.141033561,0.629366773,True
13.092000000,0.544593505,-0.143565693,0.620920512,0.555942915,-0.141038083,0.629232733,True
13.094000000,0.544593505,-0.143565693,0.620920512,0.555972184,-0.141042416,0.629099398,True
13.096000000,0.544593505,-0.143565693,0.620920512,0.556001291,-0.141046574,0.628967155,True
13.098000000,0.544593505,-0.143565693,0.620920512,0.556030152,-0.141050570,0.628836307,True
13.100000000,0.544593505,-0.143565693,0.620920512,0.556058696,-0.141054416,0.628707091,True
13.102000000,0.544593505,-0.143565693,0.620920512,0.556086871,-0.141058123,0.628579692,True
13.104000000,0.544552579,-0.143714567,0.619327979,0.556045245,-0.141055654,0.628384769,True
13.106000000,0.544552579,-0.143714567,0.619327979,0.555985593,-0.141057363,0.628172247,True
13.108000000,0.544552579,-0.143714567,0.619327979,0.555918719,-0.141064267,0.627953178,True
13.110000000,0.544552579,-0.143714567,0.619327979,0.555849317,-0.141076040,0.627732569,True
13.112000000,0.544552579,-0.143714567,0.619327979,0.555779401,-0.141091922,0.627512789,True
13.114000000,0.544552579,-0.143714567,0.619327979,0.555709889,-0.141110706,0.627295291,True
13.116000000,0.544552579,-0.143714567,0.619327979,0.555641090,-0.141132271,0.627080396,True
13.118000000,0.544552579,-0.143714567,0.619327979,0.555573189,-0.141155943,0.626868535,True
13.120000000,0.544552579,-0.143714567,0.619327979,0.555506275,-0.141181170,0.626659985,True
13.122000000,0.544552579,-0.143714567,0.619327979,0.555440394,-0.141207502,0.626454925,True
13.124000000,0.544511653,-0.143863441,0.617735446,0.555429624,-0.141238576,0.626295459,True
13.126000000,0.544511653,-0.143863441,0.617735446,0.555439311,-0.141267215,0.626150908,True
13.128000000,0.544511653,-0.143863441,0.617735446,0.555458257,-0.141291891,0.626012465,True
13.130000000,0.544511653,-0.143863441,0.617735446,0.555481587,-0.141312511,0.625876800,True
13.132000000,0.544511653,-0.143863441,0.617735446,0.555507117,-0.141329482,0.625742784,True
13.134000000,0.544511653,-0.143863441,0.617735446,0.555533805,-0.141343338,0.625610154,True
13.136000000,0.544511653,-0.143863441,0.617735446,0.555561109,-0.141354606,0.625478974,True
13.138000000,0.544511653,-0.143863441,0.617735446,0.555588706,-0.141363746,0.625349359,True
13.140000000,0.544511653,-0.143863441,0.617735446,0.555616390,-0.141371147,0.625221447,True
13.142000000,0.544511653,-0.143863441,0.617735446,0.555644019,-0.141377131,0.625095368,True
13.144000000,0.544470728,-0.144012315,0.616142913,0.555671517,-0.141382596,0.624965229,True
13.146000000,0.544470728,-0.144012315,0.616142913,0.555699234,-0.141387704,0.624832673,True
13.148000000,0.544470728,-0.144012315,0.616142913,0.555727206,-0.141392534,0.624698840,True
13.150000000,0.544470728,-0.144012315,0.616142913,0.555755351,-0.141397128,0.624564571,True
13.152000000,0.544470728,-0.144012315,0.616142913,0.555783552,-0.141401510,0.624430496,True
13.154000000,0.544470728,-0.144012315,0.616142913,0.555811700,-0.141405698,0.624297111,True
13.156000000,0.544470728,-0.144012315,0.616142913,0.555839696,-0.141409705,0.624164809,True
13.158000000,0.544470728,-0.144012315,0.616142913,0.555867458,-0.141413545,0.624033896,True
13.160000000,0.544470728,-0.144012315,0.616142913,0.555894921,-0.141417229,0.623904612,True
13.162000000,0.544470728,-0.144012315,0.616142913,0.555922031,-0.141420769,0.623777142,True
13.164000000,0.544429802,-0.144161189,0.614550380,0.555949420,-0.141424375,0.623646112,True
13.166000000,0.544429802,-0.144161189,0.614550380,0.555977153,-0.141428046,0.623512936,True
13.168000000,0.544429802,-0.144161189,0.614550380,0.556005149,-0.141431757,0.623378640,True
13.170000000,0.544429802,-0.144161189,0.614550380,0.556033283,-0.141435476,0.623244004,True
13.172000000,0.544429802,-0.144161189,0.614550380,0.556061432,-0.141439176,0.623109635,True
13.174000000,0.544429802,-0.144161189,0.614550380,0.556089485,-0.141442836,0.622976011,True
13.176000000,0.544429802,-0.144161189,0.614550380,0.556117350,-0.141446439,0.622843511,True
13.178000000,0.544429802,-0.144161189,0.614550380,0.556144952,-0.141449975,0.622712432,True
13.180000000,0.544429802,-0.144161189,0.614550380,0.556172231,-0.141453437,0.622583008,True
13.182000000,0.544429802,-0.144161189,0.614550380,0.556199138,-0.141456821,0.622455418,True
13.184000000,0.544388876,-0.144310063,0.612957847,0.556154936,-0.141454227,0.622260267,True
13.186000000,0.544388876,-0.144310063,0.612957847,0.556091902,-0.141456059,0.622046794,True
13.188000000,0.544388876,-0.144310063,0.612957847,0.556021307,-0.141463354,0.621826327,True
13.190000000,0.544388876,-0.144310063,0.612957847,0.555948060,-0.141475765,0.621604021,True
13.192000000,0.544388876,-0.144310063,0.612957847,0.555874273,-0.141492499,0.621382341,True
13.194000000,0.544388876,-0.144310063,0.612957847,0.555800859,-0.141512720,0.621162552,True
13.196000000,0.544388876,-0.144310063,0.612957847,0.555728271,-0.141535249,0.620945625,True
13.198000000,0.544388876,-0.144310063,0.612957847,0.555656619,-0.141560040,0.620731634,True
13.200000000,0.544388876,-0.144310063,0.612957847,0.555586006,-0.141586502,0.620520891,True
13.202000000,0.544388876,-0.144310063,0.612957847,0.555516484,-0.141614156,0.620313598,True
13.204000000,0.544347950,-0.144458937,0.611365314,0.555503088,-0.141646425,0.620151978,True
13.206000000,0.544347950,-0.144458937,0.611365314,0.555510857,-0.141676080,0.620005816,True
13.208000000,0.544347950,-0.144458937,0.611365314,0.555528193,-0.141701552,0.619866121,True
13.210000000,0.544347950,-0.144458937,0.611365314,0.555550056,-0.141722754,0.619729474,True
13.212000000,0.544347950,-0.144458937,0.611365314,0.555574186,-0.141740122,0.619594677,True
13.214000000,0.544347950,-0.144458937,0.611365314,0.555599516,-0.141754225,0.619461450,True
13.216000000,0.544347950,-0.144458937,0.611365314,0.555625482,-0.141765613,0.619329775,True
13.218000000,0.544347950,-0.144458937,0.611365314,0.555651763,-0.141774772,0.619199753,True
13.220000000,0.544347950,-0.144458937,0.611365314,0.555678153,-0.141782111,0.619071508,True
13.222000000,0.544347950,-0.144458937,0.611365314,0.555704507,-0.141787968,0.618945156,True
13.224000000,0.544307025,-0.144607811,0.609772781,0.555730685,-0.141793273,0.618814747,True
13.226000000,0.544307025,-0.144607811,0.609772781,0.555757058,-0.141798199,0.618681961,True
13.228000000,0.544307025,-0.144607811,0.609772781,0.555783666,-0.141802824,0.618547901,True
13.230000000,0.544307025,-0.144607811,0.609772781,0.555810434,-0.141807199,0.618413391,True
13.232000000,0.544307025,-0.144607811,0.609772781,0.555837261,-0.141811351,0.618279083,True
13.234000000,0.544307025,-0.144607811,0.609772781,0.555864040,-0.141815303,0.618145469,True
13.236000000,0.544307025,-0.144607811,0.609772781,0.555890677,-0.141819072,0.618012943,True
13.238000000,0.544307025,-0.144607811,0.609772781,0.555917094,-0.141822671,0.617881815,True
13.240000000,0.544307025,-0.144607811,0.609772781,0.555943228,-0.141826113,0.617752328,True
13.242000000,0.544307025,-0.144607811,0.609772781,0.555969026,-0.141829411,0.617624666,True
13.244000000,0.544266099,-0.144756685,0.608180248,0.555923967,-0.141826839,0.617430365,True
13.246000000,0.544266099,-0.144756685,0.608180248,0.555860473,-0.141828852,0.617218004,True
13.248000000,0.544266099,-0.144756685,0.608180248,0.555789551,-0.141836415,0.616998609,True
13.250000000,0.544266099,-0.144756685,0.608180248,0.555716023,-0.141849151,0.616777242,True
13.252000000,0.544266099,-0.144756685,0.608180248,0.555641972,-0.141866260,0.616556362,True
13.254000000,0.544266099,-0.144756685,0.608180248,0.555568299,-0.141886885,0.616337252,True
13.256000000,0.544266099,-0.144756685,0.608180248,0.555495406,-0.141910247,0.616120645,True
13.258000000,0.544266099,-0.144756685,0.608180248,0.555423478,-0.141935689,0.615906995,True
13.260000000,0.544266099,-0.144756685,0.608180248,0.555352606,-0.141962666,0.615696602,True
13.262000000,0.544266099,-0.144756685,0.608180248,0.555282837,-0.141990737,0.615489668,True
13.264000000,0.544225173,-0.144905559,0.606587714,0.555268936,-0.142023206,0.615327779,True
13.266000000,0.544225173,-0.144905559,0.606587714,0.555275838,-0.142052870,0.615181066,True
13.268000000,0.544225173,-0.144905559,0.606587714,0.555292177,-0.142078247,0.615040775,True
13.270000000,0.544225173,-0.144905559,0.606587714,0.555312997,-0.142099298,0.614903571,True
13.272000000,0.544225173,-0.144905559,0.606587714,0.555336068,-0.142116483,0.614768290,True
13.274000000,0.544225173,-0.144905559,0.606587714,0.555360331,-0.142130378,0.614634634,True
13.276000000,0.544225173,-0.144905559,0.606587714,0.555385238,-0.142141546,0.614502627,True
13.278000000,0.544225173,-0.144905559,0.606587714,0.555410463,-0.142150477,0.614372351,True
13.280000000,0.544225173,-0.144905559,0.606587714,0.555435802,-0.142157584,0.614243916,True
13.282000000,0.544225173,-0.144905559,0.606587714,0.555461113,-0.142163211,0.614117426,True
13.284000000,0.544184248,-0.145054433,0.604995181,0.555486227,-0.142168287,0.613986898,True
13.286000000,0.544184248,-0.145054433,0.604995181,0.555511515,-0.142172982,0.613853968,True
13.288000000,0.544184248,-0.145054433,0.604995181,0.555537032,-0.142177381,0.613719789,True
13.290000000,0.544184248,-0.145054433,0.604995181,0.555562705,-0.142181531,0.613585183,True
13.292000000,0.544184248,-0.145054433,0.604995181,0.555588434,-0.142185459,0.613450796,True
13.294000000,0.544184248,-0.145054433,0.604995181,0.555614117,-0.142189189,0.613317118,True
13.296000000,0.544184248,-0.145054433,0.604995181,0.555639663,-0.142192737,0.613184544,True
13.298000000,0.544184248,-0.145054433,0.604995181,0.555664996,-0.142196120,0.613053379,True
13.300000000,0.544184248,-0.145054433,0.604995181,0.555690057,-0.142199350,0.612923863,True
13.302000000,0.544184248,-0.145054433,0.604995181,0.555714794,-0.142202442,0.612796182,True
13.304000000,0.544143322,-0.145203308,0.603402648,0.555668991,-0.142199831,0.612602743,True
13.306000000,0.544143322,-0.145203308,0.603402648,0.555605224,-0.142201994,0.612391559,True
13.308000000,0.544143322,-0.145203308,0.603402648,0.555534182,-0.142209805,0.612173326,True
13.310000000,0.544143322,-0.145203308,0.603402648,0.555460579,-0.142222843,0.611953011,True
13.312000000,0.544143322,-0.145203308,0.603402648,0.555386468,-0.142240292,0.611733041,True
13.314000000,0.544143322,-0.145203308,0.603402648,0.555312740,-0.142261281,0.611514706,True
13.316000000,0.544143322,-0.145203308,0.603402648,0.555239793,-0.142285015,0.611298760,True
13.318000000,0.544143322,-0.145203308,0.603402648,0.555167814,-0.142310833,0.611085676,True
13.320000000,0.544143322,-0.145203308,0.603402648,0.555096897,-0.142338208,0.610875767,True
13.322000000,0.544143322,-0.145203308,0.603402648,0.555027085,-0.142366690,0.610669249,True
13.324000000,0.544102396,-0.145352182,0.601810115,0.555012786,-0.142399418,0.610507037,True
13.326000000,0.544102396,-0.145352182,0.601810115,0.555018862,-0.142429178,0.610359650,True
13.328000000,0.544102396,-0.145352182,0.601810115,0.555034221,-0.142454562,0.610218661,True
13.330000000,0.544102396,-0.145352182,0.601810115,0.555054001,-0.142475567,0.610080841,True
13.332000000,0.544102396,-0.145352182,0.601810115,0.555076007,-0.142492665,0.609945046,True
13.334000000,0.544102396,-0.145352182,0.601810115,0.555099196,-0.142506444,0.609810972,True
13.336000000,0.544102396,-0.145352182,0.601810115,0.555123025,-0.142517472,0.609678633,True
13.338000000,0.544102396,-0.145352182,0.601810115,0.555147176,-0.142526247,0.609548098,True
13.340000000,0.544102396,-0.145352182,0.601810115,0.555171447,-0.142533185,0.609419466,True
13.342000000,0.544102396,-0.145352182,0.601810115,0.555195699,-0.142538632,0.609292830,True
13.344000000,0.544061471,-0.145501056,0.600217582,0.555219740,-0.142543518,0.609162187,True
13.346000000,0.544061471,-0.145501056,0.600217582,0.555243943,-0.142548021,0.609029195,True
13.348000000,0.544061471,-0.145501056,0.600217582,0.555268357,-0.142552222,0.608894947,True
13.350000000,0.544061471,-0.145501056,0.600217582,0.555292920,-0.142556167,0.608760269,True
13.352000000,0.544061471,-0.145501056,0.600217582,0.555317540,-0.142559890,0.608625806,True
13.354000000,0.544061471,-0.145501056,0.600217582,0.555342118,-0.142563412,0.608492062,True
13.356000000,0.544061471,-0.145501056,0.600217582,0.555366567,-0.142566752,0.608359429,True
13.358000000,0.544061471,-0.145501056,0.600217582,0.555390815,-0.142569927,0.608228216,True
13.360000000,0.544061471,-0.145501056,0.600217582,0.555414801,-0.142572952,0.608098660,True
13.362000000,0.544061471,-0.145501056,0.600217582,0.555438478,-0.142575840,0.607970945,True
13.364000000,0.544020545,-0.145649930,0.598625049,0.555392038,-0.142573191,0.607778426,True
13.366000000,0.544020545,-0.145649930,0.598625049,0.555328164,-0.142575511,0.607568460,True
13.368000000,0.544020545,-0.145649930,0.598625049,0.555257192,-0.142583577,0.607351409,True
13.370000000,0.544020545,-0.145649930,0.598625049,0.555183719,-0.142596929,0.607132129,True
13.372000000,0.544020545,-0.145649930,0.598625049,0.555109753,-0.142614724,0.606913043,True
13.374000000,0.544020545,-0.145649930,0.598625049,0.555036174,-0.142636081,0.606695454,True
13.376000000,0.544020545,-0.145649930,0.598625049,0.554963376,-0.142660213,0.606480132,True
13.378000000,0.544020545,-0.145649930,0.598625049,0.554891546,-0.142686447,0.606267569,True
13.380000000,0.544020545,-0.145649930,0.598625049,0.554820772,-0.142714233,0.606058101,True
13.382000000,0.544020545,-0.145649930,0.598625049,0.554751102,-0.142743120,0.605851959,True
13.384000000,0.543979619,-0.145798804,0.597032516,0.554736506,-0.142776091,0.605689378,True
13.386000000,0.543979619,-0.145798804,0.597032516,0.554741801,-0.142805913,0.605541272,True
13.388000000,0.543979619,-0.145798804,0.597032516,0.554756199,-0.142831265,0.605399545,True
13.390000000,0.543979619,-0.145798804,0.597032516,0.554774945,-0.142852179,0.605261072,True
13.392000000,0.543979619,-0.145798804,0.597032516,0.554795890,-0.142869149,0.605124735,True
13.394000000,0.543979619,-0.145798804,0.597032516,0.554818006,-0.142882775,0.604990226,True
13.396000000,0.543979619,-0.145798804,0.597032516,0.554840761,-0.142893633,0.604857548,True
13.398000000,0.543979619,-0.145798804,0.597032516,0.554863839,-0.142902225,0.604726754,True
13.400000000,0.543979619,-0.145798804,0.597032516,0.554887044,-0.142908972,0.604597928,True
13.402000000,0.543979619,-0.145798804,0.597032516,0.554910237,-0.142914222,0.604471155,True
13.404000000,0.543938694,-0.145947678,0.595439983,0.554933205,-0.142918909,0.604340401,True
13.406000000,0.543938694,-0.145947678,0.595439983,0.554956316,-0.142923202,0.604207276,True
13.408000000,0.543938694,-0.145947678,0.595439983,0.554979633,-0.142927191,0.604072914,True
13.410000000,0.543938694,-0.145947678,0.595439983,0.555003097,-0.142930925,0.603938154,True
13.412000000,0.543938694,-0.145947678,0.595439983,0.555026615,-0.142934435,0.603803631,True
13.414000000,0.543938694,-0.145947678,0.595439983,0.555050094,-0.142937746,0.603669846,True
13.416000000,0.543938694,-0.145947678,0.595439983,0.555073450,-0.142940877,0.603537186,True
13.418000000,0.543938694,-0.145947678,0.595439983,0.555096612,-0.142943845,0.603405957,True
13.420000000,0.543938694,-0.145947678,0.595439983,0.555119524,-0.142946665,0.603276393,True
13.422000000,0.543938694,-0.145947678,0.595439983,0.555142139,-0.142949353,0.603148680,True
13.424000000,0.543897768,-0.146096552,0.593847450,0.555164938,-0.142952084,0.603017381,True
13.426000000,0.543897768,-0.146096552,0.593847450,0.555188010,-0.142954868,0.602883914,True
13.428000000,0.543897768,-0.146096552,0.593847450,0.555211303,-0.142957684,0.602749318,True
13.430000000,0.543897768,-0.146096552,0.593847450,0.555234718,-0.142960506,0.602614381,True
13.432000000,0.543897768,-0.146096552,0.593847450,0.555258149,-0.142963310,0.602479722,True
13.434000000,0.543897768,-0.146096552,0.593847450,0.555281505,-0.142966079,0.602345824,True
13.436000000,0.543897768,-0.146096552,0.593847450,0.555304705,-0.142968800,0.602213069,True
13.438000000,0.543897768,-0.146096552,0.593847450,0.555327685,-0.142971463,0.602081755,True
13.440000000,0.543897768,-0.146096552,0.593847450,0.555350394,-0.142974063,0.601952117,True
13.442000000,0.543897768,-0.146096552,0.593847450,0.555372792,-0.142976598,0.601824334,True
13.444000000,0.543856842,-0.146245426,0.592254917,0.555324508,-0.142973911,0.601632018,True
13.446000000,0.543856842,-0.146245426,0.592254917,0.555258510,-0.142976504,0.601421777,True
13.448000000,0.543856842,-0.146245426,0.592254917,0.555185276,-0.142985109,0.601204027,True
13.450000000,0.543856842,-0.146245426,0.592254917,0.555109482,-0.142999220,0.600983704,True
13.452000000,0.543856842,-0.146245426,0.592254917,0.555033182,-0.143017950,0.600763295,True
13.454000000,0.543856842,-0.146245426,0.592254917,0.554957277,-0.143040372,0.600544170,True
13.456000000,0.543856842,-0.146245426,0.592254917,0.554882177,-0.143065667,0.600327150,True
13.458000000,0.543856842,-0.146245426,0.592254917,0.554808074,-0.143093142,0.600112770,True
13.460000000,0.543856842,-0.146245426,0.592254917,0.554735060,-0.143122225,0.599901396,True
13.462000000,0.543856842,-0.146245426,0.592254917,0.554663190,-0.143152466,0.599693284,True
13.464000000,0.543815916,-0.146394300,0.590662384,0.554646791,-0.143186543,0.599528588,True
13.466000000,0.543815916,-0.146394300,0.590662384,0.554650500,-0.143217228,0.599378623,True
13.468000000,0.543815916,-0.146394300,0.590662384,0.554663427,-0.143243221,0.599235373,True
13.470000000,0.543815916,-0.146394300,0.590662384,0.554680760,-0.143264582,0.599095685,True
13.472000000,0.543815916,-0.146394300,0.590662384,0.554700319,-0.143281836,0.598958397,True
13.474000000,0.543815916,-0.146394300,0.590662384,0.554721072,-0.143295617,0.598823176,True
13.476000000,0.543815916,-0.146394300,0.590662384,0.554742472,-0.143306524,0.598689934,True
13.478000000,0.543815916,-0.146394300,0.590662384,0.554764211,-0.143315082,0.598558699,True
13.480000000,0.543815916,-0.146394300,0.590662384,0.554786092,-0.143321728,0.598429536,True
13.482000000,0.543815916,-0.146394300,0.590662384,0.554807981,-0.143326826,0.598302511,True
13.484000000,0.543774991,-0.146543174,0.589069851,0.554829610,-0.143331330,0.598171531,True
13.486000000,0.543774991,-0.146543174,0.589069851,0.554851358,-0.143335415,0.598038201,True
13.488000000,0.543774991,-0.146543174,0.589069851,0.554873294,-0.143339178,0.597903647,True
13.490000000,0.543774991,-0.146543174,0.589069851,0.554895373,-0.143342674,0.597768711,True
13.492000000,0.543774991,-0.146543174,0.589069851,0.554917506,-0.143345938,0.597634027,True
13.494000000,0.543774991,-0.146543174,0.589069851,0.554939605,-0.143348996,0.597500094,True
13.496000000,0.543774991,-0.146543174,0.589069851,0.554961590,-0.143351871,0.597367300,True
13.498000000,0.543774991,-0.146543174,0.589069851,0.554983395,-0.143354582,0.597235950,True
13.500000000,0.543774991,-0.146543174,0.589069851,0.555004964,-0.143357146,0.597106278,True
13.502000000,0.543774991,-0.146543174,0.589069851,0.555026255,-0.143359577,0.596978467,True
13.504000000,0.543734065,-0.146692048,0.587477318,0.554977590,-0.143356948,0.596787200,True
13.506000000,0.543734065,-0.146692048,0.587477318,0.554911972,-0.143359792,0.596578412,True
13.508000000,0.543734065,-0.146692048,0.587477318,0.554839387,-0.143368720,0.596362106,True
13.510000000,0.543734065,-0.146692048,0.587477318,0.554764333,-0.143383177,0.596143081,True
13.512000000,0.543734065,-0.146692048,0.587477318,0.554688796,-0.143402260,0.595923808,True
13.514000000,0.543734065,-0.146692048,0.587477318,0.554613658,-0.143425046,0.595705662,True
13.516000000,0.543734065,-0.146692048,0.587477318,0.554539314,-0.143450706,0.595489486,True
13.518000000,0.543734065,-0.146692048,0.587477318,0.554465954,-0.143478542,0.595275837,True
13.520000000,0.543734065,-0.146692048,0.587477318,0.554393672,-0.143507978,0.595065105,True
13.522000000,0.543734065,-0.146692048,0.587477318,0.554322521,-0.143538551,0.594857562,True
13.524000000,0.543693139,-0.146840922,0.585884784,0.554306160,-0.143572758,0.594692593,True
13.526000000,0.543693139,-0.146840922,0.585884784,0.554309217,-0.143603372,0.594541936,True
13.528000000,0.543693139,-0.146840922,0.585884784,0.554321225,-0.143629207,0.594397942,True
13.530000000,0.543693139,-0.146840922,0.585884784,0.554337534,-0.143650373,0.594257583,True
13.532000000,0.543693139,-0.146840922,0.585884784,0.554356026,-0.143667415,0.594119726,True
13.534000000,0.543693139,-0.146840922,0.585884784,0.554375693,-0.143680973,0.593984020,True
13.536000000,0.543693139,-0.146840922,0.585884784,0.554396007,-0.143691655,0.593850415,True
13.538000000,0.543693139,-0.146840922,0.585884784,0.554416663,-0.143699986,0.593718919,True
13.540000000,0.543693139,-0.146840922,0.585884784,0.554437466,-0.143706408,0.593589573,True
13.542000000,0.543693139,-0.146840922,0.585884784,0.554458283,-0.143711286,0.593462429,True
13.544000000,0.543652214,-0.146989796,0.584292251,0.554478831,-0.143715570,0.593331365,True
13.546000000,0.543652214,-0.146989796,0.584292251,0.554499485,-0.143719435,0.593197972,True
13.548000000,0.543652214,-0.146989796,0.584292251,0.554520316,-0.143722976,0.593063370,True
13.550000000,0.543652214,-0.146989796,0.584292251,0.554541285,-0.143726248,0.592928402,True
13.552000000,0.543652214,-0.146989796,0.584292251,0.554562307,-0.143729290,0.592793701,True
13.554000000,0.543652214,-0.146989796,0.584292251,0.554583297,-0.143732127,0.592659761,True
13.556000000,0.543652214,-0.146989796,0.584292251,0.554604181,-0.143734784,0.592526970,True
13.558000000,0.543652214,-0.146989796,0.584292251,0.554624894,-0.143737280,0.592395632,True
13.560000000,0.543652214,-0.146989796,0.584292251,0.554645384,-0.143739631,0.592265980,True
13.562000000,0.543652214,-0.146989796,0.584292251,0.554665608,-0.143741854,0.592138196,True
13.564000000,0.543611288,-0.147138670,0.582699718,0.554685965,-0.143744111,0.592006815,True
13.566000000,0.543611288,-0.147138670,0.582699718,0.554706559,-0.143746411,0.591873256,True
13.568000000,0.543611288,-0.147138670,0.582699718,0.554727351,-0.143748739,0.591738561,True
13.570000000,0.543611288,-0.147138670,0.582699718,0.554748255,-0.143751070,0.591603526,True
13.572000000,0.543611288,-0.147138670,0.582699718,0.554769178,-0.143753386,0.591468772,True
13.574000000,0.543611288,-0.147138670,0.582699718,0.554790035,-0.143755669,0.591334787,True
13.576000000,0.543611288,-0.147138670,0.582699718,0.554810755,-0.143757907,0.591201953,True
13.578000000,0.543611288,-0.147138670,0.582699718,0.554831279,-0.143760094,0.591070570,True
13.580000000,0.543611288,-0.147138670,0.582699718,0.554851560,-0.143762224,0.590940873,True
13.582000000,0.543611288,-0.147138670,0.582699718,0.554871561,-0.143764295,0.590813041,True
13.584000000,0.543570362,-0.147287544,0.581107185,0.554821424,-0.143761670,0.590622166,True
13.586000000,0.543570362,-0.147287544,0.581107185,0.554754334,-0.143764860,0.590413425,True
13.588000000,0.543570362,-0.147287544,0.581107185,0.554680242,-0.143774395,0.590196768,True
13.590000000,0.543570362,-0.147287544,0.581107185,0.554603653,-0.143789662,0.589977035,True
13.592000000,0.543570362,-0.147287544,0.581107185,0.554526571,-0.143809710,0.589756749,True
13.594000000,0.543570362,-0.147287544,0.581107185,0.554449886,-0.143833569,0.589537351,True
13.596000000,0.543570362,-0.147287544,0.581107185,0.554374008,-0.143860388,0.589319738,True
13.598000000,0.543570362,-0.147287544,0.581107185,0.554299133,-0.143889462,0.589104505,True
13.600000000,0.543570362,-0.147287544,0.581107185,0.554225356,-0.143920193,0.588892078,True
13.602000000,0.543570362,-0.147287544,0.581107185,0.554152728,-0.143952093,0.588682762,True
13.604000000,0.543529437,-0.147436418,0.579514652,0.554134974,-0.143987330,0.588515735,True
13.606000000,0.543529437,-0.147436418,0.579514652,0.554136597,-0.144018691,0.588363210,True
13.608000000,0.543529437,-0.147436418,0.579514652,0.554147180,-0.144045051,0.588217646,True
13.610000000,0.543529437,-0.147436418,0.579514652,0.554162077,-0.144066562,0.588076021,True
13.612000000,0.543529437,-0.147436418,0.579514652,0.554179173,-0.144083804,0.587937172,True
13.614000000,0.543529437,-0.147436418,0.579514652,0.554197458,-0.144097450,0.587800724,True
13.616000000,0.543529437,-0.147436418,0.579514652,0.554216399,-0.144108127,0.587666541,True
13.618000000,0.543529437,-0.147436418,0.579514652,0.554235696,-0.144116382,0.587534600,True
13.620000000,0.543529437,-0.147436418,0.579514652,0.554255157,-0.144122670,0.587404926,True
13.622000000,0.543529437,-0.147436418,0.579514652,0.554274652,-0.144127366,0.587277548,True
13.624000000,0.543488511,-0.147585292,0.577922119,0.554293849,-0.144131446,0.587146284,True
13.626000000,0.543488511,-0.147585292,0.577922119,0.554313130,-0.144135088,0.587012711,True
13.628000000,0.543488511,-0.147585292,0.577922119,0.554332576,-0.144138392,0.586877949,True
13.630000000,0.543488511,-0.147585292,0.577922119,0.554352152,-0.144141417,0.586742831,True
13.632000000,0.543488511,-0.147585292,0.577922119,0.554371782,-0.144144204,0.586607997,True
13.634000000,0.543488511,-0.147585292,0.577922119,0.554391386,-0.144146783,0.586473943,True
13.636000000,0.543488511,-0.147585292,0.577922119,0.554410894,-0.144149179,0.586341054,True
13.638000000,0.543488511,-0.147585292,0.577922119,0.554430243,-0.144151413,0.586209632,True
13.640000000,0.543488511,-0.147585292,0.577922119,0.554449384,-0.144153504,0.586079911,True
13.642000000,0.543488511,-0.147585292,0.577922119,0.554468278,-0.144155468,0.585952069,True
13.644000000,0.543447585,-0.147734167,0.576329586,0.554417992,-0.144152920,0.585762349,True
13.646000000,0.543447585,-0.147734167,0.576329586,0.554351702,-0.144156392,0.585555236,True
13.648000000,0.543447585,-0.147734167,0.576329586,0.554278749,-0.144166266,0.585340221,True
13.650000000,0.543447585,-0.147734167,0.576329586,0.554203413,-0.144181879,0.585121985,True
13.652000000,0.543447585,-0.147734167,0.576329586,0.554127611,-0.144202264,0.584903024,True
13.654000000,0.543447585,-0.147734167,0.576329586,0.554052202,-0.144226455,0.584684787,True
13.656000000,0.543447585,-0.147734167,0.576329586,0.553977582,-0.144253595,0.584468191,True
13.658000000,0.543447585,-0.147734167,0.576329586,0.553903941,-0.144282963,0.584253860,True
13.660000000,0.543447585,-0.147734167,0.576329586,0.553831374,-0.144313964,0.584042239,True
13.662000000,0.543447585,-0.147734167,0.576329586,0.553759935,-0.144346117,0.583833652,True
13.664000000,0.543406660,-0.147883041,0.574737053,0.553742483,-0.144381388,0.583666456,True
13.666000000,0.543406660,-0.147883041,0.574737053,0.553743548,-0.144412576,0.583513258,True
13.668000000,0.543406660,-0.147883041,0.574737053,0.553753242,-0.144438689,0.583366952,True
13.670000000,0.543406660,-0.147883041,0.574737053,0.553767117,-0.144459930,0.583224655,True
13.672000000,0.543406660,-0.147883041,0.574737053,0.553783136,-0.144476900,0.583085241,True
13.674000000,0.543406660,-0.147883041,0.574737053,0.553800321,-0.144490277,0.582948315,True
13.676000000,0.543406660,-0.147883041,0.574737053,0.553818162,-0.144500696,0.582813778,True
13.678000000,0.543406660,-0.147883041,0.574737053,0.553836361,-0.144508699,0.582681589,True
13.680000000,0.543406660,-0.147883041,0.574737053,0.553854730,-0.144514744,0.582551750,True
13.682000000,0.543406660,-0.147883041,0.574737053,0.553873142,-0.144519206,0.582424275,True
13.684000000,0.543365734,-0.148031915,0.573144520,0.553891248,-0.144523045,0.582292921,True
13.686000000,0.543365734,-0.148031915,0.573144520,0.553909431,-0.144526449,0.582159289,True
13.688000000,0.543365734,-0.148031915,0.573144520,0.553927772,-0.144529519,0.582024500,True
13.690000000,0.543365734,-0.148031915,0.573144520,0.553946237,-0.144532314,0.581889380,True
13.692000000,0.543365734,-0.148031915,0.573144520,0.553964755,-0.144534874,0.581754562,True
13.694000000,0.543365734,-0.148031915,0.573144520,0.553983250,-0.144537229,0.581620539,True
13.696000000,0.543365734,-0.148031915,0.573144520,0.554001654,-0.144539405,0.581487693,True
13.698000000,0.543365734,-0.148031915,0.573144520,0.554019908,-0.144541423,0.581356322,True
13.700000000,0.543365734,-0.148031915,0.573144520,0.554037967,-0.144543302,0.581226658,True
13.702000000,0.543365734,-0.148031915,0.573144520,0.554055791,-0.144545058,0.581098879,True
13.704000000,0.543324808,-0.148180789,0.571551987,0.554073697,-0.144546835,0.580967493,True
13.706000000,0.543324808,-0.148180789,0.571551987,0.554091804,-0.144548648,0.580833917,True
13.708000000,0.543324808,-0.148180789,0.571551987,0.554110085,-0.144550484,0.580699201,True
13.710000000,0.543324808,-0.148180789,0.571551987,0.554128468,-0.144552321,0.580564144,True
13.712000000,0.543324808,-0.148180789,0.571551987,0.554146872,-0.144554142,0.580429371,True
13.714000000,0.543324808,-0.148180789,0.571551987,0.554165221,-0.144555933,0.580295373,True
13.716000000,0.543324808,-0.148180789,0.571551987,0.554183451,-0.144557683,0.580162534,True
13.718000000,0.543324808,-0.148180789,0.571551987,0.554201510,-0.144559387,0.580031155,True
13.720000000,0.543324808,-0.148180789,0.571551987,0.554219354,-0.144561040,0.579901469,True
13.722000000,0.543324808,-0.148180789,0.571551987,0.554236951,-0.144562641,0.579773657,True
13.724000000,0.543283882,-0.148329663,0.569959454,0.554185518,-0.144560142,0.579584489,True
13.726000000,0.543283882,-0.148329663,0.569959454,0.554118332,-0.144564033,0.579377675,True
13.728000000,0.543283882,-0.148329663,0.569959454,0.554044537,-0.144574585,0.579162578,True
13.730000000,0.543283882,-0.148329663,0.569959454,0.553968358,-0.144591062,0.578943893,True
13.732000000,0.543283882,-0.148329663,0.569959454,0.553891705,-0.144612451,0.578724157,True
13.734000000,0.543283882,-0.148329663,0.569959454,0.553815437,-0.144637748,0.578504877,True
13.736000000,0.543283882,-0.148329663,0.569959454,0.553739955,-0.144666071,0.578287028,True
13.738000000,0.543283882,-0.148329663,0.569959454,0.553665453,-0.144696676,0.578071283,True
13.740000000,0.543283882,-0.148329663,0.569959454,0.553592032,-0.144728952,0.577858128,True
13.742000000,0.543283882,-0.148329663,0.569959454,0.553519747,-0.144762408,0.577647916,True
13.744000000,0.543242957,-0.148478537,0.568366921,0.553501255,-0.144798639,0.577478716,True
13.746000000,0.543242957,-0.148478537,0.568366921,0.553501010,-0.144830474,0.577323620,True
13.748000000,0.543242957,-0.148478537,0.568366921,0.553509311,-0.144857012,0.577175694,True
13.750000000,0.543242957,-0.148478537,0.568366921,0.553521774,-0.144878508,0.577032090,True
13.752000000,0.543242957,-0.148478537,0.568366921,0.553536383,-0.144895602,0.576891661,True
13.754000000,0.543242957,-0.148478537,0.568366921,0.553552168,-0.144909007,0.576753981,True
13.756000000,0.543242957,-0.148478537,0.568366921,0.553568616,-0.144919371,0.576618863,True
13.758000000,0.543242957,-0.148478537,0.568366921,0.553585437,-0.144927259,0.576486237,True
13.760000000,0.543242957,-0.148478537,0.568366921,0.553602446,-0.144933139,0.576356083,True
13.762000000,0.543242957,-0.148478537,0.568366921,0.553619519,-0.144937398,0.576228393,True
13.764000000,0.543202031,-0.148627411,0.566774388,0.553636265,-0.144941014,0.576096863,True
13.766000000,0.543202031,-0.148627411,0.566774388,0.553653067,-0.144944180,0.575963075,True
13.768000000,0.543202031,-0.148627411,0.566774388,0.553670016,-0.144947000,0.575828148,True
13.770000000,0.543202031,-0.148627411,0.566774388,0.553687085,-0.144949537,0.575692912,True
13.772000000,0.543202031,-0.148627411,0.566774388,0.553704208,-0.144951834,0.575557999,True
13.774000000,0.543202031,-0.148627411,0.566774388,0.553721314,-0.144953923,0.575423898,True
13.776000000,0.543202031,-0.148627411,0.566774388,0.553738338,-0.144955831,0.575290991,True
13.778000000,0.543202031,-0.148627411,0.566774388,0.553755226,-0.144957582,0.575159574,True
13.780000000,0.543202031,-0.148627411,0.566774388,0.553771934,-0.144959195,0.575029878,True
13.782000000,0.543202031,-0.148627411,0.566774388,0.553788425,-0.144960687,0.574902078,True
13.784000000,0.543161105,-0.148776285,0.565181854,0.553804971,-0.144962194,0.574770667,True
13.786000000,0.543161105,-0.148776285,0.565181854,0.553821695,-0.144963732,0.574637063,True
13.788000000,0.543161105,-0.148776285,0.565181854,0.553838582,-0.144965289,0.574502315,True
13.790000000,0.543161105,-0.148776285,0.565181854,0.553855565,-0.144966847,0.574367228,True
13.792000000,0.543161105,-0.148776285,0.565181854,0.553872570,-0.144968389,0.574232428,True
13.794000000,0.543161105,-0.148776285,0.565181854,0.553889525,-0.144969902,0.574098407,True
13.796000000,0.543161105,-0.148776285,0.565181854,0.553906371,-0.144971377,0.573965549,True
13.798000000,0.543161105,-0.148776285,0.565181854,0.553923059,-0.144972808,0.573834157,True
13.800000000,0.543161105,-0.148776285,0.565181854,0.553939549,-0.144974193,0.573704465,True
13.802000000,0.543161105,-0.148776285,0.565181854,0.553955811,-0.144975529,0.573576650,True
13.804000000,0.543120180,-0.148925159,0.563589321,0.553903414,-0.144973172,0.573388104,True
13.806000000,0.543120180,-0.148925159,0.563589321,0.553835691,-0.144977572,0.573181747,True
13.808000000,0.543120180,-0.148925159,0.563589321,0.553761479,-0.144988866,0.572966753,True
13.810000000,0.543120180,-0.148925159,0.563589321,0.553684909,-0.145006250,0.572747792,True
13.812000000,0.543120180,-0.148925159,0.563589321,0.553607856,-0.145028661,0.572527456,True
13.814000000,0.543120180,-0.148925159,0.563589321,0.553531177,-0.145055068,0.572307308,True
13.816000000,0.543120180,-0.148925159,0.563589321,0.553455271,-0.145084560,0.572088378,True
13.818000000,0.543120180,-0.148925159,0.563589321,0.553380337,-0.145116375,0.571871389,True
13.820000000,0.543120180,-0.148925159,0.563589321,0.553306481,-0.145149891,0.571656865,True
13.822000000,0.543120180,-0.148925159,0.563589321,0.553233758,-0.145184602,0.571445193,True
13.824000000,0.543079254,-0.149074033,0.561996788,0.553214444,-0.145221720,0.571274093,True
13.826000000,0.543079254,-0.149074033,0.561996788,0.553212960,-0.145254114,0.571117133,True
13.828000000,0.543079254,-0.149074033,0.561996788,0.553219881,-0.145280992,0.570967597,True
13.830000000,0.543079254,-0.149074033,0.561996788,0.553230921,-0.145302674,0.570822675,True
13.832000000,0.543079254,-0.149074033,0.561996788,0.553244101,-0.145319837,0.570681208,True
13.834000000,0.543079254,-0.149074033,0.561996788,0.553258466,-0.145333219,0.570542730,True
13.836000000,0.543079254,-0.149074033,0.561996788,0.553273508,-0.145343491,0.570407014,True
13.838000000,0.543079254,-0.149074033,0.561996788,0.553288940,-0.145351232,0.570273954,True
13.840000000,0.543079254,-0.149074033,0.561996788,0.553304579,-0.145356924,0.570143499,True
13.842000000,0.543079254,-0.149074033,0.561996788,0.553320302,-0.145360963,0.570015617,True
13.844000000,0.543038328,-0.149222907,0.560404255,0.553335681,-0.145364343,0.569883940,True
13.846000000,0.543038328,-0.149222907,0.560404255,0.553351099,-0.145367260,0.569750036,True
13.848000000,0.543038328,-0.149222907,0.560404255,0.553366652,-0.145369820,0.569615015,True
13.850000000,0.543038328,-0.149222907,0.560404255,0.553382318,-0.145372090,0.569479703,True
13.852000000,0.543038328,-0.149222907,0.560404255,0.553398039,-0.145374117,0.569344732,True
13.854000000,0.543038328,-0.149222907,0.560404255,0.553413749,-0.145375933,0.569210588,True
13.856000000,0.543038328,-0.149222907,0.560404255,0.553429388,-0.145377569,0.569077653,True
13.858000000,0.543038328,-0.149222907,0.560404255,0.553444904,-0.145379048,0.568946221,True
13.860000000,0.543038328,-0.149222907,0.560404255,0.553460255,-0.145380392,0.568816521,True
13.862000000,0.543038328,-0.149222907,0.560404255,0.553475408,-0.145381617,0.568688726,True
13.864000000,0.542997403,-0.149371781,0.558811722,0.553490588,-0.145382851,0.568557317,True
13.866000000,0.542997403,-0.149371781,0.558811722,0.553505926,-0.145384110,0.568423709,True
13.868000000,0.542997403,-0.149371781,0.558811722,0.553521413,-0.145385387,0.568288956,True
13.870000000,0.542997403,-0.149371781,0.558811722,0.553536991,-0.145386662,0.568153864,True
13.872000000,0.542997403,-0.149371781,0.558811722,0.553552591,-0.145387923,0.568019062,True
13.874000000,0.542997403,-0.149371781,0.558811722,0.553568148,-0.145389156,0.567885041,True
13.876000000,0.542997403,-0.149371781,0.558811722,0.553583606,-0.145390353,0.567752190,True
13.878000000,0.542997403,-0.149371781,0.558811722,0.553598919,-0.145391509,0.567620808,True
13.880000000,0.542997403,-0.149371781,0.558811722,0.553614051,-0.145392622,0.567491131,True
13.882000000,0.542997403,-0.149371781,0.558811722,0.553628972,-0.145393691,0.567363336,True
13.884000000,0.542956477,-0.149520655,0.557219189,0.553575804,-0.145391492,0.567175511,True
13.886000000,0.542956477,-0.149520655,0.557219189,0.553507890,-0.145396431,0.566969780,True
13.888000000,0.542956477,-0.149520655,0.557219189,0.553433664,-0.145408492,0.566755080,True
13.890000000,0.542956477,-0.149520655,0.557219189,0.553357118,-0.145426790,0.566536046,True
13.892000000,0.542956477,-0.149520655,0.557219189,0.553280081,-0.145450220,0.566315306,True
13.894000000,0.542956477,-0.149520655,0.557219189,0.553203399,-0.145477718,0.566094478,True
13.896000000,0.542956477,-0.149520655,0.557219189,0.553127473,-0.145508354,0.565874647,True
13.898000000,0.542956477,-0.149520655,0.557219189,0.553052502,-0.145541350,0.565656584,True
13.900000000,0.542956477,-0.149520655,0.557219189,0.552978593,-0.145576066,0.565440855,True
13.902000000,0.542956477,-0.149520655,0.557219189,0.552905807,-0.145611985,0.565227881,True
13.904000000,0.542915551,-0.149669529,0.555626656,0.552885878,-0.145649925,0.565054976,True
13.906000000,0.542915551,-0.149669529,0.555626656,0.552883223,-0.145682799,0.564896177,True
13.908000000,0.542915551,-0.149669529,0.555626656,0.552888778,-0.145709945,0.564745038,True
13.910000000,0.542915551,-0.149669529,0.555626656,0.552898388,-0.145731750,0.564598805,True
13.912000000,0.542915551,-0.149669529,0.555626656,0.552910126,-0.145748931,0.564456306,True
13.914000000,0.542915551,-0.149669529,0.555626656,0.552923053,-0.145762250,0.564317037,True
13.916000000,0.542915551,-0.149669529,0.555626656,0.552936673,-0.145772398,0.564180734,True
13.918000000,0.542915551,-0.149669529,0.555626656,0.552950701,-0.145779969,0.564047253,True
13.920000000,0.542915551,-0.149669529,0.555626656,0.552964957,-0.145785455,0.563916513,True
13.922000000,0.542915551,-0.149669529,0.555626656,0.552979313,-0.145789253,0.563788418,True
13.924000000,0.542874626,-0.149818403,0.554034123,0.552993317,-0.145792383,0.563656583,True
13.926000000,0.542874626,-0.149818403,0.554034123,0.553007347,-0.145795041,0.563522567,True
13.928000000,0.542874626,-0.149818403,0.554034123,0.553021502,-0.145797336,0.563387469,True
13.930000000,0.542874626,-0.149818403,0.554034123,0.553035764,-0.145799336,0.563252107,True
13.932000000,0.542874626,-0.149818403,0.554034123,0.553050081,-0.145801090,0.563117106,True
13.934000000,0.542874626,-0.149818403,0.554034123,0.553064392,-0.145802633,0.562982952,True
13.936000000,0.542874626,-0.149818403,0.554034123,0.553078642,-0.145803996,0.562850020,True
13.938000000,0.542874626,-0.149818403,0.554034123,0.553092781,-0.145805203,0.562718605,True
13.940000000,0.542874626,-0.149818403,0.554034123,0.553106772,-0.145806277,0.562588932,True
13.942000000,0.542874626,-0.149818403,0.554034123,0.553120583,-0.145807235,0.562461173,True
13.944000000,0.542833700,-0.149967277,0.552441590,0.553134393,-0.145808196,0.562329794,True
13.946000000,0.542833700,-0.149967277,0.552441590,0.553148340,-0.145809177,0.562196213,True
13.948000000,0.542833700,-0.149967277,0.552441590,0.553162423,-0.145810172,0.562061483,True
13.950000000,0.542833700,-0.149967277,0.552441590,0.553176592,-0.145811165,0.561926413,True
13.952000000,0.542833700,-0.149967277,0.552441590,0.553190783,-0.145812142,0.561791634,True
13.954000000,0.542833700,-0.149967277,0.552441590,0.553204938,-0.145813093,0.561657640,True
13.956000000,0.542833700,-0.149967277,0.552441590,0.553219005,-0.145814010,0.561524819,True
13.958000000,0.542833700,-0.149967277,0.552441590,0.553232940,-0.145814889,0.561393472,True
13.960000000,0.542833700,-0.149967277,0.552441590,0.553246710,-0.145815728,0.561263832,True
13.962000000,0.542833700,-0.149967277,0.552441590,0.553260288,-0.145816527,0.561136080,True
13.964000000,0.542792774,-0.150116151,0.550849057,0.553206527,-0.145814503,0.560949060,True
13.966000000,0.542792774,-0.150116151,0.550849057,0.553138743,-0.145820011,0.560744098,True
13.968000000,0.542792774,-0.150116151,0.550849057,0.553064877,-0.145832861,0.560529856,True
13.970000000,0.542792774,-0.150116151,0.550849057,0.552988741,-0.145852085,0.560310915,True
13.972000000,0.542792774,-0.150116151,0.550849057,0.552912109,-0.145876532,0.560089929,True
13.974000000,0.542792774,-0.150116151,0.550849057,0.552835804,-0.145905107,0.559868576,True
13.976000000,0.542792774,-0.150116151,0.550849057,0.552760227,-0.145936861,0.559647995,True
13.978000000,0.542792774,-0.150116151,0.550849057,0.552685579,-0.145971001,0.559429007,True
13.980000000,0.542792774,-0.150116151,0.550849057,0.552611970,-0.146006876,0.559212217,True
13.982000000,0.542792774,-0.150116151,0.550849057,0.552539469,-0.146043963,0.558998072,True
13.984000000,0.542751848,-0.150265025,0.549256524,0.552519120,-0.146082666,0.558823440,True
13.986000000,0.542751848,-0.150265025,0.549256524,0.552515357,-0.146115948,0.558662842,True
13.988000000,0.542751848,-0.150265025,0.549256524,0.552519555,-0.146143295,0.558510120,True
13.990000000,0.542751848,-0.150265025,0.549256524,0.552527727,-0.146165164,0.558362592,True
13.992000000,0.542751848,-0.150265025,0.549256524,0.552538005,-0.146182313,0.558219072,True
13.994000000,0.542751848,-0.150265025,0.549256524,0.552549479,-0.146195532,0.558079027,True
13.996000000,0.542751848,-0.150265025,0.549256524,0.552561661,-0.146205530,0.557942147,True
13.998000000,0.542751848,-0.150265025,0.549256524,0.552574270,-0.146212910,0.557808259,True
14.000000000,0.542751848,-0.150265025,0.549256524,0.552587129,-0.146218175,0.557677249,True
14.002000000,0.542751848,-0.150265025,0.549256524,0.552600111,-0.146221727,0.557548995,True
14.004000000,0.542710923,-0.150413900,0.547663991,0.552612732,-0.146224601,0.557417047,True
14.006000000,0.542710923,-0.150413900,0.547663991,0.552625365,-0.146226993,0.557282948,True
14.008000000,0.542710923,-0.150413900,0.547663991,0.552638114,-0.146229016,0.557147794,True
14.010000000,0.542710923,-0.150413900,0.547663991,0.552650967,-0.146230740,0.557012398,True
14.012000000,0.542710923,-0.150413900,0.547663991,0.552663877,-0.146232213,0.556877384,True
14.014000000,0.542710923,-0.150413900,0.547663991,0.552676787,-0.146233476,0.556743232,True
14.016000000,0.542710923,-0.150413900,0.547663991,0.552689645,-0.146234559,0.556610317,True
14.018000000,0.542710923,-0.150413900,0.547663991,0.552702407,-0.146235488,0.556478932,True
14.020000000,0.542710923,-0.150413900,0.547663991,0.552715036,-0.146236286,0.556349299,True
14.022000000,0.542710923,-0.150413900,0.547663991,0.552727504,-0.146236973,0.556221589,True
14.024000000,0.542669997,-0.150562774,0.546071457,0.552739944,-0.146237655,0.556090257,True
14.026000000,0.542669997,-0.150562774,0.546071457,0.552752499,-0.146238354,0.555956717,True
14.028000000,0.542669997,-0.150562774,0.546071457,0.552765178,-0.146239062,0.555822027,True
14.030000000,0.542669997,-0.150562774,0.546071457,0.552777936,-0.146239768,0.555686997,True
14.032000000,0.542669997,-0.150562774,0.546071457,0.552790718,-0.146240458,0.555552260,True
14.034000000,0.542669997,-0.150562774,0.546071457,0.552803469,-0.146241123,0.555418312,True
14.036000000,0.542669997,-0.150562774,0.546071457,0.552816142,-0.146241757,0.555285540,True
14.038000000,0.542669997,-0.150562774,0.546071457,0.552828698,-0.146242356,0.555154246,True
14.040000000,0.542669997,-0.150562774,0.546071457,0.552841106,-0.146242919,0.555024665,True
14.042000000,0.542669997,-0.150562774,0.546071457,0.552853340,-0.146243446,0.554896974,True
14.044000000,0.542629071,-0.150711648,0.544478924,0.552799150,-0.146241614,0.554710829,True
14.046000000,0.542629071,-0.150711648,0.544478924,0.552750282,-0.146251885,0.554522130,True
14.048000000,0.542629071,-0.150711648,0.544478924,0.552665811,-0.146262840,0.554301610,True
14.050000000,0.542629071,-0.150711648,0.544478924,0.552598567,-0.146284771,0.554090010,True
14.052000000,0.542629071,-0.150711648,0.544478924,0.552525102,-0.146310389,0.553872575,True
14.054000000,0.542629071,-0.150711648,0.544478924,0.552450080,-0.146339856,0.553652836,True
14.056000000,0.542629071,-0.150711648,0.544478924,0.552375086,-0.146372481,0.553432754,True
14.058000000,0.542629071,-0.150711648,0.544478924,0.552300762,-0.146407547,0.553213544,True
14.060000000,0.542629071,-0.150711648,0.544478924,0.552227379,-0.146444411,0.552996046,True
14.062000000,0.542629071,-0.150711648,0.544478924,0.552155378,-0.146482869,0.552783490,True
14.064000000,0.542588146,-0.150860522,0.542886391,0.552134426,-0.146522490,0.552609415,True
14.066000000,0.542588146,-0.150860522,0.542886391,0.552129389,-0.146556225,0.552450032,True
14.068000000,0.542588146,-0.150860522,0.542886391,0.552132176,-0.146583855,0.552299991,True
14.070000000,0.542588146,-0.150860522,0.542886391,0.552138895,-0.146606176,0.552156726,True
14.072000000,0.542588146,-0.150860522,0.542886391,0.552147675,-0.146624119,0.552018940,True
14.074000000,0.542588146,-0.150860522,0.542886391,0.552157579,-0.146638567,0.551885880,True
14.076000000,0.542588146,-0.150860522,0.542886391,0.552168107,-0.146650299,0.551757053,True
14.078000000,0.542588146,-0.150860522,0.542886391,0.552178970,-0.146659967,0.551632090,True
14.080000000,0.542588146,-0.150860522,0.542886391,0.552189971,-0.146667944,0.551510667,True
14.082000000,0.542588146,-0.150860522,0.542886391,0.552200995,-0.146674543,0.551392522,True
14.084000000,0.542547220,-0.151009396,0.541293858,0.552211632,-0.146680910,0.551271580,True
14.086000000,0.542547220,-0.151009396,0.541293858,0.552222176,-0.146687092,0.551149070,True
14.088000000,0.542547220,-0.151009396,0.541293858,0.552232717,-0.146693095,0.551025858,True
14.090000000,0.542547220,-0.151009396,0.541293858,0.552243267,-0.146698919,0.550902599,True
14.092000000,0.542547220,-0.151009396,0.541293858,0.552253796,-0.146704547,0.550779769,True
14.094000000,0.542547220,-0.151009396,0.541293858,0.552264281,-0.146709984,0.550657769,True
14.096000000,0.542547220,-0.151009396,0.541293858,0.552274690,-0.146715220,0.550536886,True
14.098000000,0.542547220,-0.151009396,0.541293858,0.552285002,-0.146720263,0.550417370,True
14.100000000,0.542547220,-0.151009396,0.541293858,0.552295184,-0.146725116,0.550299373,True
14.102000000,0.542547220,-0.151009396,0.541293858,0.552305227,-0.146729790,0.550183053,True
14.104000000,0.542506294,-0.151158270,0.539701325,0.552253216,-0.146734957,0.550015183,True
14.106000000,0.542506294,-0.151158270,0.539701325,0.552187392,-0.146747672,0.549828496,True
14.108000000,0.542506294,-0.151158270,0.539701325,0.552115453,-0.146767658,0.549631409,True
14.110000000,0.542506294,-0.151158270,0.539701325,0.552041176,-0.146793819,0.549428425,True
14.112000000,0.542506294,-0.151158270,0.539701325,0.551966346,-0.146824940,0.549222249,True
14.114000000,0.542506294,-0.151158270,0.539701325,0.551891806,-0.146859748,0.549014368,True
14.116000000,0.542506294,-0.151158270,0.539701325,0.551817947,-0.146897079,0.548805536,True
14.118000000,0.542506294,-0.151158270,0.539701325,0.551745066,-0.146936263,0.548596937,True
14.120000000,0.542506294,-0.151158270,0.539701325,0.551673300,-0.146976737,0.548389446,True
14.122000000,0.542506294,-0.151158270,0.539701325,0.551602711,-0.147018043,0.548183723,True
14.124000000,0.542465369,-0.151307144,0.538108792,0.551583718,-0.147060098,0.548016747,True
14.126000000,0.542465369,-0.151307144,0.538108792,0.551578434,-0.147095858,0.547862646,True
14.128000000,0.542465369,-0.151307144,0.538108792,0.551580063,-0.147125286,0.547716207,True
14.130000000,0.542465369,-0.151307144,0.538108792,0.551585316,-0.147149312,0.547575590,True
14.132000000,0.542465369,-0.151307144,0.538108792,0.551592519,-0.147168740,0.547439569,True
14.134000000,0.542465369,-0.151307144,0.538108792,0.551600911,-0.147184565,0.547308073,True
14.136000000,0.542465369,-0.151307144,0.538108792,0.551609967,-0.147197412,0.547180520,True
14.138000000,0.542465369,-0.151307144,0.538108792,0.551619403,-0.147207822,0.547056506,True
14.140000000,0.542465369,-0.151307144,0.538108792,0.551629054,-0.147216245,0.546935731,True
14.142000000,0.542465369,-0.151307144,0.538108792,0.551638812,-0.147223052,0.546817966,True
14.144000000,0.542424443,-0.151456018,0.536516259,0.551648290,-0.147229498,0.546697234,True
14.146000000,0.542424443,-0.151456018,0.536516259,0.551657738,-0.147235646,0.546574777,True
14.148000000,0.542424443,-0.151456018,0.536516259,0.551667231,-0.147241526,0.546451489,True
14.150000000,0.542424443,-0.151456018,0.536516259,0.551676727,-0.147247156,0.546327902,True
14.152000000,0.542424443,-0.151456018,0.536516259,0.551686229,-0.147252554,0.546204581,True
14.154000000,0.542424443,-0.151456018,0.536516259,0.551695713,-0.147257734,0.546081965,True
14.156000000,0.542424443,-0.151456018,0.536516259,0.551705152,-0.147262707,0.545960394,True
14.158000000,0.542424443,-0.151456018,0.536516259,0.551714518,-0.147267485,0.545840131,True
14.160000000,0.542424443,-0.151456018,0.536516259,0.551723786,-0.147272078,0.545721381,True
14.162000000,0.542424443,-0.151456018,0.536516259,0.551732937,-0.147276496,0.545604297,True
14.164000000,0.542383517,-0.151604892,0.534923726,0.551742116,-0.147281108,0.545483963,True
14.166000000,0.542383517,-0.151604892,0.534923726,0.551751382,-0.147285836,0.545361607,True
14.168000000,0.542383517,-0.151604892,0.534923726,0.551760728,-0.147290617,0.545238163,True
14.170000000,0.542383517,-0.151604892,0.534923726,0.551770120,-0.147295400,0.545114355,True
14.172000000,0.542383517,-0.151604892,0.534923726,0.551779518,-0.147300146,0.544990752,True
14.174000000,0.542383517,-0.151604892,0.534923726,0.551788886,-0.147304826,0.544867802,True
14.176000000,0.542383517,-0.151604892,0.534923726,0.551798191,-0.147309421,0.544745855,True
14.178000000,0.542383517,-0.151604892,0.534923726,0.551807408,-0.147313916,0.544625186,True
14.180000000,0.542383517,-0.151604892,0.534923726,0.551816514,-0.147318303,0.544506007,True
14.182000000,0.542383517,-0.151604892,0.534923726,0.551825493,-0.147322576,0.544388480,True
14.184000000,0.542342592,-0.151753766,0.533331193,0.551773480,-0.147327350,0.544218569,True
14.186000000,0.542342592,-0.151753766,0.533331193,0.551708718,-0.147339928,0.544029318,True
14.188000000,0.542342592,-0.151753766,0.533331193,0.551638235,-0.147359901,0.543829040,True
14.190000000,0.542342592,-0.151753766,0.533331193,0.551565537,-0.147386102,0.543622269,True
14.192000000,0.542342592,-0.151753766,0.533331193,0.551492227,-0.147417265,0.543411535,True
14.194000000,0.542342592,-0.151753766,0.533331193,0.551418861,-0.147450976,0.543196485,True
14.196000000,0.542342592,-0.151753766,0.533331193,0.551346629,-0.147488028,0.542981806,True
14.198000000,0.542342592,-0.151753766,0.533331193,0.551275425,-0.147527492,0.542768253,True
14.200000000,0.542342592,-0.151753766,0.533331193,0.551205235,-0.147568645,0.542556428,True
14.202000000,0.542342592,-0.151753766,0.533331193,0.551136079,-0.147610920,0.542346806,True
14.204000000,0.542301666,-0.151902640,0.531738660,0.551117319,-0.147653697,0.542175855,True
14.206000000,0.542301666,-0.151902640,0.531738660,0.551111366,-0.147690226,0.542018620,True
14.208000000,0.542301666,-0.151902640,0.531738660,0.551111910,-0.147720552,0.541869942,True
14.210000000,0.542301666,-0.151902640,0.531738660,0.551115834,-0.147745381,0.541727422,True
14.212000000,0.542301666,-0.151902640,0.531738660,0.551121611,-0.147765559,0.541589824,True
14.214000000,0.542301666,-0.151902640,0.531738660,0.551128475,-0.147781885,0.541456438,True
14.216000000,0.542301666,-0.151902640,0.531738660,0.551136010,-0.147795056,0.541326808,True
14.218000000,0.542301666,-0.151902640,0.531738660,0.551143978,-0.147805655,0.541200611,True
14.220000000,0.542301666,-0.151902640,0.531738660,0.551152221,-0.147814165,0.541077602,True
14.222000000,0.542301666,-0.151902640,0.531738660,0.551160635,-0.147820979,0.540957588,True
14.224000000,0.542260740,-0.152051514,0.530146127,0.551168785,-0.147827379,0.540834441,True
14.226000000,0.542260740,-0.152051514,0.530146127,0.551176921,-0.147833440,0.540709461,True
14.228000000,0.542260740,-0.152051514,0.530146127,0.551185118,-0.147839202,0.540583589,True
14.230000000,0.542260740,-0.152051514,0.530146127,0.551193378,-0.147844687,0.540457533,True
14.232000000,0.542260740,-0.152051514,0.530146127,0.551201672,-0.147849912,0.540331838,True
14.234000000,0.542260740,-0.152051514,0.530146127,0.551209969,-0.147854892,0.540206929,True
14.236000000,0.542260740,-0.152051514,0.530146127,0.551218235,-0.147859640,0.540083138,True
14.238000000,0.542260740,-0.152051514,0.530146127,0.551226443,-0.147864170,0.539960720,True
14.240000000,0.542260740,-0.152051514,0.530146127,0.551234570,-0.147868495,0.539839874,True
14.242000000,0.542260740,-0.152051514,0.530146127,0.551242598,-0.147872627,0.539720750,True
14.244000000,0.542219814,-0.152200388,0.528553594,0.551250605,-0.147876915,0.539598257,True
14.246000000,0.542219814,-0.152200388,0.528553594,0.551258679,-0.147881293,0.539473665,True
14.248000000,0.542219814,-0.152200388,0.528553594,0.551266824,-0.147885701,0.539347940,True
14.250000000,0.542219814,-0.152200388,0.528553594,0.551275017,-0.147890092,0.539221829,True
14.252000000,0.542219814,-0.152200388,0.528553594,0.551283224,-0.147894429,0.539095918,True
14.254000000,0.542219814,-0.152200388,0.528553594,0.551291417,-0.147898240,0.538970768,True
14.256000000,0.542219814,-0.152200388,0.528553594,0.551299573,-0.147901334,0.538846953,True
14.258000000,0.542219814,-0.152200388,0.528553594,0.551307704,-0.147903834,0.538724684,True
14.260000000,0.542219814,-0.152200388,0.528553594,0.551315801,-0.147905853,0.538604131,True
14.262000000,0.542219814,-0.152200388,0.528553594,0.551323844,-0.147907490,0.538485426,True
14.264000000,0.542178889,-0.152349262,0.526961061,0.551271498,-0.147909559,0.538312811,True
14.266000000,0.542178889,-0.152349262,0.526961061,0.551208059,-0.147919022,0.538123847,True
14.268000000,0.542178889,-0.152349262,0.526961061,0.551139482,-0.147935815,0.537925476,True
14.270000000,0.542178889,-0.152349262,0.526961061,0.551068845,-0.147959018,0.537721659,True
14.272000000,0.542178889,-0.152349262,0.526961061,0.550997629,-0.147987984,0.537515041,True
14.274000000,0.542178889,-0.152349262,0.526961061,0.550926537,-0.148021430,0.537307627,True
14.276000000,0.542178889,-0.152349262,0.526961061,0.550855927,-0.148058275,0.537100918,True
14.278000000,0.542178889,-0.152349262,0.526961061,0.550785997,-0.148097629,0.536895981,True
14.280000000,0.542178889,-0.152349262,0.526961061,0.550716896,-0.148138201,0.536694324,True
14.282000000,0.542178889,-0.152349262,0.526961061,0.550648718,-0.148179507,0.536496392,True
14.284000000,0.542137963,-0.152498136,0.525368527,0.550629601,-0.148220330,0.536334690,True
14.286000000,0.542137963,-0.152498136,0.525368527,0.550622508,-0.148254762,0.536187188,True
14.288000000,0.542137963,-0.152498136,0.525368527,0.550621612,-0.148282839,0.536049707,True
14.290000000,0.542137963,-0.152498136,0.525368527,0.550623971,-0.148305295,0.535920021,True
14.292000000,0.542137963,-0.152498136,0.525368527,0.550628123,-0.148322998,0.535796792,True
14.294000000,0.542137963,-0.152498136,0.525368527,0.550633324,-0.148336766,0.535679129,True
14.296000000,0.542137963,-0.152498136,0.525368527,0.550639171,-0.148347311,0.535566381,True
14.298000000,0.542137963,-0.152498136,0.525368527,0.550645431,-0.148355237,0.535458042,True
14.300000000,0.542137963,-0.152498136,0.525368527,0.550651955,-0.148361041,0.535353702,True
14.302000000,0.542137963,-0.152498136,0.525368527,0.550658641,-0.148365214,0.535253178,True
14.304000000,0.542097037,-0.152647010,0.523775994,0.550665070,-0.148368819,0.535151563,True
14.306000000,0.542097037,-0.152647010,0.523775994,0.550671431,-0.148371984,0.535049637,True
14.308000000,0.542097037,-0.152647010,0.523775994,0.550677788,-0.148374787,0.534947966,True
14.310000000,0.542097037,-0.152647010,0.523775994,0.550684151,-0.148377285,0.534846978,True
14.312000000,0.542097037,-0.152647010,0.523775994,0.550690502,-0.148379523,0.534746995,True
14.314000000,0.542097037,-0.152647010,0.523775994,0.550696822,-0.148381541,0.534648266,True
14.316000000,0.542097037,-0.152647010,0.523775994,0.550703089,-0.148383369,0.534550978,True
14.318000000,0.542097037,-0.152647010,0.523775994,0.550709284,-0.148385037,0.534455273,True
14.320000000,0.542097037,-0.152647010,0.523775994,0.550715391,-0.148386568,0.534361254,True
14.322000000,0.542097037,-0.152647010,0.523775994,0.550721398,-0.148387985,0.534268996,True
14.324000000,0.542056112,-0.152795884,0.522183461,0.550671308,-0.148391312,0.534131330,True
14.326000000,0.542056112,-0.152795884,0.522183461,0.550609611,-0.148401633,0.533976085,True
14.328000000,0.542056112,-0.152795884,0.522183461,0.550542505,-0.148418395,0.533808970,True
14.330000000,0.542056112,-0.152795884,0.522183461,0.550473318,-0.148440699,0.533634234,True
14.332000000,0.542056112,-0.152795884,0.522183461,0.550403368,-0.148466945,0.533453615,True
14.334000000,0.542056112,-0.152795884,0.522183461,0.550333672,-0.148496327,0.533269478,True
14.336000000,0.542056112,-0.152795884,0.522183461,0.550265044,-0.148528924,0.533085094,True
14.338000000,0.542056112,-0.152795884,0.522183461,0.550197377,-0.148564074,0.532901581,True
14.340000000,0.542056112,-0.152795884,0.522183461,0.550130622,-0.148601070,0.532719531,True
14.342000000,0.542056112,-0.152795884,0.522183461,0.550064769,-0.148639488,0.532539595,True
14.344000000,0.542015186,-0.152944759,0.520590928,0.549995518,-0.148679357,0.532354663,True
14.346000000,0.542015186,-0.152944759,0.520590928,0.549925449,-0.148720449,0.532167294,True
14.348000000,0.542015186,-0.152944759,0.520590928,0.549855700,-0.148762433,0.531979117,True
14.350000000,0.542015186,-0.152944759,0.520590928,0.549786776,-0.148804874,0.531791133,True
14.352000000,0.542000000,-0.153000000,0.520000000,0.549766926,-0.148846150,0.531641673,True
14.354000000,0.542000000,-0.153000000,0.520000000,0.549758322,-0.148880796,0.531508020,True
14.356000000,0.542000000,-0.153000000,0.520000000,0.549755559,-0.148908995,0.531385690,True
14.358000000,0.542000000,-0.153000000,0.520000000,0.549755878,-0.148931587,0.531272082,True
14.360000000,0.542000000,-0.153000000,0.520000000,0.549757904,-0.148949503,0.531165537,True
14.362000000,0.542000000,-0.153000000,0.520000000,0.549760931,-0.148963595,0.531064902,True
14.364000000,0.542000000,-0.153000000,0.520000000,0.549764582,-0.148974597,0.530969323,True
14.366000000,0.542000000,-0.153000000,0.520000000,0.549768633,-0.148983116,0.530878137,True
14.368000000,0.542000000,-0.153000000,0.520000000,0.549772946,-0.148989652,0.530790815,True
14.370000000,0.542000000,-0.153000000,0.520000000,0.549777424,-0.148994610,0.530706929,True
14.972000000,0.550138794,-0.148778436,0.524741494,0.550138373,-0.148778297,0.524709503,True
14.974000000,0.550138794,-0.148778436,0.524741494,0.550138534,-0.148778309,0.524653922,True
14.976000000,0.550138794,-0.148778436,0.524741494,0.550139610,-0.148778445,0.524580292,True
14.978000000,0.550138794,-0.148778436,0.524741494,0.550141607,-0.148778642,0.524492882,True
14.980000000,0.550138794,-0.148778436,0.524741494,0.550144410,-0.148778836,0.524395046,True
14.982000000,0.550138794,-0.148778436,0.524741494,0.550147876,-0.148778979,0.524289433,True
14.984000000,0.550138794,-0.148778436,0.524741494,0.550151869,-0.148779038,0.524178154,True
14.986000000,0.550138794,-0.148778436,0.524741494,0.550156266,-0.148778996,0.524062887,True
14.988000000,0.550138794,-0.148778436,0.524741494,0.550160967,-0.148778845,0.523944969,True
14.990000000,0.550138794,-0.148778436,0.524741494,0.550165887,-0.148778584,0.523825462,True
14.992000000,0.550042739,-0.148828259,0.526337831,0.550170762,-0.148778222,0.523701132,True
14.994000000,0.550042739,-0.148828259,0.526337831,0.550175746,-0.148777792,0.523573644,True
14.996000000,0.550042739,-0.148828259,0.526337831,0.550180868,-0.148777305,0.523444259,True
14.998000000,0.550042739,-0.148828259,0.526337831,0.550186108,-0.148776760,0.523313948,True
15.000000000,0.550042739,-0.148828259,0.526337831,0.550191430,-0.148776159,0.523183468,True
15.002000000,0.550042739,-0.148828259,0.526337831,0.550196795,-0.148775504,0.523053412,True
15.004000000,0.550042739,-0.148828259,0.526337831,0.550202171,-0.148774799,0.522924241,True
15.006000000,0.550042739,-0.148828259,0.526337831,0.550207528,-0.148774048,0.522796313,True
15.008000000,0.550042739,-0.148828259,0.526337831,0.550212845,-0.148773257,0.522669906,True
15.010000000,0.550042739,-0.148828259,0.526337831,0.550218104,-0.148772432,0.522545232,True
15.012000000,0.549946684,-0.148878082,0.527934168,0.550223173,-0.148771584,0.522416815,True
15.014000000,0.549946684,-0.148878082,0.527934168,0.550228244,-0.148770739,0.522286113,True
15.016000000,0.549946684,-0.148878082,0.527934168,0.550233373,-0.148769898,0.522154219,True
15.018000000,0.549946684,-0.148878082,0.527934168,0.550238557,-0.148769054,0.522021967,True
15.020000000,0.549946684,-0.148878082,0.527934168,0.550243772,-0.148768200,0.521890003,True
15.022000000,0.549946684,-0.148878082,0.527934168,0.550248993,-0.148767332,0.521758827,True
15.024000000,0.549946684,-0.148878082,0.527934168,0.550254193,-0.148766448,0.521628829,True
15.026000000,0.549946684,-0.148878082,0.527934168,0.550259353,-0.148765547,0.521500311,True
15.028000000,0.549946684,-0.148878082,0.527934168,0.550264454,-0.148764631,0.521373500,True
15.030000000,0.549946684,-0.148878082,0.527934168,0.550269484,-0.148763701,0.521248572,True
15.032000000,0.549850629,-0.148927906,0.529530505,0.550274313,-0.148762757,0.521119949,True
15.034000000,0.549850629,-0.148927906,0.529530505,0.550279136,-0.148761822,0.520989081,True
15.036000000,0.549850629,-0.148927906,0.529530505,0.550284009,-0.148760897,0.520857052,True
15.038000000,0.549850629,-0.148927906,0.529530505,0.550288931,-0.148759975,0.520724689,True
15.040000000,0.549850629,-0.148927906,0.529530505,0.550293884,-0.148759047,0.520592636,True
15.042000000,0.549850629,-0.148927906,0.529530505,0.550298840,-0.148758109,0.520461388,True
15.044000000,0.549850629,-0.148927906,0.529530505,0.550303776,-0.148757158,0.520331332,True
15.046000000,0.549850629,-0.148927906,0.529530505,0.550308673,-0.148756194,0.520202766,True
15.048000000,0.549850629,-0.148927906,0.529530505,0.550313513,-0.148755217,0.520075917,True
15.050000000,0.549850629,-0.148927906,0.529530505,0.550318285,-0.148754230,0.519950959,True
15.052000000,0.549754574,-0.148977729,0.531126841,0.550322851,-0.148753227,0.519822308,True
15.054000000,0.549754574,-0.148977729,0.531126841,0.550327405,-0.148752233,0.519691412,True
15.056000000,0.549754574,-0.148977729,0.531126841,0.550332007,-0.148751249,0.519559356,True
15.058000000,0.549754574,-0.148977729,0.531126841,0.550336658,-0.148750267,0.519426967,True
15.060000000,0.549754574,-0.148977729,0.531126841,0.550341337,-0.148749281,0.519294888,True
15.062000000,0.549754574,-0.148977729,0.531126841,0.550346022,-0.148748285,0.519163617,True
15.064000000,0.549754574,-0.148977729,0.531126841,0.550350689,-0.148747277,0.519033538,True
15.066000000,0.549754574,-0.148977729,0.531126841,0.550355319,-0.148746256,0.518904951,True
15.068000000,0.549754574,-0.148977729,0.531126841,0.550360382,-0.148744671,0.518784639,True
15.070000000,0.549754574,-0.148977729,0.531126841,0.550365604,-0.148742467,0.518671758,True
15.072000000,0.549658519,-0.149027553,0.532723178,0.550370908,-0.148739436,0.518562118,True
15.074000000,0.549658519,-0.149027553,0.532723178,0.550376314,-0.148735636,0.518456167,True
15.076000000,0.549658519,-0.149027553,0.532723178,0.550381800,-0.148731134,0.518354447,True
15.078000000,0.549658519,-0.149027553,0.532723178,0.550387333,-0.148725989,0.518257583,True
15.080000000,0.549658519,-0.149027553,0.532723178,0.550392871,-0.148720262,0.518166019,True
15.082000000,0.549658519,-0.149027553,0.532723178,0.550398371,-0.148714024,0.518079975,True
15.084000000,0.549658519,-0.149027553,0.532723178,0.550403796,-0.148707345,0.517999454,True
15.086000000,0.549658519,-0.149027553,0.532723178,0.550409130,-0.148700310,0.517924774,True
15.088000000,0.549658519,-0.149027553,0.532723178,0.550414330,-0.148692988,0.517855490,True
15.090000000,0.549658519,-0.149027553,0.532723178,0.550419379,-0.148685443,0.517791090,True
15.092000000,0.549562464,-0.149077376,0.534319515,0.550422896,-0.148679027,0.517746628,True
15.094000000,0.549562464,-0.149077376,0.534319515,0.550424976,-0.148673811,0.517718064,True
15.096000000,0.549562464,-0.149077376,0.534319515,0.550425827,-0.148669780,0.517702461,True
15.098000000,0.549562464,-0.149077376,0.534319515,0.550425674,-0.148666831,0.517697425,True
15.100000000,0.549562464,-0.149077376,0.534319515,0.550424717,-0.148664829,0.517700976,True
15.102000000,0.549562464,-0.149077376,0.534319515,0.550423123,-0.148663631,0.517711464,True
15.104000000,0.549562464,-0.149077376,0.534319515,0.550421026,-0.148663103,0.517727510,True
15.106000000,0.549562464,-0.149077376,0.534319515,0.550418535,-0.148663126,0.517747963,True
15.108000000,0.549562464,-0.149077376,0.534319515,0.550415739,-0.148663596,0.517771862,True
15.110000000,0.549562464,-0.149077376,0.534319515,0.550412710,-0.148664425,0.517798404,True
15.112000000,0.549466409,-0.149127199,0.535915852,0.550409302,-0.148665588,0.517828710,True
15.114000000,0.549466409,-0.149127199,0.535915852,0.550405587,-0.148667079,0.517861803,True
15.116000000,0.549466409,-0.149127199,0.535915852,0.550401639,-0.148668869,0.517896925,True
15.118000000,0.549466409,-0.149127199,0.535915852,0.550397524,-0.148670918,0.517933460,True
15.120000000,0.549466409,-0.149127199,0.535915852,0.550393294,-0.148673181,0.517970901,True
15.122000000,0.549466409,-0.149127199,0.535915852,0.550388993,-0.148675617,0.518008832,True
15.124000000,0.549466409,-0.149127199,0.535915852,0.550384654,-0.148678188,0.518046910,True
15.126000000,0.549466409,-0.149127199,0.535915852,0.550380305,-0.148680862,0.518084856,True
15.128000000,0.549466409,-0.149127199,0.535915852,0.550375968,-0.148683611,0.518122443,True
15.130000000,0.549466409,-0.149127199,0.535915852,0.550371660,-0.148686414,0.518159493,True
15.132000000,0.549370354,-0.149177023,0.537512188,0.550367199,-0.148689408,0.518199484,True
15.134000000,0.549370354,-0.149177023,0.537512188,0.550362613,-0.148692512,0.518241594,True
15.136000000,0.549370354,-0.149177023,0.537512188,0.550357934,-0.148695690,0.518285186,True
15.138000000,0.549370354,-0.149177023,0.537512188,0.550353194,-0.148698921,0.518329755,True
15.140000000,0.549370354,-0.149177023,0.537512188,0.550348420,-0.148702186,0.518374905,True
15.142000000,0.549370354,-0.149177023,0.537512188,0.550343637,-0.148705472,0.518420318,True
15.144000000,0.549370354,-0.149177023,0.537512188,0.550338863,-0.148708764,0.518465748,True
15.146000000,0.549370354,-0.149177023,0.537512188,0.550334114,-0.148712051,0.518510997,True
15.148000000,0.549370354,-0.149177023,0.537512188,0.550329403,-0.148715325,0.518555913,True
15.150000000,0.549370354,-0.149177023,0.537512188,0.550324740,-0.148718576,0.518600377,True
15.152000000,0.549274299,-0.149226846,0.539108525,0.550319971,-0.148721959,0.518648686,True
15.154000000,0.549274299,-0.149226846,0.539108525,0.550315080,-0.148725401,0.518699769,True
15.156000000,0.549274299,-0.149226846,0.539108525,0.550310083,-0.148728875,0.518752801,True
15.158000000,0.549274299,-0.149226846,0.539108525,0.550305008,-0.148732367,0.518807135,True
15.160000000,0.549274299,-0.149226846,0.539108525,0.550299884,-0.148735868,0.518862260,True
15.162000000,0.549274299,-0.149226846,0.539108525,0.550294739,-0.148739369,0.518917773,True
15.164000000,0.549274299,-0.149226846,0.539108525,0.550289593,-0.148742861,0.518973356,True
15.166000000,0.549274299,-0.149226846,0.539108525,0.550284465,-0.148746336,0.519028759,True
15.168000000,0.549274299,-0.149226846,0.539108525,0.550279371,-0.148749788,0.519083785,True
15.170000000,0.549274299,-0.149226846,0.539108525,0.550274323,-0.148753210,0.519138281,True
15.172000000,0.549178244,-0.149276670,0.540704862,0.550269205,-0.148756772,0.519196748,True
15.174000000,0.549178244,-0.149276670,0.540704862,0.550263973,-0.148760391,0.519258031,True
15.176000000,0.549178244,-0.149276670,0.540704862,0.550258633,-0.148764040,0.519321246,True
15.178000000,0.549178244,-0.149276670,0.540704862,0.550253212,-0.148767703,0.519385705,True
15.180000000,0.549178244,-0.149276670,0.540704862,0.550247739,-0.148771373,0.519450866,True
15.182000000,0.549178244,-0.149276670,0.540704862,0.550242240,-0.148775039,0.519516303,True
15.184000000,0.549178244,-0.149276670,0.540704862,0.550236741,-0.148778693,0.519581679,True
15.186000000,0.549178244,-0.149276670,0.540704862,0.550231259,-0.148782329,0.519646730,True
15.188000000,0.549178244,-0.149276670,0.540704862,0.550225812,-0.148785939,0.519711250,True
15.190000000,0.549178244,-0.149276670,0.540704862,0.550220412,-0.148789516,0.519775079,True
15.192000000,0.549082189,-0.149326493,0.542301199,0.550214986,-0.148793242,0.519842944,True
15.194000000,0.549082189,-0.149326493,0.542301199,0.550209458,-0.148797027,0.519913623,True
15.196000000,0.549082189,-0.149326493,0.542301199,0.550203823,-0.148800839,0.519986188,True
15.198000000,0.549082189,-0.149326493,0.542301199,0.550198103,-0.148804664,0.520059918,True
15.200000000,0.549082189,-0.149326493,0.542301199,0.550192328,-0.148808490,0.520134248,True
15.202000000,0.549082189,-0.149326493,0.542301199,0.550186525,-0.148812311,0.520208733,True
15.204000000,0.549082189,-0.149326493,0.542301199,0.550180720,-0.148816118,0.520283026,True
15.206000000,0.549082189,-0.149326493,0.542301199,0.550174932,-0.148819902,0.520356852,True
15.208000000,0.549082189,-0.149326493,0.542301199,0.550169180,-0.148823659,0.520429998,True
15.210000000,0.549082189,-0.149326493,0.542301199,0.550163477,-0.148827380,0.520502300,True
15.212000000,0.548986134,-0.149376316,0.543897535,0.550157791,-0.148831260,0.520578697,True
15.214000000,0.548986134,-0.149376316,0.543897535,0.550152015,-0.148835200,0.520657903,True
15.216000000,0.548986134,-0.149376316,0.543897535,0.550146133,-0.148839164,0.520738950,True
15.218000000,0.548986134,-0.149376316,0.543897535,0.550140162,-0.148843138,0.520821087,True
15.220000000,0.548986134,-0.149376316,0.543897535,0.550134133,-0.148847111,0.520903730,True
15.222000000,0.548986134,-0.149376316,0.543897535,0.550128072,-0.148851075,0.520986419,True
15.224000000,0.548986134,-0.149376316,0.543897535,0.550122007,-0.148855022,0.521068793,True
15.226000000,0.548986134,-0.149376316,0.543897535,0.550115959,-0.148858945,0.521150571,True
15.228000000,0.548986134,-0.149376316,0.543897535,0.550109945,-0.148862836,0.521231534,True
15.230000000,0.548986134,-0.149376316,0.543897535,0.550103981,-0.148866690,0.521311513,True
15.232000000,0.548890079,-0.149426140,0.545493872,0.550098080,-0.148870713,0.521395643,True
15.234000000,0.548890079,-0.149426140,0.545493872,0.550092100,-0.148874797,0.521482578,True
15.236000000,0.548890079,-0.149426140,0.545493872,0.550086013,-0.148878903,0.521571311,True
15.238000000,0.548890079,-0.149426140,0.545493872,0.550079834,-0.148883015,0.521661067,True
15.240000000,0.548890079,-0.149426140,0.545493872,0.550073592,-0.148887124,0.521751242,True
15.242000000,0.548890079,-0.149426140,0.545493872,0.550067314,-0.148891220,0.521841363,True
15.244000000,0.548890079,-0.149426140,0.545493872,0.550061029,-0.148895297,0.521931059,True
15.246000000,0.548890079,-0.149426140,0.545493872,0.550054759,-0.148899346,0.522020041,True
15.248000000,0.548890079,-0.149426140,0.545493872,0.550048523,-0.148903362,0.522108085,True
15.250000000,0.548890079,-0.149426140,0.545493872,0.550042336,-0.148907338,0.522195019,True
15.252000000,0.548794024,-0.149475963,0.547090209,0.550036257,-0.148911494,0.522286156,True
15.254000000,0.548794024,-0.149475963,0.547090209,0.550030112,-0.148915711,0.522380095,True
15.256000000,0.548794024,-0.149475963,0.547090209,0.550023858,-0.148919948,0.522475794,True
15.258000000,0.548794024,-0.149475963,0.547090209,0.550017508,-0.148924189,0.522572454,True
15.260000000,0.548794024,-0.149475963,0.547090209,0.550011089,-0.148928423,0.522669453,True
15.262000000,0.548794024,-0.149475963,0.547090209,0.550004630,-0.148932642,0.522766307,True
15.264000000,0.548794024,-0.149475963,0.547090209,0.549998160,-0.148936838,0.522862636,True
15.266000000,0.548794024,-0.149475963,0.547090209,0.549991703,-0.148941005,0.522958145,True
15.268000000,0.548794024,-0.149475963,0.547090209,0.549985278,-0.148945135,0.523052604,True
15.270000000,0.548794024,-0.149475963,0.547090209,0.549978901,-0.148949223,0.523145837,True
15.272000000,0.548697969,-0.149525787,0.548686546,0.549972678,-0.148953501,0.523243325,True
15.274000000,0.548697969,-0.149525787,0.548686546,0.549966400,-0.148957843,0.523343612,True
15.276000000,0.548697969,-0.149525787,0.548686546,0.549960013,-0.148962202,0.523445622,True
15.278000000,0.548697969,-0.149525787,0.548686546,0.549953523,-0.148966562,0.523548537,True
15.280000000,0.548697969,-0.149525787,0.548686546,0.549946958,-0.148970911,0.523651719,True
15.282000000,0.548697969,-0.149525787,0.548686546,0.549940349,-0.148975243,0.523754674,True
15.284000000,0.548697969,-0.149525787,0.548686546,0.549933725,-0.148979550,0.523857012,True
15.286000000,0.548697969,-0.149525787,0.548686546,0.549927111,-0.148983824,0.523958432,True
15.288000000,0.548697969,-0.149525787,0.548686546,0.549920526,-0.148988059,0.524058702,True
15.290000000,0.548697969,-0.149525787,0.548686546,0.549913989,-0.148992250,0.524157642,True
15.292000000,0.548601914,-0.149575610,0.550282883,0.549907651,-0.148996643,0.524260884,True
15.294000000,0.548601914,-0.149575610,0.550282883,0.549901269,-0.149001100,0.524366923,True
15.296000000,0.548601914,-0.149575610,0.550282883,0.549894775,-0.149005572,0.524474654,True
15.298000000,0.548601914,-0.149575610,0.550282883,0.549888174,-0.149010042,0.524583236,True
15.300000000,0.548601914,-0.149575610,0.550282883,0.549881491,-0.149014499,0.524692020,True
15.302000000,0.548601914,-0.149575610,0.550282883,0.549874759,-0.149018935,0.524800500,True
15.304000000,0.548601914,-0.149575610,0.550282883,0.549868007,-0.149023343,0.524908282,True
15.306000000,0.548601914,-0.149575610,0.550282883,0.549861261,-0.149027716,0.525015057,True
15.308000000,0.548601914,-0.149575610,0.550282883,0.549854543,-0.149032049,0.525120590,True
15.310000000,0.548601914,-0.149575610,0.550282883,0.549847871,-0.149036334,0.525224700,True
15.312000000,0.548505859,-0.149625433,0.551879219,0.549841443,-0.149040833,0.525333157,True
15.314000000,0.548505859,-0.149625433,0.551879219,0.549834981,-0.149045396,0.525444409,True
15.316000000,0.548505859,-0.149625433,0.551879219,0.549828406,-0.149049974,0.525557323,True
15.318000000,0.548505859,-0.149625433,0.551879219,0.549821717,-0.149054546,0.525671041,True
15.320000000,0.548505859,-0.149625433,0.551879219,0.549814940,-0.149059102,0.525784900,True
15.322000000,0.548505859,-0.149625433,0.551879219,0.549808108,-0.149063634,0.525898387,True
15.324000000,0.548505859,-0.149625433,0.551879219,0.549801251,-0.149068136,0.526011099,True
15.326000000,0.548505859,-0.149625433,0.551879219,0.549794397,-0.149072600,0.526122725,True
15.328000000,0.548505859,-0.149625433,0.551879219,0.549787567,-0.149077022,0.526233026,True
15.330000000,0.548505859,-0.149625433,0.551879219,0.549780781,-0.149081395,0.526341817,True
15.332000000,0.548409804,-0.149675257,0.553475556,0.549774285,-0.149085991,0.526455001,True
15.334000000,0.548409804,-0.149675257,0.553475556,0.549767765,-0.149090654,0.526570977,True
15.336000000,0.548409804,-0.149675257,0.553475556,0.549761129,-0.149095329,0.526688588,True
15.338000000,0.548409804,-0.149675257,0.553475556,0.549754373,-0.149099996,0.526806958,True
15.340000000,0.548409804,-0.149675257,0.553475556,0.549747523,-0.149104643,0.526925416,True
15.342000000,0.548409804,-0.149675257,0.553475556,0.549740611,-0.149109264,0.527043437,True
15.344000000,0.548409804,-0.149675257,0.553475556,0.549733669,-0.149113852,0.527160616,True
15.346000000,0.548409804,-0.149675257,0.553475556,0.549726725,-0.149118401,0.527276637,True
15.348000000,0.548409804,-0.149675257,0.553475556,0.549719804,-0.149122904,0.527391255,True
15.350000000,0.548409804,-0.149675257,0.553475556,0.549712923,-0.149127357,0.527504287,True
15.352000000,0.548313749,-0.149725080,0.555071893,0.549706377,-0.149132044,0.527621754,True
15.354000000,0.548313749,-0.149725080,0.555071893,0.549699817,-0.149136800,0.527742012,True
15.356000000,0.548313749,-0.149725080,0.555071893,0.549693139,-0.149141565,0.527863879,True
15.358000000,0.548313749,-0.149725080,0.555071893,0.549686334,-0.149146320,0.527986466,True
15.360000000,0.548313749,-0.149725080,0.555071893,0.549679428,-0.149151052,0.528109089,True
15.362000000,0.548313749,-0.149725080,0.555071893,0.549672453,-0.149155754,0.528231219,True
15.364000000,0.548313749,-0.149725080,0.555071893,0.549665443,-0.149160422,0.528352443,True
15.366000000,0.548313749,-0.149725080,0.555071893,0.549658428,-0.149165048,0.528472444,True
15.368000000,0.548313749,-0.149725080,0.555071893,0.549651430,-0.149169627,0.528590974,True
15.370000000,0.548313749,-0.149725080,0.555071893,0.549644472,-0.149174153,0.528707846,True
15.372000000,0.548217694,-0.149774904,0.556668230,0.549637892,-0.149178925,0.528829195,True
15.374000000,0.548217694,-0.149774904,0.556668230,0.549631308,-0.149183766,0.528953334,True
15.376000000,0.548217694,-0.149774904,0.556668230,0.549624603,-0.149188616,0.529079058,True
15.378000000,0.548217694,-0.149774904,0.556668230,0.549617764,-0.149193451,0.529205464,True
15.380000000,0.548217694,-0.149774904,0.556668230,0.549610816,-0.149198261,0.529331861,True
15.382000000,0.548217694,-0.149774904,0.556668230,0.549603794,-0.149203040,0.529457713,True
15.384000000,0.548217694,-0.149774904,0.556668230,0.549596731,-0.149207781,0.529582602,True
15.386000000,0.548217694,-0.149774904,0.556668230,0.549589658,-0.149212478,0.529706207,True
15.388000000,0.548217694,-0.149774904,0.556668230,0.549582599,-0.149217126,0.529828279,True
15.390000000,0.548217694,-0.149774904,0.556668230,0.549575577,-0.149221719,0.529948631,True
15.392000000,0.548121639,-0.149824727,0.558264566,0.549568977,-0.149226569,0.530073496,True
15.394000000,0.548121639,-0.149824727,0.558264566,0.549562383,-0.149231491,0.530201153,True
15.396000000,0.548121639,-0.149824727,0.558264566,0.549555663,-0.149236418,0.530330372,True
15.398000000,0.548121639,-0.149824727,0.558264566,0.549548804,-0.149241329,0.530460240,True
15.400000000,0.548121639,-0.149824727,0.558264566,0.549541828,-0.149246212,0.530590056,True
15.402000000,0.548121639,-0.149824727,0.558264566,0.549534770,-0.149251060,0.530719278,True
15.404000000,0.548121639,-0.149824727,0.558264566,0.549527667,-0.149255868,0.530847487,True
15.406000000,0.548121639,-0.149824727,0.558264566,0.549520548,-0.149260631,0.530974357,True
15.408000000,0.548121639,-0.149824727,0.558264566,0.549513441,-0.149265342,0.531099637,True
15.410000000,0.548121639,-0.149824727,0.558264566,0.549506367,-0.149269997,0.531223139,True
15.412000000,0.548025584,-0.149874550,0.559860903,0.549499759,-0.149274920,0.531351193,True
15.414000000,0.548025584,-0.149874550,0.559860903,0.549493165,-0.149279916,0.531482038,True
15.416000000,0.548025584,-0.149874550,0.559860903,0.549486443,-0.149284916,0.531614425,True
15.418000000,0.548025584,-0.149874550,0.559860903,0.549479574,-0.149289897,0.531747429,True
15.420000000,0.548025584,-0.149874550,0.559860903,0.549472580,-0.149294846,0.531880342,True
15.422000000,0.548025584,-0.149874550,0.559860903,0.549465499,-0.149299759,0.532012619,True
15.424000000,0.548025584,-0.149874550,0.559860903,0.549458365,-0.149304629,0.532143834,True
15.426000000,0.548025584,-0.149874550,0.559860903,0.549451212,-0.149309452,0.532273660,True
15.428000000,0.548025584,-0.149874550,0.559860903,0.549444067,-0.149314222,0.532401847,True
15.430000000,0.548025584,-0.149874550,0.559860903,0.549436952,-0.149318934,0.532528201,True
15.432000000,0.547929529,-0.149924374,0.561457240,0.549430345,-0.149323925,0.532659145,True
15.434000000,0.547929529,-0.149924374,0.561457240,0.549423761,-0.149328990,0.532792879,True
15.436000000,0.547929529,-0.149924374,0.561457240,0.549417046,-0.149334057,0.532928137,True
15.438000000,0.547929529,-0.149924374,0.561457240,0.549410176,-0.149339102,0.533063983,True
15.440000000,0.547929529,-0.149924374,0.561457240,0.549403174,-0.149344114,0.533199703,True
15.442000000,0.547929529,-0.149924374,0.561457240,0.549396078,-0.149349086,0.533334745,True
15.444000000,0.547929529,-0.149924374,0.561457240,0.549388924,-0.149354014,0.533468683,True
15.446000000,0.547929529,-0.149924374,0.561457240,0.549381745,-0.149358891,0.533601187,True
15.448000000,0.547929529,-0.149924374,0.561457240,0.549374570,-0.149363715,0.533732005,True
15.450000000,0.547929529,-0.149924374,0.561457240,0.549367423,-0.149368479,0.533860944,True
15.452000000,0.547833474,-0.149974197,0.563053577,0.549360826,-0.149373533,0.533994507,True
15.454000000,0.547833474,-0.149974197,0.563053577,0.549354260,-0.149378662,0.534130860,True
15.456000000,0.547833474,-0.149974197,0.563053577,0.549347559,-0.149383792,0.534268720,True
15.458000000,0.547833474,-0.149974197,0.563053577,0.549340697,-0.149388897,0.534407141,True
15.460000000,0.547833474,-0.149974197,0.563053577,0.549333695,-0.149393966,0.534545402,True
15.462000000,0.547833474,-0.149974197,0.563053577,0.549326591,-0.149398993,0.534682950,True
15.464000000,0.547833474,-0.149974197,0.563053577,0.549319424,-0.149403973,0.534819355,True
15.466000000,0.547833474,-0.149974197,0.563053577,0.549312228,-0.149408902,0.534954284,True
15.468000000,0.547833474,-0.149974197,0.563053577,0.549305031,-0.149413774,0.535087485,True
15.470000000,0.547833474,-0.149974197,0.563053577,0.549297859,-0.149418586,0.535218763,True
15.472000000,0.547737419,-0.150024021,0.564649913,0.549291278,-0.149423698,0.535354700,True
15.474000000,0.547737419,-0.150024021,0.564649913,0.549284738,-0.149428888,0.535493428,True
15.476000000,0.547737419,-0.150024021,0.564649913,0.549278058,-0.149434076,0.535633647,True
15.478000000,0.547737419,-0.150024021,0.564649913,0.549271209,-0.149439237,0.535774401,True
15.480000000,0.547737419,-0.150024021,0.564649913,0.549264213,-0.149444359,0.535914965,True
15.482000000,0.547737419,-0.150024021,0.564649913,0.549257109,-0.149449436,0.536054782,True
15.484000000,0.547737419,-0.150024021,0.564649913,0.549249935,-0.149454465,0.536193421,True
15.486000000,0.547737419,-0.150024021,0.564649913,0.549242727,-0.149459441,0.536330547,True
15.488000000,0.547737419,-0.150024021,0.564649913,0.549235515,-0.149464358,0.536465905,True
15.490000000,0.547737419,-0.150024021,0.564649913,0.549228325,-0.149469213,0.536599302,True
15.492000000,0.547641364,-0.150073844,0.566246250,0.549221767,-0.149474380,0.536737391,True
15.494000000,0.547641364,-0.150073844,0.566246250,0.549215256,-0.149479625,0.536878271,True
15.496000000,0.547641364,-0.150073844,0.566246250,0.549208603,-0.149484868,0.537020627,True
15.498000000,0.547641364,-0.150073844,0.566246250,0.549201773,-0.149490080,0.537163496,True
15.500000000,0.547641364,-0.150073844,0.566246250,0.549194789,-0.149495251,0.537306147,True
15.502000000,0.547641364,-0.150073844,0.566246250,0.549187689,-0.149500376,0.537448020,True
15.504000000,0.547641364,-0.150073844,0.566246250,0.549180514,-0.149505449,0.537588681,True
15.506000000,0.547641364,-0.150073844,0.566246250,0.549173300,-0.149510467,0.537727796,True
15.508000000,0.547641364,-0.150073844,0.566246250,0.549166079,-0.149515426,0.537865108,True
15.510000000,0.547641364,-0.150073844,0.566246250,0.549158875,-0.149520321,0.538000423,True
15.512000000,0.547545309,-0.150123667,0.567842587,0.549152344,-0.149525539,0.538140463,True
15.514000000,0.547545309,-0.150123667,0.567842587,0.549145868,-0.149530836,0.538283295,True
15.516000000,0.547545309,-0.150123667,0.567842587,0.549139246,-0.149536130,0.538427589,True
15.518000000,0.547545309,-0.150123667,0.567842587,0.549132440,-0.149541390,0.538572374,True
15.520000000,0.547545309,-0.150123667,0.567842587,0.549125471,-0.149546606,0.538716915,True
15.522000000,0.547545309,-0.150123667,0.567842587,0.549118380,-0.149551774,0.538860650,True
15.524000000,0.547545309,-0.150123667,0.567842587,0.549111209,-0.149556888,0.539003143,True
15.526000000,0.547545309,-0.150123667,0.567842587,0.549103993,-0.149561946,0.539144059,True
15.528000000,0.547545309,-0.150123667,0.567842587,0.549096766,-0.149566943,0.539283140,True
15.530000000,0.547545309,-0.150123667,0.567842587,0.549089553,-0.149571874,0.539420192,True
15.532000000,0.547449254,-0.150173491,0.569438924,0.549087547,-0.149578841,0.539596841,True
15.534000000,0.547449254,-0.150173491,0.569438924,0.549086156,-0.149586420,0.539801566,True
15.536000000,0.547449254,-0.150173491,0.569438924,0.549083750,-0.149594140,0.540026583,True
15.538000000,0.547449254,-0.150173491,0.569438924,0.549079892,-0.149601867,0.540266255,True
15.540000000,0.547449254,-0.150173491,0.569438924,0.549074606,-0.149609578,0.540516315,True
15.542000000,0.547449254,-0.150173491,0.569438924,0.549068064,-0.149617282,0.540773457,True
15.544000000,0.547449254,-0.150173491,0.569438924,0.549060473,-0.149624989,0.541035082,True
15.546000000,0.547449254,-0.150173491,0.569438924,0.549052031,-0.149632702,0.541299139,True
15.548000000,0.547449254,-0.150173491,0.569438924,0.549042911,-0.149640418,0.541564009,True
15.550000000,0.547449254,-0.150173491,0.569438924,0.549033260,-0.149648129,0.541828412,True
15.552000000,0.547353199,-0.150223314,0.571035260,0.549020313,-0.149654784,0.542065945,True
15.554000000,0.547353199,-0.150223314,0.571035260,0.549006857,-0.149661118,0.542282710,True
15.556000000,0.547353199,-0.150223314,0.571035260,0.548993923,-0.149667358,0.542482777,True
15.558000000,0.547353199,-0.150223314,0.571035260,0.548981823,-0.149673543,0.542669080,True
15.560000000,0.547353199,-0.150223314,0.571035260,0.548970588,-0.149679655,0.542843846,True
15.562000000,0.547353199,-0.150223314,0.571035260,0.548960152,-0.149685664,0.543008821,True
15.564000000,0.547353199,-0.150223314,0.571035260,0.548950422,-0.149691544,0.543165400,True
15.566000000,0.547353199,-0.150223314,0.571035260,0.548941303,-0.149697276,0.543314707,True
15.568000000,0.547353199,-0.150223314,0.571035260,0.548932713,-0.149702848,0.543457656,True
15.570000000,0.547353199,-0.150223314,0.571035260,0.548924581,-0.149708256,0.543594992,True
15.572000000,0.547257144,-0.150273138,0.572631597,0.548917609,-0.149713940,0.543735077,True
15.574000000,0.547257144,-0.150273138,0.572631597,0.548910977,-0.149719630,0.543876316,True
15.576000000,0.547257144,-0.150273138,0.572631597,0.548904383,-0.149725235,0.544017704,True
15.578000000,0.547257144,-0.150273138,0.572631597,0.548897736,-0.149730732,0.544158547,True
15.580000000,0.547257144,-0.150273138,0.572631597,0.548891026,-0.149736118,0.544298342,True
15.582000000,0.547257144,-0.150273138,0.572631597,0.548884269,-0.149741397,0.544436716,True
15.584000000,0.547257144,-0.150273138,0.572631597,0.548877491,-0.149746572,0.544573385,True
15.586000000,0.547257144,-0.150273138,0.572631597,0.548870717,-0.149751649,0.544708136,True
15.588000000,0.547257144,-0.150273138,0.572631597,0.548863967,-0.149756629,0.544840811,True
15.590000000,0.547257144,-0.150273138,0.572631597,0.548857260,-0.149761515,0.544971292,True
15.592000000,0.547161089,-0.150322961,0.574227934,0.548851363,-0.149766735,0.545106390,True
15.594000000,0.547161089,-0.150322961,0.574227934,0.548845556,-0.149772023,0.545244161,True
15.596000000,0.547161089,-0.150322961,0.574227934,0.548839599,-0.149777288,0.545383300,True
15.598000000,0.547161089,-0.150322961,0.574227934,0.548833440,-0.149782502,0.545522870,True
15.600000000,0.547161089,-0.150322961,0.574227934,0.548827100,-0.149787657,0.545662172,True
15.602000000,0.547161089,-0.150322961,0.574227934,0.548820618,-0.149792749,0.545800668,True
15.604000000,0.547161089,-0.150322961,0.574227934,0.548814037,-0.149797778,0.545937948,True
15.606000000,0.547161089,-0.150322961,0.574227934,0.548807398,-0.149802742,0.546073692,True
15.608000000,0.547161089,-0.150322961,0.574227934,0.548800732,-0.149807639,0.546207657,True
15.610000000,0.547161089,-0.150322961,0.574227934,0.548794069,-0.149812466,0.546339660,True
15.612000000,0.547065034,-0.150372784,0.575824271,0.548788226,-0.149817655,0.546476461,True
15.614000000,0.547065034,-0.150372784,0.575824271,0.548782460,-0.149822928,0.546616056,True
15.616000000,0.547065034,-0.150372784,0.575824271,0.548776523,-0.149828190,0.546757101,True
15.618000000,0.547065034,-0.150372784,0.575824271,0.548770366,-0.149833408,0.546898633,True
15.620000000,0.547065034,-0.150372784,0.575824271,0.548764011,-0.149838573,0.547039930,True
15.622000000,0.547065034,-0.150372784,0.575824271,0.548757499,-0.149843681,0.547180440,True
15.624000000,0.547065034,-0.150372784,0.575824271,0.548750878,-0.149848731,0.547319741,True
15.626000000,0.547065034,-0.150372784,0.575824271,0.548744189,-0.149853719,0.547457503,True
15.628000000,0.547065034,-0.150372784,0.575824271,0.548737466,-0.149858642,0.547593476,True
15.630000000,0.547065034,-0.150372784,0.575824271,0.548730740,-0.149863499,0.547727469,True
15.632000000,0.546968979,-0.150422608,0.577420608,0.548724871,-0.149868730,0.547866307,True
15.634000000,0.546968979,-0.150422608,0.577420608,0.548719084,-0.149874048,0.548007949,True
15.636000000,0.546968979,-0.150422608,0.577420608,0.548713123,-0.149879355,0.548151034,True
15.638000000,0.546968979,-0.150422608,0.577420608,0.548706933,-0.149884617,0.548294589,True
15.640000000,0.546968979,-0.150422608,0.577420608,0.548700536,-0.149889824,0.548437886,True
15.642000000,0.546968979,-0.150422608,0.577420608,0.548693978,-0.149894973,0.548580372,True
15.644000000,0.546968979,-0.150422608,0.577420608,0.548687304,-0.149900062,0.548721619,True
15.646000000,0.546968979,-0.150422608,0.577420608,0.548680557,-0.149905089,0.548861296,True
15.648000000,0.546968979,-0.150422608,0.577420608,0.548673774,-0.149910050,0.548999154,True
15.650000000,0.546968979,-0.150422608,0.577420608,0.548666985,-0.149914944,0.549134999,True
15.652000000,0.546872924,-0.150472431,0.579016944,0.548665981,-0.149922035,0.549310812,True
15.654000000,0.546872924,-0.150472431,0.579016944,0.548665583,-0.149929735,0.549514617,True
15.656000000,0.546872924,-0.150472431,0.579016944,0.548663972,-0.149937518,0.549738514,True
15.658000000,0.546872924,-0.150472431,0.579016944,0.548660679,-0.149945242,0.549976866,True
15.660000000,0.546872924,-0.150472431,0.579016944,0.548655740,-0.149952891,0.550225447,True
15.662000000,0.546872924,-0.150472431,0.579016944,0.548649363,-0.149960484,0.550480992,True
15.664000000,0.546872924,-0.150472431,0.579016944,0.548641786,-0.149968040,0.550740943,True
15.666000000,0.546872924,-0.150472431,0.579016944,0.548633238,-0.149975573,0.551003281,True
15.668000000,0.546872924,-0.150472431,0.579016944,0.548623918,-0.149983086,0.551266410,True
15.670000000,0.546872924,-0.150472431,0.579016944,0.548613992,-0.149990578,0.551529069,True
15.672000000,0.546776869,-0.150522255,0.580613281,0.548600562,-0.149996957,0.551764757,True
15.674000000,0.546776869,-0.150522255,0.580613281,0.548586661,-0.150003031,0.551979786,True
15.676000000,0.546776869,-0.150522255,0.580613281,0.548573393,-0.150009047,0.552178274,True
15.678000000,0.546776869,-0.150522255,0.580613281,0.548561083,-0.150015046,0.552363149,True
15.680000000,0.546776869,-0.150522255,0.580613281,0.548549749,-0.150021007,0.552536616,True
15.682000000,0.546776869,-0.150522255,0.580613281,0.548539310,-0.150026894,0.552700399,True
15.684000000,0.546776869,-0.150522255,0.580613281,0.548529654,-0.150032676,0.552855871,True
15.686000000,0.546776869,-0.150522255,0.580613281,0.548520674,-0.150038330,0.553004140,True
15.688000000,0.546776869,-0.150522255,0.580613281,0.548512273,-0.150043839,0.553146105,True
15.690000000,0.546776869,-0.150522255,0.580613281,0.548504371,-0.150049195,0.553282502,True
15.692000000,0.546680814,-0.150572078,0.582209618,0.548497845,-0.150054889,0.553421784,True
15.694000000,0.546680814,-0.150572078,0.582209618,0.548491713,-0.150060601,0.553562241,True
15.696000000,0.546680814,-0.150572078,0.582209618,0.548485615,-0.150066228,0.553702828,True
15.698000000,0.546680814,-0.150572078,0.582209618,0.548479442,-0.150071739,0.553842849,True
15.700000000,0.546680814,-0.150572078,0.582209618,0.548473179,-0.150077132,0.553981804,True
15.702000000,0.546680814,-0.150572078,0.582209618,0.548466845,-0.150082411,0.554119326,True
15.704000000,0.546680814,-0.150572078,0.582209618,0.548460467,-0.150087581,0.554255139,True
15.706000000,0.546680814,-0.150572078,0.582209618,0.548454073,-0.150092648,0.554389035,True
15.708000000,0.546680814,-0.150572078,0.582209618,0.548447688,-0.150097615,0.554520860,True
15.710000000,0.546680814,-0.150572078,0.582209618,0.548441331,-0.150102486,0.554650501,True
15.712000000,0.546584759,-0.150621901,0.583805955,0.548435965,-0.150107741,0.554784881,True
15.714000000,0.546584759,-0.150621901,0.583805955,0.548430716,-0.150113072,0.554921943,True
15.716000000,0.546584759,-0.150621901,0.583805955,0.548425291,-0.150118374,0.555060352,True
15.718000000,0.546584759,-0.150621901,0.583805955,0.548419626,-0.150123613,0.555199167,True
15.720000000,0.546584759,-0.150621901,0.583805955,0.548413740,-0.150128782,0.555337692,True
15.722000000,0.546584759,-0.150621901,0.583805955,0.548407675,-0.150133880,0.555475401,True
15.724000000,0.546584759,-0.150621901,0.583805955,0.548401481,-0.150138907,0.555611888,True
15.726000000,0.546584759,-0.150621901,0.583805955,0.548395202,-0.150143864,0.555746840,True
15.728000000,0.546584759,-0.150621901,0.583805955,0.548388875,-0.150148749,0.555880020,True
15.730000000,0.546584759,-0.150621901,0.583805955,0.548382533,-0.150153562,0.556011245,True
15.732000000,0.546488704,-0.150671725,0.585402291,0.548377187,-0.150158787,0.556147395,True
15.734000000,0.546488704,-0.150671725,0.585402291,0.548371943,-0.150164102,0.556286350,True
15.736000000,0.546488704,-0.150671725,0.585402291,0.548366502,-0.150169399,0.556426733,True
15.738000000,0.546488704,-0.150671725,0.585402291,0.548360801,-0.150174642,0.556567578,True
15.740000000,0.546488704,-0.150671725,0.585402291,0.548354860,-0.150179820,0.556708167,True
15.742000000,0.546488704,-0.150671725,0.585402291,0.548348727,-0.150184933,0.556847959,True
15.744000000,0.546488704,-0.150671725,0.585402291,0.548342453,-0.150189980,0.556986534,True
15.746000000,0.546488704,-0.150671725,0.585402291,0.548336085,-0.150194960,0.557123572,True
15.748000000,0.546488704,-0.150671725,0.585402291,0.548329662,-0.150199871,0.557258826,True
15.750000000,0.546488704,-0.150671725,0.585402291,0.548323217,-0.150204712,0.557392108,True
15.752000000,0.546392649,-0.150721548,0.586998628,0.548317806,-0.150209977,0.557530362,True
15.754000000,0.546392649,-0.150721548,0.586998628,0.548312501,-0.150215337,0.557671432,True
15.756000000,0.546392649,-0.150721548,0.586998628,0.548306996,-0.150220677,0.557813923,True
15.758000000,0.546392649,-0.150721548,0.586998628,0.548301222,-0.150225963,0.557956857,True
15.760000000,0.546392649,-0.150721548,0.586998628,0.548295201,-0.150231183,0.558099514,True
15.762000000,0.546392649,-0.150721548,0.586998628,0.548288982,-0.150236336,0.558241346,True
15.764000000,0.546392649,-0.150721548,0.586998628,0.548282617,-0.150241422,0.558381932,True
15.766000000,0.546392649,-0.150721548,0.586998628,0.548276154,-0.150246439,0.558520949,True
15.768000000,0.546392649,-0.150721548,0.586998628,0.548269634,-0.150251387,0.558658149,True
15.770000000,0.546392649,-0.150721548,0.586998628,0.548263090,-0.150256264,0.558793344,True
15.772000000,0.546296594,-0.150771372,0.588594965,0.548257617,-0.150261576,0.558933547,True
15.774000000,0.546296594,-0.150771372,0.588594965,0.548252259,-0.150266983,0.559076567,True
15.776000000,0.546296594,-0.150771372,0.588594965,0.548246695,-0.150272371,0.559220994,True
15.778000000,0.546296594,-0.150771372,0.588594965,0.548240858,-0.150277700,0.559365843,True
15.780000000,0.546296594,-0.150771372,0.588594965,0.548234766,-0.150282962,0.559510388,True
15.782000000,0.546296594,-0.150771372,0.588594965,0.548228471,-0.150288155,0.559654081,True
15.784000000,0.546296594,-0.150771372,0.588594965,0.548222026,-0.150293279,0.559796498,True
15.786000000,0.546296594,-0.150771372,0.588594965,0.548215480,-0.150298333,0.559937315,True
15.788000000,0.546296594,-0.150771372,0.588594965,0.548208873,-0.150303316,0.560076283,True
15.790000000,0.546296594,-0.150771372,0.588594965,0.548202242,-0.150308227,0.560213214,True
15.792000000,0.546200539,-0.150821195,0.590191302,0.548202068,-0.150315536,0.560390874,True
15.794000000,0.546200539,-0.150821195,0.590191302,0.548202485,-0.150323454,0.560596641,True
15.796000000,0.546200539,-0.150821195,0.590191302,0.548201458,-0.150331394,0.560822408,True
15.798000000,0.546200539,-0.150821195,0.590191302,0.548198476,-0.150339200,0.561062493,True
15.800000000,0.546200539,-0.150821195,0.590191302,0.548193596,-0.150346865,0.561312681,True
15.802000000,0.546200539,-0.150821195,0.590191302,0.548187062,-0.150354418,0.561569731,True
15.804000000,0.546200539,-0.150821195,0.590191302,0.548179154,-0.150361891,0.561831109,True
15.806000000,0.546200539,-0.150821195,0.590191302,0.548170135,-0.150369307,0.562094815,True
15.808000000,0.546200539,-0.150821195,0.590191302,0.548160232,-0.150376677,0.562359269,True
15.810000000,0.546200539,-0.150821195,0.590191302,0.548149640,-0.150384006,0.562623221,True
15.812000000,0.546104484,-0.150871018,0.591787638,0.548135304,-0.150390151,0.562859829,True
15.814000000,0.546104484,-0.150871018,0.591787638,0.548120549,-0.150396004,0.563075702,True
15.816000000,0.546104484,-0.150871018,0.591787638,0.548106567,-0.150401835,0.563275054,True
15.818000000,0.546104484,-0.150871018,0.591787638,0.548093692,-0.150407692,0.563460830,True
15.820000000,0.546104484,-0.150871018,0.591787638,0.548081934,-0.150413547,0.563635231,True
15.822000000,0.546104484,-0.150871018,0.591787638,0.548071188,-0.150419359,0.563799967,True
15.824000000,0.546104484,-0.150871018,0.591787638,0.548061325,-0.150425090,0.563956398,True
15.826000000,0.546104484,-0.150871018,0.591787638,0.548052218,-0.150430713,0.564105623,True
15.828000000,0.546104484,-0.150871018,0.591787638,0.548043758,-0.150436206,0.564248535,True
15.830000000,0.546104484,-0.150871018,0.591787638,0.548035851,-0.150441559,0.564385864,True
15.832000000,0.546008429,-0.150920842,0.593383975,0.548029571,-0.150447317,0.564526239,True
15.834000000,0.546008429,-0.150920842,0.593383975,0.548023754,-0.150453110,0.564667796,True
15.836000000,0.546008429,-0.150920842,0.593383975,0.548017971,-0.150458813,0.564809441,True
15.838000000,0.546008429,-0.150920842,0.593383975,0.548012092,-0.150464392,0.564950466,True
15.840000000,0.546008429,-0.150920842,0.593383975,0.548006096,-0.150469843,0.565090373,True
15.842000000,0.546008429,-0.150920842,0.593383975,0.548000005,-0.150475171,0.565228803,True
15.844000000,0.546008429,-0.150920842,0.593383975,0.547993848,-0.150480383,0.565365485,True
15.846000000,0.546008429,-0.150920842,0.593383975,0.547987658,-0.150485486,0.565500217,True
15.848000000,0.546008429,-0.150920842,0.593383975,0.547981461,-0.150490485,0.565632850,True
15.850000000,0.546008429,-0.150920842,0.593383975,0.547975281,-0.150495383,0.565763274,True
15.852000000,0.545912374,-0.150970665,0.594980312,0.547970299,-0.150500725,0.565898595,True
15.854000000,0.545912374,-0.150970665,0.594980312,0.547965469,-0.150506150,0.566036609,True
15.856000000,0.545912374,-0.150970665,0.594980312,0.547960438,-0.150511538,0.566175932,True
15.858000000,0.545912374,-0.150970665,0.594980312,0.547955123,-0.150516850,0.566315613,True
15.860000000,0.545912374,-0.150970665,0.594980312,0.547949543,-0.150522080,0.566454962,True
15.862000000,0.545912374,-0.150970665,0.594980312,0.547943746,-0.150527227,0.566593455,True
15.864000000,0.545912374,-0.150970665,0.594980312,0.547937788,-0.150532295,0.566730694,True
15.866000000,0.545912374,-0.150970665,0.594980312,0.547931718,-0.150537286,0.566866373,True
15.868000000,0.545912374,-0.150970665,0.594980312,0.547925578,-0.150542199,0.567000256,True
15.870000000,0.545912374,-0.150970665,0.594980312,0.547919404,-0.150547035,0.567132167,True
15.872000000,0.545816319,-0.151020489,0.596576649,0.547914431,-0.150552341,0.567269164,True
15.874000000,0.545816319,-0.151020489,0.596576649,0.547909591,-0.150557747,0.567408979,True
15.876000000,0.545816319,-0.151020489,0.596576649,0.547904526,-0.150563125,0.567550188,True
15.878000000,0.545816319,-0.151020489,0.596576649,0.547899155,-0.150568435,0.567691813,True
15.880000000,0.545816319,-0.151020489,0.596576649,0.547893501,-0.150573670,0.567833141,True
15.882000000,0.545816319,-0.151020489,0.596576649,0.547887615,-0.150578828,0.567973635,True
15.884000000,0.545816319,-0.151020489,0.596576649,0.547881555,-0.150583910,0.568112884,True
15.886000000,0.545816319,-0.151020489,0.596576649,0.547875373,-0.150588918,0.568250570,True
15.888000000,0.545816319,-0.151020489,0.596576649,0.547869114,-0.150593853,0.568386452,True
15.890000000,0.545816319,-0.151020489,0.596576649,0.547862816,-0.150598713,0.568520346,True
15.892000000,0.545720264,-0.151070312,0.598172985,0.547857754,-0.150604055,0.568659376,True
15.894000000,0.545720264,-0.151070312,0.598172985,0.547852829,-0.150609499,0.568801235,True
15.896000000,0.545720264,-0.151070312,0.598172985,0.547847675,-0.150614917,0.568944480,True
15.898000000,0.545720264,-0.151070312,0.598172985,0.547842208,-0.150620266,0.569088125,True
15.900000000,0.545720264,-0.151070312,0.598172985,0.547836450,-0.150625537,0.569231451,True
15.902000000,0.545720264,-0.151070312,0.598172985,0.547830455,-0.150630730,0.569373916,True
15.904000000,0.545720264,-0.151070312,0.598172985,0.547824280,-0.150635847,0.569515108,True
15.906000000,0.545720264,-0.151070312,0.598172985,0.547817981,-0.150640889,0.569654707,True
15.908000000,0.545720264,-0.151070312,0.598172985,0.547811602,-0.150645856,0.569792470,True
15.910000000,0.545720264,-0.151070312,0.598172985,0.547805183,-0.150650747,0.569928212,True
15.912000000,0.545624209,-0.151120135,0.599769322,0.547800037,-0.150656132,0.570069128,True
15.914000000,0.545624209,-0.151120135,0.599769322,0.547795035,-0.150661620,0.570212874,True
15.916000000,0.545624209,-0.151120135,0.599769322,0.547789801,-0.150667080,0.570357993,True
15.918000000,0.545624209,-0.151120135,0.599769322,0.547784247,-0.150672469,0.570503490,True
15.920000000,0.545624209,-0.151120135,0.599769322,0.547778397,-0.150677778,0.570648642,True
15.922000000,0.545624209,-0.151120135,0.599769322,0.547772304,-0.150683007,0.570792907,True
15.924000000,0.545624209,-0.151120135,0.599769322,0.547766028,-0.150688158,0.570935868,True
15.926000000,0.545624209,-0.151120135,0.599769322,0.547759624,-0.150693233,0.571077207,True
15.928000000,0.545624209,-0.151120135,0.599769322,0.547753139,-0.150698231,0.571216680,True
15.930000000,0.545624209,-0.151120135,0.599769322,0.547746612,-0.150703153,0.571354100,True
15.932000000,0.545528154,-0.151169959,0.601365659,0.547747146,-0.150710660,0.571532955,True
15.934000000,0.545528154,-0.151169959,0.601365659,0.547748236,-0.150718772,0.571739981,True
15.936000000,0.545528154,-0.151169959,0.601365659,0.547747648,-0.150726844,0.571966872,True
15.938000000,0.545528154,-0.151169959,0.601365659,0.547744838,-0.150734711,0.572207916,True
15.940000000,0.545528154,-0.151169959,0.601365659,0.547739886,-0.150742373,0.572458915,True
15.942000000,0.545528154,-0.151169959,0.601365659,0.547733073,-0.150749869,0.572716662,True
15.944000000,0.545528154,-0.151169959,0.601365659,0.547724718,-0.150757242,0.572978653,True
15.946000000,0.545528154,-0.151169959,0.601365659,0.547715117,-0.150764524,0.573242914,True
15.948000000,0.545528154,-0.151169959,0.601365659,0.547704528,-0.150771736,0.573507883,True
15.950000000,0.545528154,-0.151169959,0.601365659,0.547693168,-0.150778889,0.573772324,True
15.952000000,0.545432099,-0.151219782,0.602961996,0.547677866,-0.150784793,0.574009105,True
15.954000000,0.545432099,-0.151219782,0.602961996,0.547662212,-0.150790421,0.574225127,True
15.956000000,0.545432099,-0.151219782,0.602961996,0.547647475,-0.150796066,0.574424691,True
15.958000000,0.545432099,-0.151219782,0.602961996,0.547633998,-0.150801775,0.574610754,True
15.960000000,0.545432099,-0.151219782,0.602961996,0.547621774,-0.150807520,0.574785504,True
15.962000000,0.545432099,-0.151219782,0.602961996,0.547610679,-0.150813251,0.574950634,True
15.964000000,0.545432099,-0.151219782,0.602961996,0.547600564,-0.150818925,0.575107490,True
15.966000000,0.545432099,-0.151219782,0.602961996,0.547591288,-0.150824510,0.575257157,True
15.968000000,0.545432099,-0.151219782,0.602961996,0.547582725,-0.150829982,0.575400519,True
15.970000000,0.545432099,-0.151219782,0.602961996,0.547574769,-0.150835325,0.575538300,True
15.972000000,0.545336044,-0.151269606,0.604558333,0.547568682,-0.150841139,0.575679296,True
15.974000000,0.545336044,-0.151269606,0.604558333,0.547563122,-0.150847004,0.575821486,True
15.976000000,0.545336044,-0.151269606,0.604558333,0.547557599,-0.150852775,0.575963725,True
15.978000000,0.545336044,-0.151269606,0.604558333,0.547551960,-0.150858414,0.576105293,True
15.980000000,0.545336044,-0.151269606,0.604558333,0.547546181,-0.150863916,0.576245699,True
15.982000000,0.545336044,-0.151269606,0.604558333,0.547540284,-0.150869287,0.576384587,True
15.984000000,0.545336044,-0.151269606,0.604558333,0.547534302,-0.150874535,0.576521695,True
15.986000000,0.545336044,-0.151269606,0.604558333,0.547528271,-0.150879668,0.576656828,True
15.988000000,0.545336044,-0.151269606,0.604558333,0.547522220,-0.150884692,0.576789840,True
15.990000000,0.545336044,-0.151269606,0.604558333,0.547516176,-0.150889613,0.576920627,True
15.992000000,0.545239989,-0.151319429,0.606154669,0.547511529,-0.150895033,0.577056474,True
15.994000000,0.545239989,-0.151319429,0.606154669,0.547507066,-0.150900546,0.577195026,True
15.996000000,0.545239989,-0.151319429,0.606154669,0.547502376,-0.150906012,0.577334849,True
15.998000000,0.545239989,-0.151319429,0.606154669,0.547497362,-0.150911391,0.577474986,True
16.000000000,0.545239989,-0.151319429,0.606154669,0.547492042,-0.150916675,0.577614749,True
16.002000000,0.545239989,-0.151319429,0.606154669,0.547486470,-0.150921866,0.577753622,True
16.004000000,0.545239989,-0.151319429,0.606154669,0.547480706,-0.150926969,0.577891215,True
16.006000000,0.545239989,-0.151319429,0.606154669,0.547474804,-0.150931988,0.578027226,True
16.008000000,0.545239989,-0.151319429,0.606154669,0.547468812,-0.150936924,0.578161426,True
16.010000000,0.545239989,-0.151319429,0.606154669,0.547462769,-0.150941779,0.578293641,True
16.012000000,0.545143934,-0.151369252,0.607751006,0.547458123,-0.150947160,0.578431110,True
16.014000000,0.545143934,-0.151369252,0.607751006,0.547453638,-0.150952648,0.578571411,True
16.016000000,0.545143934,-0.151369252,0.607751006,0.547448901,-0.150958100,0.578713072,True
16.018000000,0.545143934,-0.151369252,0.607751006,0.547443816,-0.150963473,0.578855105,True
16.020000000,0.545143934,-0.151369252,0.607751006,0.547438405,-0.150968757,0.578996801,True
16.022000000,0.545143934,-0.151369252,0.607751006,0.547432725,-0.150973954,0.579137631,True
16.024000000,0.545143934,-0.151369252,0.607751006,0.547426839,-0.150979067,0.579277191,True
16.026000000,0.545143934,-0.151369252,0.607751006,0.547420807,-0.150984099,0.579415169,True
16.028000000,0.545143934,-0.151369252,0.607751006,0.547414676,-0.150989052,0.579551328,True
16.030000000,0.545143934,-0.151369252,0.607751006,0.547408490,-0.150993926,0.579685489,True
16.032000000,0.545047879,-0.151419076,0.609347343,0.547403733,-0.150999338,0.579824955,True
16.034000000,0.545047879,-0.151419076,0.609347343,0.547399143,-0.151004862,0.579967264,True
16.036000000,0.545047879,-0.151419076,0.609347343,0.547394295,-0.151010349,0.580110926,True
16.038000000,0.545047879,-0.151419076,0.609347343,0.547389093,-0.151015755,0.580254943,True
16.040000000,0.545047879,-0.151419076,0.609347343,0.547383557,-0.151021072,0.580398603,True
16.042000000,0.545047879,-0.151419076,0.609347343,0.547377747,-0.151026300,0.580541370,True
16.044000000,0.545047879,-0.151419076,0.609347343,0.547371727,-0.151031444,0.580682838,True
16.046000000,0.545047879,-0.151419076,0.609347343,0.547365556,-0.151036505,0.580822696,True
16.048000000,0.545047879,-0.151419076,0.609347343,0.547359286,-0.151041486,0.580960704,True
16.050000000,0.545047879,-0.151419076,0.609347343,0.547352959,-0.151046388,0.581096680,True
16.052000000,0.544951824,-0.151468899,0.610943680,0.547354109,-0.151054008,0.581274466,True
16.054000000,0.544951824,-0.151468899,0.610943680,0.547355757,-0.151062222,0.581480314,True
16.056000000,0.544951824,-0.151468899,0.610943680,0.547355531,-0.151070343,0.581705799,True
16.058000000,0.544951824,-0.151468899,0.610943680,0.547352866,-0.151078201,0.581945217,True
16.060000000,0.544951824,-0.151468899,0.610943680,0.547347863,-0.151085799,0.582194416,True
16.062000000,0.544951824,-0.151468899,0.610943680,0.547340836,-0.151093188,0.582450238,True
16.064000000,0.544951824,-0.151468899,0.610943680,0.547332134,-0.151100419,0.582710221,True
16.066000000,0.544951824,-0.151468899,0.610943680,0.547322080,-0.151107532,0.582972428,True
16.068000000,0.544951824,-0.151468899,0.610943680,0.547310955,-0.151114555,0.583235320,True
16.070000000,0.544951824,-0.151468899,0.610943680,0.547298995,-0.151121504,0.583497684,True
16.072000000,0.544855769,-0.151518723,0.612540016,0.547282986,-0.151127166,0.583732313,True
16.074000000,0.544855769,-0.151518723,0.612540016,0.547266700,-0.151132571,0.583946319,True
16.076000000,0.544855769,-0.151518723,0.612540016,0.547251453,-0.151138027,0.584144048,True
16.078000000,0.544855769,-0.151518723,0.612540016,0.547237588,-0.151143582,0.584328444,True
16.080000000,0.544855769,-0.151518723,0.612540016,0.547225086,-0.151149202,0.584501672,True
16.082000000,0.544855769,-0.151518723,0.612540016,0.547213807,-0.151154834,0.584665397,True
16.084000000,0.544855769,-0.151518723,0.612540016,0.547203585,-0.151160432,0.584820942,True
16.086000000,0.544855769,-0.151518723,0.612540016,0.547194265,-0.151165956,0.584969375,True
16.088000000,0.544855769,-0.151518723,0.612540016,0.547185710,-0.151171381,0.585111564,True
16.090000000,0.544855769,-0.151518723,0.612540016,0.547177805,-0.151176688,0.585248222,True
16.092000000,0.544759714,-0.151568546,0.614136353,0.547171958,-0.151182521,0.585388250,True
16.094000000,0.544759714,-0.151568546,0.614136353,0.547166689,-0.151188417,0.585529492,True
16.096000000,0.544759714,-0.151568546,0.614136353,0.547161456,-0.151194218,0.585670765,True
16.098000000,0.544759714,-0.151568546,0.614136353,0.547156091,-0.151199880,0.585811342,True
16.100000000,0.544759714,-0.151568546,0.614136353,0.547150566,-0.151205398,0.585950738,True
16.102000000,0.544759714,-0.151568546,0.614136353,0.547144906,-0.151210780,0.586088605,True
16.104000000,0.544759714,-0.151568546,0.614136353,0.547139145,-0.151216033,0.586224687,True
16.106000000,0.544759714,-0.151568546,0.614136353,0.547133320,-0.151221168,0.586358797,True
16.108000000,0.544759714,-0.151568546,0.614136353,0.547127466,-0.151226191,0.586490793,True
16.110000000,0.544759714,-0.151568546,0.614136353,0.547121608,-0.151231108,0.586620574,True
16.112000000,0.544663659,-0.151618369,0.615732690,0.547117305,-0.151236571,0.586755554,True
16.114000000,0.544663659,-0.151618369,0.615732690,0.547113210,-0.151242133,0.586893249,True
16.116000000,0.544663659,-0.151618369,0.615732690,0.547108866,-0.151247641,0.587032192,True
16.118000000,0.544663659,-0.151618369,0.615732690,0.547104166,-0.151253053,0.587171419,True
16.120000000,0.544663659,-0.151618369,0.615732690,0.547099127,-0.151258360,0.587310251,True
16.122000000,0.544663659,-0.151618369,0.615732690,0.547093805,-0.151263566,0.587448181,True
16.124000000,0.544663659,-0.151618369,0.615732690,0.547088266,-0.151268677,0.587584825,True
16.126000000,0.544663659,-0.151618369,0.615732690,0.547082568,-0.151273698,0.587719890,True
16.128000000,0.544663659,-0.151618369,0.615732690,0.547076763,-0.151278633,0.587853150,True
16.130000000,0.544663659,-0.151618369,0.615732690,0.547070894,-0.151283483,0.587984436,True
16.132000000,0.544567604,-0.151668193,0.617329027,0.547066574,-0.151288905,0.588121118,True
16.134000000,0.544567604,-0.151668193,0.617329027,0.547062438,-0.151294440,0.588260645,True
16.136000000,0.544567604,-0.151668193,0.617329027,0.547058027,-0.151299933,0.588401507,True
16.138000000,0.544567604,-0.151668193,0.617329027,0.547053233,-0.151305337,0.588542713,True
16.140000000,0.544567604,-0.151668193,0.617329027,0.547048078,-0.151310642,0.588683562,True
16.142000000,0.544567604,-0.151668193,0.617329027,0.547042624,-0.151315851,0.588823530,True
16.144000000,0.544567604,-0.151668193,0.617329027,0.547036939,-0.151320970,0.588962223,True
16.146000000,0.544567604,-0.151668193,0.617329027,0.547031085,-0.151326002,0.589099336,True
16.148000000,0.544567604,-0.151668193,0.617329027,0.547025116,-0.151330951,0.589234635,True
16.150000000,0.544567604,-0.151668193,0.617329027,0.547019077,-0.151335818,0.589367946,True
16.152000000,0.544471549,-0.151718016,0.618925363,0.547014621,-0.151341269,0.589506706,True
16.154000000,0.544471549,-0.151718016,0.618925363,0.547010354,-0.151346838,0.589648323,True
16.156000000,0.544471549,-0.151718016,0.618925363,0.547005806,-0.151352363,0.589791267,True
16.158000000,0.544471549,-0.151718016,0.618925363,0.547000868,-0.151357798,0.589934539,True
16.160000000,0.544471549,-0.151718016,0.618925363,0.546995563,-0.151363134,0.590077430,True
16.162000000,0.544471549,-0.151718016,0.618925363,0.546989953,-0.151368372,0.590219414,True
16.164000000,0.544471549,-0.151718016,0.618925363,0.546984108,-0.151373519,0.590360093,True
16.166000000,0.544471549,-0.151718016,0.618925363,0.546978091,-0.151378579,0.590499161,True
16.168000000,0.544471549,-0.151718016,0.618925363,0.546971958,-0.151383554,0.590636384,True
16.170000000,0.544471549,-0.151718016,0.618925363,0.546965753,-0.151388446,0.590771584,True
16.172000000,0.544375494,-0.151767840,0.620521700,0.546961169,-0.151393934,0.590912274,True
16.174000000,0.544375494,-0.151767840,0.620521700,0.546956780,-0.151399540,0.591055824,True
16.176000000,0.544375494,-0.151767840,0.620521700,0.546952108,-0.151405103,0.591200686,True
16.178000000,0.544375494,-0.151767840,0.620521700,0.546947040,-0.151410572,0.591345853,True
16.180000000,0.544375494,-0.151767840,0.620521700,0.546941599,-0.151415940,0.591490613,True
16.182000000,0.544375494,-0.151767840,0.620521700,0.546935849,-0.151421208,0.591634438,True
16.184000000,0.544375494,-0.151767840,0.620521700,0.546929860,-0.151426384,0.591776928,True
16.186000000,0.544375494,-0.151767840,0.620521700,0.546923698,-0.151431471,0.591917775,True
16.188000000,0.544375494,-0.151767840,0.620521700,0.546917417,-0.151436472,0.592056746,True
16.190000000,0.544375494,-0.151767840,0.620521700,0.546911065,-0.151441389,0.592193662,True
16.192000000,0.544279439,-0.151817663,0.622118037,0.546912738,-0.151449203,0.592373203,True
16.194000000,0.544279439,-0.151817663,0.622118037,0.546914859,-0.151457608,0.592580907,True
16.196000000,0.544279439,-0.151817663,0.622118037,0.546914874,-0.151465858,0.592808128,True
16.198000000,0.544279439,-0.151817663,0.622118037,0.546912191,-0.151473777,0.593049118,True
16.200000000,0.544279439,-0.151817663,0.622118037,0.546906936,-0.151481373,0.593299742,True
16.202000000,0.544279439,-0.151817663,0.622118037,0.546899458,-0.151488709,0.593556873,True
16.204000000,0.544279439,-0.151817663,0.622118037,0.546890142,-0.151495846,0.593818077,True
16.206000000,0.544279439,-0.151817663,0.622118037,0.546879346,-0.151502833,0.594081440,True
16.208000000,0.544279439,-0.151817663,0.622118037,0.546867378,-0.151509705,0.594345443,True
16.210000000,0.544279439,-0.151817663,0.622118037,0.546854497,-0.151516486,0.594608883,True
16.212000000,0.544183384,-0.151867486,0.623714374,0.546837401,-0.151521919,0.594844210,True
16.214000000,0.544183384,-0.151867486,0.623714374,0.546820105,-0.151527112,0.595058857,True
16.216000000,0.544183384,-0.151867486,0.623714374,0.546803994,-0.151532392,0.595257265,True
16.218000000,0.544183384,-0.151867486,0.623714374,0.546789417,-0.151537811,0.595442398,True
16.220000000,0.544183384,-0.151867486,0.623714374,0.546776338,-0.151543329,0.595616408,True
16.222000000,0.544183384,-0.151867486,0.623714374,0.546764598,-0.151548888,0.595780946,True
16.224000000,0.544183384,-0.151867486,0.623714374,0.546754015,-0.151554435,0.595937320,True
16.226000000,0.544183384,-0.151867486,0.623714374,0.546744414,-0.151559927,0.596086587,True
16.228000000,0.544183384,-0.151867486,0.623714374,0.546735647,-0.151565335,0.596229606,True
16.230000000,0.544183384,-0.151867486,0.623714374,0.546727585,-0.151570637,0.596367084,True
16.232000000,0.544087329,-0.151917310,0.625310710,0.546721813,-0.151576529,0.596508117,True
16.234000000,0.544087329,-0.151917310,0.625310710,0.546716681,-0.151582497,0.596650375,True
16.236000000,0.544087329,-0.151917310,0.625310710,0.546711591,-0.151588369,0.596792618,True
16.238000000,0.544087329,-0.151917310,0.625310710,0.546706353,-0.151594093,0.596934107,True
16.240000000,0.544087329,-0.151917310,0.625310710,0.546700938,-0.151599665,0.597074360,True
16.242000000,0.544087329,-0.151917310,0.625310710,0.546695367,-0.151605092,0.597213036,True
16.244000000,0.544087329,-0.151917310,0.625310710,0.546689681,-0.151610385,0.597349889,True
16.246000000,0.544087329,-0.151917310,0.625310710,0.546683919,-0.151615554,0.597484734,True
16.248000000,0.544087329,-0.151917310,0.625310710,0.546678117,-0.151620606,0.597617437,True
16.250000000,0.544087329,-0.151917310,0.625310710,0.546672303,-0.151625549,0.597747901,True
16.252000000,0.543991274,-0.151967133,0.626907047,0.546668233,-0.151631092,0.597883745,True
16.254000000,0.543991274,-0.151967133,0.626907047,0.546664401,-0.151636743,0.598022316,True
16.256000000,0.543991274,-0.151967133,0.626907047,0.546660299,-0.151642332,0.598162093,True
16.258000000,0.543991274,-0.151967133,0.626907047,0.546655803,-0.151647812,0.598302102,True
16.260000000,0.543991274,-0.151967133,0.626907047,0.546650930,-0.151653176,0.598441667,True
16.262000000,0.543991274,-0.151967133,0.626907047,0.546645742,-0.151658429,0.598580290,True
16.264000000,0.543991274,-0.151967133,0.626907047,0.546640310,-0.151663578,0.598717594,True
16.266000000,0.543991274,-0.151967133,0.626907047,0.546634696,-0.151668631,0.598853290,True
16.268000000,0.543991274,-0.151967133,0.626907047,0.546628957,-0.151673592,0.598987160,True
16.270000000,0.543991274,-0.151967133,0.626907047,0.546623140,-0.151678463,0.599119037,True
16.272000000,0.543895219,-0.152016956,0.628503384,0.546619056,-0.151683962,0.599256496,True
16.274000000,0.543895219,-0.152016956,0.628503384,0.546615183,-0.151689582,0.599396815,True
16.276000000,0.543895219,-0.152016956,0.628503384,0.546611009,-0.151695151,0.599538429,True
16.278000000,0.543895219,-0.152016956,0.628503384,0.546606414,-0.151700618,0.599680339,True
16.280000000,0.543895219,-0.152016956,0.628503384,0.546601419,-0.151705975,0.599821844,True
16.282000000,0.543895219,-0.152016956,0.628503384,0.546596091,-0.151711226,0.599962431,True
16.284000000,0.543895219,-0.152016956,0.628503384,0.546590503,-0.151716378,0.600101711,True
16.286000000,0.543895219,-0.152016956,0.628503384,0.546584724,-0.151721437,0.600239385,True
16.288000000,0.543895219,-0.152016956,0.628503384,0.546578810,-0.151726408,0.600375227,True
16.290000000,0.543895219,-0.152016956,0.628503384,0.546572811,-0.151731291,0.600509062,True
16.292000000,0.543799164,-0.152066780,0.630099721,0.546568580,-0.151736815,0.600648535,True
16.294000000,0.543799164,-0.152066780,0.630099721,0.546564563,-0.151742463,0.600790880,True
16.296000000,0.543799164,-0.152066780,0.630099721,0.546560240,-0.151748059,0.600934514,True
16.298000000,0.543799164,-0.152066780,0.630099721,0.546555488,-0.151753554,0.601078426,True
16.300000000,0.543799164,-0.152066780,0.630099721,0.546550330,-0.151758937,0.601221912,True
16.302000000,0.543799164,-0.152066780,0.630099721,0.546544833,-0.151764213,0.601364454,True
16.304000000,0.543799164,-0.152066780,0.630099721,0.546539073,-0.151769389,0.601505659,True
16.306000000,0.543799164,-0.152066780,0.630099721,0.546533118,-0.151774471,0.601645230,True
16.308000000,0.543799164,-0.152066780,0.630099721,0.546527028,-0.151779463,0.601782936,True
16.310000000,0.543799164,-0.152066780,0.630099721,0.546520852,-0.151784368,0.601918603,True
16.312000000,0.543703109,-0.152116603,0.631696058,0.546516480,-0.151789924,0.602059951,True
16.314000000,0.543703109,-0.152116603,0.631696058,0.546512329,-0.151795606,0.602204173,True
16.316000000,0.543703109,-0.152116603,0.631696058,0.546507868,-0.151801235,0.602349670,True
16.318000000,0.543703109,-0.152116603,0.631696058,0.546502974,-0.151806760,0.602495422,True
16.320000000,0.543703109,-0.152116603,0.631696058,0.546497668,-0.151812171,0.602640722,True
16.322000000,0.543703109,-0.152116603,0.631696058,0.546492020,-0.151817473,0.602785050,True
16.324000000,0.543703109,-0.152116603,0.631696058,0.546486104,-0.151822674,0.602928012,True
16.326000000,0.543703109,-0.152116603,0.631696058,0.546479992,-0.151827779,0.603069309,True
16.328000000,0.543703109,-0.152116603,0.631696058,0.546473743,-0.151832793,0.603208711,True
16.330000000,0.543703109,-0.152116603,0.631696058,0.546467409,-0.151837720,0.603346043,True
16.332000000,0.543607054,-0.152166427,0.633292394,0.546469607,-0.151845713,0.603526782,True
16.334000000,0.543607054,-0.152166427,0.633292394,0.546472192,-0.151854289,0.603735738,True
16.336000000,0.543607054,-0.152166427,0.633292394,0.546472444,-0.151862652,0.603964053,True
16.338000000,0.543607054,-0.152166427,0.633292394,0.546469748,-0.151870614,0.604205945,True
16.340000000,0.543607054,-0.152166427,0.633292394,0.546464253,-0.151878195,0.604457304,True
16.342000000,0.543607054,-0.152166427,0.633292394,0.546456344,-0.151885463,0.604715038,True
16.344000000,0.543607054,-0.152166427,0.633292394,0.546446441,-0.151892493,0.604976753,True
16.346000000,0.543607054,-0.152166427,0.633292394,0.546434933,-0.151899342,0.605240558,True
16.348000000,0.543607054,-0.152166427,0.633292394,0.546422155,-0.151906052,0.605504959,True
16.350000000,0.543607054,-0.152166427,0.633292394,0.546408388,-0.151912651,0.605768768,True
16.352000000,0.543510999,-0.152216250,0.634888731,0.546390260,-0.151917850,0.606004127,True
16.354000000,0.543510999,-0.152216250,0.634888731,0.546372016,-0.151922824,0.606218793,True
16.356000000,0.543510999,-0.152216250,0.634888731,0.546355100,-0.151927924,0.606417300,True
16.358000000,0.543510999,-0.152216250,0.634888731,0.546339864,-0.151933201,0.606602620,True
16.360000000,0.543510999,-0.152216250,0.634888731,0.546326257,-0.151938611,0.606776891,True
16.362000000,0.543510999,-0.152216250,0.634888731,0.546314102,-0.151944089,0.606941745,True
16.364000000,0.543510999,-0.152216250,0.634888731,0.546303196,-0.151949579,0.607098473,True
16.366000000,0.543510999,-0.152216250,0.634888731,0.546293353,-0.151955033,0.607248117,True
16.368000000,0.543510999,-0.152216250,0.634888731,0.546284409,-0.151960416,0.607391526,True
16.370000000,0.543510999,-0.152216250,0.634888731,0.546276224,-0.151965705,0.607529399,True
16.372000000,0.543414944,-0.152266073,0.636485068,0.546270551,-0.151971647,0.607671023,True
16.374000000,0.543414944,-0.152266073,0.636485068,0.546265580,-0.151977681,0.607813887,True
16.376000000,0.543414944,-0.152266073,0.636485068,0.546260654,-0.151983615,0.607956692,True
16.378000000,0.543414944,-0.152266073,0.636485068,0.546255567,-0.151989394,0.608098690,True
16.380000000,0.543414944,-0.152266073,0.636485068,0.546250284,-0.151995013,0.608239401,True
16.382000000,0.543414944,-0.152266073,0.636485068,0.546244830,-0.152000479,0.608378492,True
16.384000000,0.543414944,-0.152266073,0.636485068,0.546239246,-0.152005805,0.608515725,True
16.386000000,0.543414944,-0.152266073,0.636485068,0.546233574,-0.152011002,0.608650924,True
16.388000000,0.543414944,-0.152266073,0.636485068,0.546227851,-0.152016078,0.608783958,True
16.390000000,0.543414944,-0.152266073,0.636485068,0.546222110,-0.152021041,0.608914736,True
16.392000000,0.543318889,-0.152315897,0.638081405,0.546218293,-0.152026659,0.609051081,True
16.394000000,0.543318889,-0.152315897,0.638081405,0.546214744,-0.152032391,0.609190166,True
16.396000000,0.543318889,-0.152315897,0.638081405,0.546210902,-0.152038055,0.609330416,True
16.398000000,0.543318889,-0.152315897,0.638081405,0.546206630,-0.152043598,0.609470847,True
16.400000000,0.543318889,-0.152315897,0.638081405,0.546201946,-0.152049013,0.609610789,True
16.402000000,0.543318889,-0.152315897,0.638081405,0.546196917,-0.152054307,0.609749750,True
16.404000000,0.543318889,-0.152315897,0.638081405,0.546191615,-0.152059490,0.609887362,True
16.406000000,0.543318889,-0.152315897,0.638081405,0.546186111,-0.152064569,0.610023345,True
16.408000000,0.543318889,-0.152315897,0.638081405,0.546180464,-0.152069551,0.610157485,True
16.410000000,0.543318889,-0.152315897,0.638081405,0.546174724,-0.152074440,0.610289618,True
16.412000000,0.543222834,-0.152365720,0.639677741,0.546170894,-0.152080010,0.610427526,True
16.414000000,0.543222834,-0.152365720,0.639677741,0.546167300,-0.152085707,0.610568309,True
16.416000000,0.543222834,-0.152365720,0.639677741,0.546163380,-0.152091346,0.610710349,True
16.418000000,0.543222834,-0.152365720,0.639677741,0.546159002,-0.152096872,0.610852635,True
16.420000000,0.543222834,-0.152365720,0.639677741,0.546154186,-0.152102276,0.610994474,True
16.422000000,0.543222834,-0.152365720,0.639677741,0.546149005,-0.152107564,0.611135358,True
16.424000000,0.543222834,-0.152365720,0.639677741,0.546143536,-0.152112745,0.611274907,True
16.426000000,0.543222834,-0.152365720,0.639677741,0.546137853,-0.152117826,0.611412830,True
16.428000000,0.543222834,-0.152365720,0.639677741,0.546132017,-0.152122814,0.611548904,True
16.430000000,0.543222834,-0.152365720,0.639677741,0.546126082,-0.152127711,0.611682960,True
16.432000000,0.543126779,-0.152415544,0.641274078,0.546122090,-0.152133300,0.611822849,True
16.434000000,0.543126779,-0.152415544,0.641274078,0.546118337,-0.152139022,0.611965627,True
16.436000000,0.543126779,-0.152415544,0.641274078,0.546114252,-0.152144684,0.612109654,True
16.438000000,0.543126779,-0.152415544,0.641274078,0.546109702,-0.152150232,0.612253911,True
16.440000000,0.543126779,-0.152415544,0.641274078,0.546104708,-0.152155658,0.612397698,True
16.442000000,0.543126779,-0.152415544,0.641274078,0.546099343,-0.152160967,0.612540506,True
16.444000000,0.543126779,-0.152415544,0.641274078,0.546093686,-0.152166168,0.612681950,True
16.446000000,0.543126779,-0.152415544,0.641274078,0.546087813,-0.152171268,0.612821739,True
16.448000000,0.543126779,-0.152415544,0.641274078,0.546081786,-0.152176274,0.612959647,True
16.450000000,0.543126779,-0.152415544,0.641274078,0.546075660,-0.152181188,0.613095507,True
16.452000000,0.543030724,-0.152465367,0.642870415,0.546078403,-0.152189286,0.613275210,True
16.454000000,0.543030724,-0.152465367,0.642870415,0.546081460,-0.152197955,0.613483019,True
16.456000000,0.543030724,-0.152465367,0.642870415,0.546081998,-0.152206360,0.613709939,True
16.458000000,0.543030724,-0.152465367,0.642870415,0.546079390,-0.152214309,0.613950198,True
16.460000000,0.543030724,-0.152465367,0.642870415,0.546073807,-0.152221827,0.614199734,True
16.462000000,0.543030724,-0.152465367,0.642870415,0.546065660,-0.152228993,0.614455509,True
16.464000000,0.543030724,-0.152465367,0.642870415,0.546055400,-0.152235887,0.614715172,True
16.466000000,0.543030724,-0.152465367,0.642870415,0.546043438,-0.152242574,0.614976872,True
16.468000000,0.543030724,-0.152465367,0.642870415,0.546030129,-0.152249104,0.615239141,True
16.470000000,0.543030724,-0.152465367,0.642870415,0.546015772,-0.152255509,0.615500813,True
16.472000000,0.542934669,-0.152515190,0.644466752,0.545996986,-0.152260483,0.615733945,True
16.474000000,0.542934669,-0.152515190,0.644466752,0.545978165,-0.152265253,0.615946525,True
16.476000000,0.542934669,-0.152515190,0.644466752,0.545960790,-0.152270181,0.616143135,True
16.478000000,0.542934669,-0.152515190,0.644466752,0.545945206,-0.152275317,0.616326737,True
16.480000000,0.542934669,-0.152515190,0.644466752,0.545931352,-0.152280614,0.616499442,True
16.482000000,0.542934669,-0.152515190,0.644466752,0.545919034,-0.152286004,0.616662852,True
16.484000000,0.542934669,-0.152515190,0.644466752,0.545908037,-0.152291424,0.616818236,True
16.486000000,0.542934669,-0.152515190,0.644466752,0.545898160,-0.152296824,0.616966614,True
16.488000000,0.542934669,-0.152515190,0.644466752,0.545889231,-0.152302166,0.617108823,True
16.490000000,0.542934669,-0.152515190,0.644466752,0.545881102,-0.152307425,0.617245550,True
16.492000000,0.542838614,-0.152565014,0.646063088,0.545875654,-0.152313387,0.617386202,True
16.494000000,0.542838614,-0.152565014,0.646063088,0.545870955,-0.152319453,0.617528118,True
16.496000000,0.542838614,-0.152565014,0.646063088,0.545866302,-0.152325418,0.617669954,True
16.498000000,0.542838614,-0.152565014,0.646063088,0.545861476,-0.152331223,0.617810955,True
16.500000000,0.542838614,-0.152565014,0.646063088,0.545856439,-0.152336862,0.617950646,True
16.502000000,0.542838614,-0.152565014,0.646063088,0.545851216,-0.152342343,0.618088703,True
16.504000000,0.542838614,-0.152565014,0.646063088,0.545845851,-0.152347679,0.618224895,True
16.506000000,0.542838614,-0.152565014,0.646063088,0.545840386,-0.152352883,0.618359053,True
16.508000000,0.542838614,-0.152565014,0.646063088,0.545834862,-0.152357963,0.618491053,True
16.510000000,0.542838614,-0.152565014,0.646063088,0.545829311,-0.152362927,0.618620805,True
16.512000000,0.542742559,-0.152614837,0.647659425,0.545825825,-0.152368590,0.618756284,True
16.514000000,0.542742559,-0.152614837,0.647659425,0.545822628,-0.152374372,0.618894515,True
16.516000000,0.542742559,-0.152614837,0.647659425,0.545819118,-0.152380080,0.619033882,True
16.518000000,0.542742559,-0.152614837,0.647659425,0.545815151,-0.152385659,0.619173398,True
16.520000000,0.542742559,-0.152614837,0.647659425,0.545810742,-0.152391100,0.619312398,True
16.522000000,0.542742559,-0.152614837,0.647659425,0.545805961,-0.152396414,0.619450402,True
16.524000000,0.542742559,-0.152614837,0.647659425,0.545800886,-0.152401609,0.619587050,True
16.526000000,0.542742559,-0.152614837,0.647659425,0.545795589,-0.152406696,0.619722068,True
16.528000000,0.542742559,-0.152614837,0.647659425,0.545790134,-0.152411681,0.619855248,True
16.530000000,0.542742559,-0.152614837,0.647659425,0.545784573,-0.152416571,0.619986432,True
16.532000000,0.542646504,-0.152664661,0.649255762,0.545781059,-0.152422183,0.620123554,True
16.534000000,0.542646504,-0.152664661,0.649255762,0.545777800,-0.152427930,0.620263564,True
16.536000000,0.542646504,-0.152664661,0.649255762,0.545774193,-0.152433611,0.620404804,True
16.538000000,0.542646504,-0.152664661,0.649255762,0.545770097,-0.152439169,0.620546257,True
16.540000000,0.542646504,-0.152664661,0.649255762,0.545765534,-0.152444597,0.620687237,True
16.542000000,0.542646504,-0.152664661,0.649255762,0.545760578,-0.152449902,0.620827246,True
16.544000000,0.542646504,-0.152664661,0.649255762,0.545755311,-0.152455093,0.620965913,True
16.546000000,0.542646504,-0.152664661,0.649255762,0.545749810,-0.152460179,0.621102952,True
16.548000000,0.542646504,-0.152664661,0.649255762,0.545744141,-0.152465167,0.621238146,True
16.550000000,0.542646504,-0.152664661,0.649255762,0.545738359,-0.152470061,0.621371332,True
16.552000000,0.542550449,-0.152714484,0.650852099,0.545734658,-0.152475691,0.621510517,True
16.554000000,0.542550449,-0.152714484,0.650852099,0.545731213,-0.152481458,0.621652604,True
16.556000000,0.542550449,-0.152714484,0.650852099,0.545727416,-0.152487161,0.621795914,True
16.558000000,0.542550449,-0.152714484,0.650852099,0.545723122,-0.152492739,0.621939419,True
16.560000000,0.542550449,-0.152714484,0.650852099,0.545718354,-0.152498186,0.622082427,True
16.562000000,0.542550449,-0.152714484,0.650852099,0.545713188,-0.152503509,0.622224439,True
16.564000000,0.542550449,-0.152714484,0.650852099,0.545707709,-0.152508717,0.622365078,True
16.566000000,0.542550449,-0.152714484,0.650852099,0.545701993,-0.152513819,0.622504059,True
16.568000000,0.542550449,-0.152714484,0.650852099,0.545696108,-0.152518822,0.622641164,True
16.570000000,0.542550449,-0.152714484,0.650852099,0.545690110,-0.152523732,0.622776227,True
16.572000000,0.542454394,-0.152764307,0.652448435,0.545686228,-0.152529388,0.622917336,True
16.574000000,0.542454394,-0.152764307,0.652448435,0.545682610,-0.152535183,0.623061350,True
16.576000000,0.542454394,-0.152764307,0.652448435,0.545678636,-0.152540911,0.623206570,True
16.578000000,0.542454394,-0.152764307,0.652448435,0.545674161,-0.152546514,0.623351962,True
16.580000000,0.542454394,-0.152764307,0.652448435,0.545669207,-0.152551983,0.623496831,True
16.582000000,0.542454394,-0.152764307,0.652448435,0.545663851,-0.152557326,0.623640673,True
16.584000000,0.542454394,-0.152764307,0.652448435,0.545658179,-0.152562553,0.623783113,True
16.586000000,0.542454394,-0.152764307,0.652448435,0.545652270,-0.152567672,0.623923864,True
16.588000000,0.542454394,-0.152764307,0.652448435,0.545646191,-0.152572692,0.624062707,True
16.590000000,0.542454394,-0.152764307,0.652448435,0.545639999,-0.152577617,0.624199475,True
16.592000000,0.542358339,-0.152814131,0.654044772,0.545643148,-0.152585891,0.624380999,True
16.594000000,0.542358339,-0.152814131,0.654044772,0.545646542,-0.152594728,0.624590725,True
16.596000000,0.542358339,-0.152814131,0.654044772,0.545647194,-0.152603242,0.624819418,True
16.598000000,0.542358339,-0.152814131,0.654044772,0.545644459,-0.152611236,0.625061261,True
16.600000000,0.542358339,-0.152814131,0.654044772,0.545638530,-0.152618739,0.625312212,True
16.602000000,0.542358339,-0.152814131,0.654044772,0.545629854,-0.152625841,0.625569268,True
16.604000000,0.542358339,-0.152814131,0.654044772,0.545618914,-0.152632632,0.625830111,True
16.606000000,0.542358339,-0.152814131,0.654044772,0.545606151,-0.152639186,0.626092918,True
16.608000000,0.542358339,-0.152814131,0.654044772,0.545591947,-0.152645559,0.626356240,True
16.610000000,0.542358339,-0.152814131,0.654044772,0.545576620,-0.152651789,0.626618928,True
16.612000000,0.542262284,-0.152863954,0.655641109,0.545556735,-0.152656535,0.626852662,True
16.614000000,0.542262284,-0.152863954,0.655641109,0.545536903,-0.152661095,0.627065792,True
16.616000000,0.542262284,-0.152863954,0.655641109,0.545518657,-0.152665849,0.627263005,True
16.618000000,0.542262284,-0.152863954,0.655641109,0.545502348,-0.152670848,0.627447280,True
16.620000000,0.542262284,-0.152863954,0.655641109,0.545487896,-0.152676040,0.627620713,True
16.622000000,0.542262284,-0.152863954,0.655641109,0.545475091,-0.152681353,0.627784891,True
16.624000000,0.542262284,-0.152863954,0.655641109,0.545463699,-0.152686717,0.627941066,True
16.626000000,0.542262284,-0.152863954,0.655641109,0.545453507,-0.152692080,0.628090246,True
16.628000000,0.542262284,-0.152863954,0.655641109,0.545444328,-0.152697399,0.628233257,True
16.630000000,0.542262284,-0.152863954,0.655641109,0.545436005,-0.152702646,0.628370778,True
16.632000000,0.542166229,-0.152913778,0.657237446,0.545430575,-0.152708658,0.628512440,True
16.634000000,0.542166229,-0.152913778,0.657237446,0.545425954,-0.152714787,0.628655378,True
16.636000000,0.542166229,-0.152913778,0.657237446,0.545421386,-0.152720813,0.628798187,True
16.638000000,0.542166229,-0.152913778,0.657237446,0.545416635,-0.152726673,0.628940097,True
16.640000000,0.542166229,-0.152913778,0.657237446,0.545411659,-0.152732358,0.629080639,True
16.642000000,0.542166229,-0.152913778,0.657237446,0.545406484,-0.152737879,0.629219495,True
16.644000000,0.542166229,-0.152913778,0.657237446,0.545401156,-0.152743249,0.629356444,True
16.646000000,0.542166229,-0.152913778,0.657237446,0.545395719,-0.152748481,0.629491321,True
16.648000000,0.542166229,-0.152913778,0.657237446,0.545390215,-0.152753586,0.629624010,True
16.650000000,0.542166229,-0.152913778,0.657237446,0.545384680,-0.152758572,0.629754427,True
16.652000000,0.542070174,-0.152963601,0.658833783,0.545381380,-0.152764308,0.629890778,True
16.654000000,0.542070174,-0.152963601,0.658833783,0.545378396,-0.152770172,0.630029893,True
16.656000000,0.542070174,-0.152963601,0.658833783,0.545375080,-0.152775954,0.630170097,True
16.658000000,0.542070174,-0.152963601,0.658833783,0.545371273,-0.152781594,0.630310393,True
16.660000000,0.542070174,-0.152963601,0.658833783,0.545366994,-0.152787088,0.630450119,True
16.662000000,0.542070174,-0.152963601,0.658833783,0.545362314,-0.152792443,0.630588804,True
16.664000000,0.542070174,-0.152963601,0.658833783,0.545357316,-0.152797673,0.630726097,True
16.666000000,0.542000000,-0.153000000,0.660000000,0.545353735,-0.152803418,0.630867696,True
16.668000000,0.542000000,-0.153000000,0.660000000,0.545350209,-0.152809225,0.631011118,True
16.670000000,0.542000000,-0.153000000,0.660000000,0.545346304,-0.152814945,0.631155012,True
16.672000000,0.542000000,-0.153000000,0.660000000,0.545341936,-0.152820537,0.631298550,True
16.674000000,0.542000000,-0.153000000,0.660000000,0.545337144,-0.152825997,0.631441173,True
16.676000000,0.542000000,-0.153000000,0.660000000,0.545332003,-0.152831334,0.631582476,True
16.678000000,0.542000000,-0.153000000,0.660000000,0.545326592,-0.152836557,0.631722157,True
16.680000000,0.542000000,-0.153000000,0.660000000,0.545320980,-0.152841672,0.631859989,True
16.682000000,0.542000000,-0.153000000,0.660000000,0.545315229,-0.152846688,0.631995798,True
16.684000000,0.542000000,-0.153000000,0.660000000,0.545309389,-0.152851607,0.632129455,True
