timestamp,target_x,target_y,target_z,actual_x,actual_y,actual_z,ik_converged
0.002000000,0.386977878,-0.000000000,0.854487017,0.386984256,0.000000212,0.854466768,True
0.004000000,0.386977878,-0.000000000,0.854487017,0.386997232,0.000000726,0.854434181,True
0.006000000,0.386977878,-0.000000000,0.854487017,0.387016068,0.000001494,0.854393328,True
0.008000000,0.386977878,-0.000000000,0.854487017,0.387039782,0.000002441,0.854346584,True
0.010000000,0.386977878,-0.000000000,0.854487017,0.387067421,0.000003501,0.854295512,True
0.012000000,0.386977878,-0.000000000,0.854487017,0.387098142,0.000004624,0.854241243,True
0.014000000,0.386977878,-0.000000000,0.854487017,0.387131234,0.000005774,0.854184643,True
0.016000000,0.386977878,-0.000000000,0.854487017,0.387166109,0.000006926,0.854126397,True
0.018000000,0.386977878,-0.000000000,0.854487017,0.387202281,0.000008063,0.854067051,True
0.020000000,0.386977878,-0.000000000,0.854487017,0.387239355,0.000009177,0.854007049,True
0.022000000,0.387516094,0.001560661,0.853506680,0.387277609,0.000010284,0.853943800,True
0.024000000,0.387516094,0.001560661,0.853506680,0.387316918,0.000011403,0.853878852,True
0.026000000,0.387516094,0.001560661,0.853506680,0.387357027,0.000012529,0.853813049,True
0.028000000,0.387516094,0.001560661,0.853506680,0.387397662,0.000013651,0.853746915,True
0.030000000,0.387516094,0.001560661,0.853506680,0.387438577,0.000014760,0.853680805,True
0.032000000,0.387516094,0.001560661,0.853506680,0.387479562,0.000015850,0.853614983,True
0.034000000,0.387516094,0.001560661,0.853506680,0.387520444,0.000016916,0.853549647,True
0.036000000,0.387516094,0.001560661,0.853506680,0.387561083,0.000017957,0.853484955,True
0.038000000,0.387516094,0.001560661,0.853506680,0.387601367,0.000018972,0.853421026,True
0.040000000,0.387516094,0.001560661,0.853506680,0.387641207,0.000019960,0.853357956,True
0.042000000,0.387874904,0.002601102,0.852853123,0.387681658,0.000020962,0.853292152,True
0.044000000,0.387874904,0.002601102,0.852853123,0.387722713,0.000021996,0.853225106,True
0.046000000,0.387874904,0.002601102,0.852853123,0.387764203,0.000023052,0.853157596,True
0.048000000,0.387874904,0.002601102,0.852853123,0.387805924,0.000024119,0.853090080,True
0.050000000,0.387874904,0.002601102,0.852853123,0.387847682,0.000025184,0.853022858,True
0.052000000,0.387874904,0.002601102,0.852853123,0.387889313,0.000026240,0.852956145,True
0.054000000,0.387874904,0.002601102,0.852853123,0.387930680,0.000027280,0.852890102,True
0.056000000,0.387874904,0.002601102,0.852853123,0.387971673,0.000028302,0.852824851,True
0.058000000,0.387874904,0.002601102,0.852853123,0.388012204,0.000029302,0.852760487,True
0.060000000,0.387874904,0.002601102,0.852853123,0.388052204,0.000030280,0.852697082,True
0.062000000,0.388323418,0.003901653,0.852036176,0.388092779,0.000031274,0.852630980,True
0.064000000,0.388323418,0.003901653,0.852036176,0.388133929,0.000032301,0.852563665,True
0.066000000,0.388323418,0.003901653,0.852036176,0.388175492,0.000033352,0.852495912,True
0.068000000,0.388323418,0.003901653,0.852036176,0.388217266,0.000034414,0.852428173,True
0.070000000,0.388323418,0.003901653,0.852036176,0.388259062,0.000035475,0.852360746,True
0.072000000,0.388323418,0.003901653,0.852036176,0.388300719,0.000036528,0.852293844,True
0.074000000,0.388323418,0.003901653,0.852036176,0.388342101,0.000037566,0.852227624,True
0.076000000,0.388323418,0.003901653,0.852036176,0.388383101,0.000038585,0.852162209,True
0.078000000,0.388323418,0.003901653,0.852036176,0.388423632,0.000039583,0.852097689,True
0.080000000,0.388323418,0.003901653,0.852036176,0.388463626,0.000040560,0.852034137,True
0.082000000,0.388771931,0.005202204,0.851219228,0.388504192,0.000041553,0.851967888,True
0.084000000,0.388771931,0.005202204,0.851219228,0.388545331,0.000042578,0.851900425,True
0.086000000,0.388771931,0.005202204,0.851219228,0.388586881,0.000043628,0.851832524,True
0.088000000,0.388771931,0.005202204,0.851219228,0.388628641,0.000044689,0.851764638,True
0.090000000,0.388771931,0.005202204,0.851219228,0.388670423,0.000045749,0.851697066,True
0.092000000,0.388771931,0.005202204,0.851219228,0.388712065,0.000046801,0.851630019,True
0.094000000,0.388771931,0.005202204,0.851219228,0.388753431,0.000047838,0.851563658,True
0.096000000,0.388771931,0.005202204,0.851219228,0.388794415,0.000048856,0.851498102,True
0.098000000,0.388771931,0.005202204,0.851219228,0.388834929,0.000049854,0.851433446,True
0.100000000,0.388771931,0.005202204,0.851219228,0.388874906,0.000050829,0.851369759,True
0.102000000,0.389220444,0.006502756,0.850402281,0.388915454,0.000051821,0.851303371,True
0.104000000,0.389220444,0.006502756,0.850402281,0.388956574,0.000052846,0.851235769,True
0.106000000,0.389220444,0.006502756,0.850402281,0.388998106,0.000053895,0.851167725,True
0.108000000,0.389220444,0.006502756,0.850402281,0.389039847,0.000054955,0.851099697,True
0.110000000,0.389220444,0.006502756,0.850402281,0.389081611,0.000056014,0.851031983,True
0.112000000,0.389220444,0.006502756,0.850402281,0.389123234,0.000057065,0.850964795,True
0.114000000,0.389220444,0.006502756,0.850402281,0.389164582,0.000058101,0.850898294,True
0.116000000,0.389220444,0.006502756,0.850402281,0.389205548,0.000059119,0.850832600,True
0.118000000,0.389220444,0.006502756,0.850402281,0.389246044,0.000060115,0.850767808,True
0.120000000,0.389220444,0.006502756,0.850402281,0.389286004,0.000061090,0.850703986,True
0.122000000,0.389668958,0.007803307,0.849585334,0.389326532,0.000062081,0.850637462,True
0.124000000,0.389668958,0.007803307,0.849585334,0.389367633,0.000063105,0.850569719,True
0.126000000,0.389668958,0.007803307,0.849585334,0.389409145,0.000064153,0.850501534,True
0.128000000,0.389668958,0.007803307,0.849585334,0.389450867,0.000065212,0.850433364,True
0.130000000,0.389668958,0.007803307,0.849585334,0.389492612,0.000066271,0.850365508,True
0.132000000,0.389668958,0.007803307,0.849585334,0.389534216,0.000067321,0.850298179,True
0.134000000,0.389668958,0.007803307,0.849585334,0.389575545,0.000068356,0.850231538,True
0.136000000,0.389668958,0.007803307,0.849585334,0.389616492,0.000069372,0.850165707,True
0.138000000,0.389668958,0.007803307,0.849585334,0.389656970,0.000070368,0.850100778,True
0.140000000,0.389668958,0.007803307,0.849585334,0.389696911,0.000071342,0.850036822,True
0.142000000,0.390117471,0.009103858,0.848768387,0.389737419,0.000072332,0.849970160,True
0.144000000,0.390117471,0.009103858,0.848768387,0.389778500,0.000073355,0.849902278,True
0.146000000,0.390117471,0.009103858,0.848768387,0.389819992,0.000074402,0.849833952,True
0.148000000,0.390117471,0.009103858,0.848768387,0.389861695,0.000075460,0.849765639,True
0.150000000,0.390117471,0.009103858,0.848768387,0.389903420,0.000076518,0.849697641,True
0.152000000,0.390117471,0.009103858,0.848768387,0.389945004,0.000077567,0.849630171,True
0.154000000,0.390117471,0.009103858,0.848768387,0.389986315,0.000078602,0.849563391,True
0.156000000,0.390117471,0.009103858,0.848768387,0.390027242,0.000079617,0.849497421,True
0.158000000,0.390117471,0.009103858,0.848768387,0.390067701,0.000080612,0.849432355,True
0.160000000,0.390117471,0.009103858,0.848768387,0.390107623,0.000081585,0.849368266,True
0.162000000,0.390565984,0.010404409,0.847951440,0.390148111,0.000082575,0.849301466,True
0.164000000,0.390565984,0.010404409,0.847951440,0.390189172,0.000083597,0.849233443,True
0.166000000,0.390565984,0.010404409,0.847951440,0.390230644,0.000084643,0.849164976,True
0.168000000,0.390565984,0.010404409,0.847951440,0.390272326,0.000085700,0.849096521,True
0.170000000,0.390565984,0.010404409,0.847951440,0.390314031,0.000086757,0.849028381,True
0.172000000,0.390565984,0.010404409,0.847951440,0.390355596,0.000087805,0.848960770,True
0.174000000,0.390565984,0.010404409,0.847951440,0.390396886,0.000088839,0.848893850,True
0.176000000,0.390565984,0.010404409,0.847951440,0.390437794,0.000089854,0.848827741,True
0.178000000,0.390565984,0.010404409,0.847951440,0.390478233,0.000090848,0.848762540,True
0.180000000,0.390565984,0.010404409,0.847951440,0.390518136,0.000091820,0.848698316,True
0.182000000,0.391014498,0.011704960,0.847134493,0.390558604,0.000092808,0.848631379,True
0.184000000,0.391014498,0.011704960,0.847134493,0.390599644,0.000093829,0.848563216,True
0.186000000,0.391014498,0.011704960,0.847134493,0.390641094,0.000094875,0.848494607,True
0.188000000,0.391014498,0.011704960,0.847134493,0.390682756,0.000095931,0.848426010,True
0.190000000,0.391014498,0.011704960,0.847134493,0.390724440,0.000096987,0.848357728,True
0.192000000,0.391014498,0.011704960,0.847134493,0.390765984,0.000098034,0.848289976,True
0.194000000,0.391014498,0.011704960,0.847134493,0.390807255,0.000099067,0.848222915,True
0.196000000,0.391014498,0.011704960,0.847134493,0.390848142,0.000100081,0.848156668,True
0.198000000,0.391014498,0.011704960,0.847134493,0.390888562,0.000101074,0.848091330,True
0.200000000,0.391014498,0.011704960,0.847134493,0.390928445,0.000102045,0.848026972,True
0.202000000,0.391463011,0.013005511,0.846317546,0.390968891,0.000103033,0.847959897,True
0.204000000,0.391463011,0.013005511,0.846317546,0.391009910,0.000104053,0.847891594,True
0.206000000,0.391463011,0.013005511,0.846317546,0.391051339,0.000105097,0.847822843,True
0.208000000,0.391463011,0.013005511,0.846317546,0.391092980,0.000106153,0.847754104,True
0.210000000,0.391463011,0.013005511,0.846317546,0.391134643,0.000107208,0.847685679,True
0.212000000,0.391463011,0.013005511,0.846317546,0.391176166,0.000108254,0.847617786,True
0.214000000,0.391463011,0.013005511,0.846317546,0.391217416,0.000109286,0.847550585,True
0.216000000,0.391463011,0.013005511,0.846317546,0.391258283,0.000110299,0.847484200,True
0.218000000,0.391463011,0.013005511,0.846317546,0.391298682,0.000111291,0.847418726,True
0.220000000,0.391463011,0.013005511,0.846317546,0.391338545,0.000112262,0.847354233,True
0.222000000,0.391911524,0.014306062,0.845500598,0.391378970,0.000113248,0.847287020,True
0.224000000,0.391911524,0.014306062,0.845500598,0.391419966,0.000114267,0.847218577,True
0.226000000,0.391911524,0.014306062,0.845500598,0.391461374,0.000115311,0.847149684,True
0.228000000,0.391911524,0.014306062,0.845500598,0.391502992,0.000116365,0.847080803,True
0.230000000,0.391911524,0.014306062,0.845500598,0.391544634,0.000117420,0.847012236,True
0.232000000,0.391911524,0.014306062,0.845500598,0.391586136,0.000118465,0.846944201,True
0.234000000,0.391911524,0.014306062,0.845500598,0.391627365,0.000119496,0.846876861,True
0.236000000,0.391911524,0.014306062,0.845500598,0.391668211,0.000120508,0.846810337,True
0.238000000,0.391911524,0.014306062,0.845500598,0.391708589,0.000121499,0.846744726,True
0.240000000,0.391911524,0.014306062,0.845500598,0.391748431,0.000122469,0.846680098,True
0.242000000,0.392360038,0.015606613,0.844683651,0.391789075,0.000165393,0.846605234,True
0.244000000,0.392360038,0.015606613,0.844683651,0.391831182,0.000238162,0.846525307,True
0.246000000,0.392360038,0.015606613,0.844683651,0.391874666,0.000332265,0.846442776,True
0.248000000,0.392360038,0.015606613,0.844683651,0.391919203,0.000441468,0.846358939,True
0.250000000,0.392360038,0.015606613,0.844683651,0.391964438,0.000561147,0.846274573,True
0.252000000,0.392360038,0.015606613,0.844683651,0.392010045,0.000687863,0.846190195,True
0.254000000,0.392360038,0.015606613,0.844683651,0.392055756,0.000819062,0.846106172,True
0.256000000,0.392360038,0.015606613,0.844683651,0.392101349,0.000952847,0.846022781,True
0.258000000,0.392360038,0.015606613,0.844683651,0.392146652,0.001087816,0.845940229,True
0.260000000,0.392360038,0.015606613,0.844683651,0.392191526,0.001222937,0.845858675,True
0.262000000,0.392808551,0.016907164,0.843866704,0.392237113,0.001363996,0.845773466,True
0.264000000,0.392808551,0.016907164,0.843866704,0.392283436,0.001508547,0.845686611,True
0.266000000,0.392808551,0.016907164,0.843866704,0.392330297,0.001654866,0.845599153,True
0.268000000,0.392808551,0.016907164,0.843866704,0.392377446,0.001801697,0.845511700,True
0.270000000,0.392808551,0.016907164,0.843866704,0.392424648,0.001948122,0.845424650,True
0.272000000,0.392808551,0.016907164,0.843866704,0.392471701,0.002093469,0.845338283,True
0.274000000,0.392808551,0.016907164,0.843866704,0.392518439,0.002237253,0.845252805,True
0.276000000,0.392808551,0.016907164,0.843866704,0.392564730,0.002379129,0.845168375,True
0.278000000,0.392808551,0.016907164,0.843866704,0.392610470,0.002518852,0.845085111,True
0.280000000,0.392808551,0.016907164,0.843866704,0.392655577,0.002656255,0.845003104,True
0.282000000,0.393257064,0.018207715,0.843049757,0.392701320,0.002798649,0.844917629,True
0.284000000,0.393257064,0.018207715,0.843049757,0.392747726,0.002943846,0.844830618,True
0.286000000,0.393257064,0.018207715,0.843049757,0.392794606,0.003090305,0.844743079,True
0.288000000,0.393257064,0.018207715,0.843049757,0.392841723,0.003236907,0.844655600,True
0.290000000,0.393257064,0.018207715,0.843049757,0.392888851,0.003382832,0.844568565,True
0.292000000,0.393257064,0.018207715,0.843049757,0.392935799,0.003527486,0.844482244,True
0.294000000,0.393257064,0.018207715,0.843049757,0.392982407,0.003670439,0.844396839,True
0.296000000,0.393257064,0.018207715,0.843049757,0.393028550,0.003811385,0.844312502,True
0.298000000,0.393257064,0.018207715,0.843049757,0.393074127,0.003950112,0.844229347,True
0.300000000,0.393257064,0.018207715,0.843049757,0.393119060,0.004086477,0.844147461,True
0.302000000,0.393705578,0.019508267,0.842232810,0.393164633,0.004227793,0.844062154,True
0.304000000,0.393705578,0.019508267,0.842232810,0.393210864,0.004371891,0.843975322,True
0.306000000,0.393705578,0.019508267,0.842232810,0.393257563,0.004517244,0.843887960,True
0.308000000,0.393705578,0.019508267,0.842232810,0.393304494,0.004662740,0.843800653,True
0.310000000,0.393705578,0.019508267,0.842232810,0.393351433,0.004807566,0.843713785,True
0.312000000,0.393705578,0.019508267,0.842232810,0.393398188,0.004951131,0.843627627,True
0.314000000,0.393705578,0.019508267,0.842232810,0.393444604,0.005093008,0.843542381,True
0.316000000,0.393705578,0.019508267,0.842232810,0.393490554,0.005232895,0.843458198,True
0.318000000,0.393705578,0.019508267,0.842232810,0.393535939,0.005370580,0.843375194,True
0.320000000,0.393705578,0.019508267,0.842232810,0.393580683,0.005505920,0.843293457,True
0.322000000,0.394154091,0.020808818,0.841415863,0.393626078,0.005646197,0.843208335,True
0.324000000,0.394154091,0.020808818,0.841415863,0.393672130,0.005789254,0.843121692,True
0.326000000,0.394154091,0.020808818,0.841415863,0.393718649,0.005933570,0.843034512,True
0.328000000,0.394154091,0.020808818,0.841415863,0.393765398,0.006078039,0.842947378,True
0.330000000,0.394154091,0.020808818,0.841415863,0.393812154,0.006221849,0.842860674,True
0.332000000,0.394154091,0.020808818,0.841415863,0.393858727,0.006364414,0.842774672,True
0.334000000,0.394154091,0.020808818,0.841415863,0.393904961,0.006505306,0.842689576,True
0.336000000,0.394154091,0.020808818,0.841415863,0.393950730,0.006644225,0.842605538,True
0.338000000,0.394154091,0.020808818,0.841415863,0.393995938,0.006780959,0.842522675,True
0.340000000,0.394154091,0.020808818,0.841415863,0.394040507,0.006915367,0.842441074,True
0.342000000,0.394602604,0.022109369,0.840598916,0.394085737,0.007054699,0.842356124,True
0.344000000,0.394602604,0.022109369,0.840598916,0.394131627,0.007196809,0.842269656,True
0.346000000,0.394602604,0.022109369,0.840598916,0.394177981,0.007340183,0.842182644,True
0.348000000,0.394602604,0.022109369,0.840598916,0.394224564,0.007483717,0.842095669,True
0.350000000,0.394602604,0.022109369,0.840598916,0.394271153,0.007626605,0.842009114,True
0.352000000,0.394602604,0.022109369,0.840598916,0.394317559,0.007768260,0.841923255,True
0.354000000,0.394602604,0.022109369,0.840598916,0.394363627,0.007908258,0.841838294,True
0.356000000,0.394602604,0.022109369,0.840598916,0.394409232,0.008046297,0.841754387,True
0.358000000,0.394602604,0.022109369,0.840598916,0.394454277,0.008182168,0.841671650,True
0.360000000,0.394602604,0.022109369,0.840598916,0.394498686,0.008315729,0.841590171,True
0.362000000,0.395051118,0.023409920,0.839781969,0.394543768,0.008454203,0.841505379,True
0.364000000,0.395051118,0.023409920,0.839781969,0.394589510,0.008595452,0.841419072,True
0.366000000,0.395051118,0.023409920,0.839781969,0.394635716,0.008737969,0.841332214,True
0.368000000,0.395051118,0.023409920,0.839781969,0.394682148,0.008880655,0.841245383,True
0.370000000,0.395051118,0.023409920,0.839781969,0.394728586,0.009022705,0.841158964,True
0.372000000,0.395051118,0.023409920,0.839781969,0.394774840,0.009163533,0.841073232,True
0.374000000,0.395051118,0.023409920,0.839781969,0.394820757,0.009302718,0.840988393,True
0.376000000,0.395051118,0.023409920,0.839781969,0.394866212,0.009439959,0.840904603,True
0.378000000,0.395051118,0.023409920,0.839781969,0.394911109,0.009575046,0.840821979,True
0.380000000,0.395051118,0.023409920,0.839781969,0.394955371,0.009707837,0.840740609,True
0.382000000,0.395499631,0.024710471,0.838965021,0.395000319,0.009845531,0.840655961,True
0.384000000,0.395499631,0.024710471,0.838965021,0.395045929,0.009985999,0.840569802,True
0.386000000,0.395499631,0.024710471,0.838965021,0.395092001,0.010127738,0.840483084,True
0.388000000,0.395499631,0.024710471,0.838965021,0.395138296,0.010269653,0.840396384,True
0.390000000,0.395499631,0.024710471,0.838965021,0.395184596,0.010410941,0.840310087,True
0.392000000,0.395499631,0.024710471,0.838965021,0.395230713,0.010551019,0.840224471,True
0.394000000,0.395499631,0.024710471,0.838965021,0.395276492,0.010689466,0.840139742,True
0.396000000,0.395499631,0.024710471,0.838965021,0.395321811,0.010825981,0.840056056,True
0.398000000,0.395499631,0.024710471,0.838965021,0.395366572,0.010960355,0.839973531,True
0.400000000,0.395499631,0.024710471,0.838965021,0.395410702,0.011092448,0.839892259,True
0.402000000,0.395948144,0.026011022,0.838148074,0.395455529,0.011229433,0.839807743,True
0.404000000,0.395948144,0.026011022,0.838148074,0.395501019,0.011369191,0.839721719,True
0.406000000,0.395948144,0.026011022,0.838148074,0.395546969,0.011510223,0.839635129,True
0.408000000,0.395948144,0.026011022,0.838148074,0.395593141,0.011651437,0.839548549,True
0.410000000,0.395948144,0.026011022,0.838148074,0.395639316,0.011792033,0.839462363,True
0.412000000,0.395948144,0.026011022,0.838148074,0.395685307,0.011931430,0.839376850,True
0.414000000,0.395948144,0.026011022,0.838148074,0.395730961,0.012069205,0.839292219,True
0.416000000,0.395948144,0.026011022,0.838148074,0.395776156,0.012205061,0.839208626,True
0.418000000,0.395948144,0.026011022,0.838148074,0.395820794,0.012338788,0.839126191,True
0.420000000,0.395948144,0.026011022,0.838148074,0.395864802,0.012470245,0.839045005,True
0.422000000,0.396396658,0.027311573,0.837331127,0.395908787,0.012566504,0.838965754,True
0.424000000,0.396396658,0.027311573,0.837331127,0.395952628,0.012637023,0.838888184,True
0.426000000,0.396396658,0.027311573,0.837331127,0.395996209,0.012688418,0.838812157,True
0.428000000,0.396396658,0.027311573,0.837331127,0.396039431,0.012725535,0.838737591,True
0.430000000,0.396396658,0.027311573,0.837331127,0.396082204,0.012751982,0.838664432,True
0.432000000,0.396396658,0.027311573,0.837331127,0.396124459,0.012770457,0.838592645,True
0.434000000,0.396396658,0.027311573,0.837331127,0.396166135,0.012782982,0.838522204,True
0.436000000,0.396396658,0.027311573,0.837331127,0.396207188,0.012791071,0.838453093,True
0.438000000,0.396396658,0.027311573,0.837331127,0.396247580,0.012795861,0.838385297,True
0.440000000,0.396396658,0.027311573,0.837331127,0.396287284,0.012798202,0.838318805,True
0.442000000,0.396845171,0.028612124,0.836514180,0.396328273,0.012843146,0.838244234,True
0.444000000,0.396845171,0.028612124,0.836514180,0.396370647,0.012918417,0.838165102,True
0.446000000,0.396845171,0.028612124,0.836514180,0.396414160,0.013015389,0.838083311,True
0.448000000,0.396845171,0.028612124,0.836514180,0.396458474,0.013127737,0.838000013,True
0.450000000,0.396845171,0.028612124,0.836514180,0.396503265,0.013250763,0.837915979,True
0.452000000,0.396845171,0.028612124,0.836514180,0.396548252,0.013380971,0.837831761,True
0.454000000,0.396845171,0.028612124,0.836514180,0.396593203,0.013515759,0.837747769,True
0.456000000,0.396845171,0.028612124,0.836514180,0.396637934,0.013653192,0.837664314,True
0.458000000,0.396845171,0.028612124,0.836514180,0.396682296,0.013791839,0.837581632,True
0.460000000,0.396845171,0.028612124,0.836514180,0.396726175,0.013930642,0.837499904,True
0.462000000,0.397293684,0.029912675,0.835697233,0.396770852,0.014075434,0.837414840,True
0.464000000,0.397293684,0.029912675,0.835697233,0.396816253,0.014223747,0.837328153,True
0.466000000,0.397293684,0.029912675,0.835697233,0.396862155,0.014373836,0.837240798,True
0.468000000,0.397293684,0.029912675,0.835697233,0.396908309,0.014524427,0.837153370,True
0.470000000,0.397293684,0.029912675,0.835697233,0.396954485,0.014674587,0.837066275,True
0.472000000,0.397293684,0.029912675,0.835697233,0.397000493,0.014823633,0.836979809,True
0.474000000,0.397293684,0.029912675,0.835697233,0.397046174,0.014971071,0.836894193,True
0.476000000,0.397293684,0.029912675,0.835697233,0.397091403,0.015116548,0.836809597,True
0.478000000,0.397293684,0.029912675,0.835697233,0.397136081,0.015259815,0.836726149,True
0.480000000,0.397293684,0.029912675,0.835697233,0.397180130,0.015400702,0.836643946,True
0.482000000,0.397742198,0.031213226,0.834880286,0.397224943,0.015546589,0.836558618,True
0.484000000,0.397742198,0.031213226,0.834880286,0.397270434,0.015695279,0.836471786,True
0.486000000,0.397742198,0.031213226,0.834880286,0.397316383,0.015845218,0.836384364,True
0.488000000,0.397742198,0.031213226,0.834880286,0.397362546,0.015995274,0.836296922,True
0.490000000,0.397742198,0.031213226,0.834880286,0.397408703,0.016144620,0.836209854,True
0.492000000,0.397742198,0.031213226,0.834880286,0.397454667,0.016292651,0.836123445,True
0.494000000,0.397742198,0.031213226,0.834880286,0.397500286,0.016438933,0.836037910,True
0.496000000,0.397742198,0.031213226,0.834880286,0.397545439,0.016583155,0.835953413,True
0.498000000,0.397742198,0.031213226,0.834880286,0.397590030,0.016725102,0.835870078,True
0.500000000,0.397742198,0.031213226,0.834880286,0.397633985,0.016864629,0.835787999,True
0.502000000,0.398190711,0.032513778,0.834063339,0.397678711,0.017009113,0.835702840,True
0.504000000,0.398190711,0.032513778,0.834063339,0.397724112,0.017156378,0.835616189,True
0.506000000,0.398190711,0.032513778,0.834063339,0.397769966,0.017304884,0.835528944,True
0.508000000,0.398190711,0.032513778,0.834063339,0.397816028,0.017453510,0.835441674,True
0.510000000,0.398190711,0.032513778,0.834063339,0.397862081,0.017601435,0.835354771,True
0.512000000,0.398190711,0.032513778,0.834063339,0.397907937,0.017748059,0.835268521,True
0.514000000,0.398190711,0.032513778,0.834063339,0.397953448,0.017892952,0.835183142,True
0.516000000,0.398190711,0.032513778,0.834063339,0.397998492,0.018035806,0.835098796,True
0.518000000,0.398190711,0.032513778,0.834063339,0.398042974,0.018176407,0.835015608,True
0.520000000,0.398190711,0.032513778,0.834063339,0.398086821,0.018314610,0.834933673,True
0.522000000,0.398639224,0.033814329,0.833246391,0.398131451,0.018457757,0.834848696,True
0.524000000,0.398639224,0.033814329,0.833246391,0.398176758,0.018603681,0.834762229,True
0.526000000,0.398639224,0.033814329,0.833246391,0.398222514,0.018750852,0.834675162,True
0.528000000,0.398639224,0.033814329,0.833246391,0.398268477,0.018898153,0.834588061,True
0.530000000,0.398639224,0.033814329,0.833246391,0.398314427,0.019044769,0.834501317,True
0.532000000,0.398639224,0.033814329,0.833246391,0.398360181,0.019190103,0.834415220,True
0.534000000,0.398639224,0.033814329,0.833246391,0.398405588,0.019333725,0.834329986,True
0.536000000,0.398639224,0.033814329,0.833246391,0.398450528,0.019475330,0.834245781,True
0.538000000,0.398639224,0.033814329,0.833246391,0.398494908,0.019614705,0.834162729,True
0.540000000,0.398639224,0.033814329,0.833246391,0.398538655,0.019751705,0.834080926,True
0.542000000,0.399087738,0.035114880,0.832429444,0.398583198,0.019893635,0.833996116,True
0.544000000,0.399087738,0.035114880,0.832429444,0.398628418,0.020038340,0.833909821,True
0.546000000,0.399087738,0.035114880,0.832429444,0.398674086,0.020184297,0.833822918,True
0.548000000,0.399087738,0.035114880,0.832429444,0.398719957,0.020330395,0.833735971,True
0.550000000,0.399087738,0.035114880,0.832429444,0.398765814,0.020475821,0.833649374,True
0.552000000,0.399087738,0.035114880,0.832429444,0.398811474,0.020619983,0.833563414,True
0.554000000,0.399087738,0.035114880,0.832429444,0.398856786,0.020762451,0.833478312,True
0.556000000,0.399087738,0.035114880,0.832429444,0.398901633,0.020902922,0.833394232,True
0.558000000,0.399087738,0.035114880,0.832429444,0.398945919,0.021041183,0.833311302,True
0.560000000,0.399087738,0.035114880,0.832429444,0.398989573,0.021177090,0.833229618,True
0.562000000,0.399536251,0.036415431,0.831612497,0.399034037,0.021317915,0.833144962,True
0.564000000,0.399536251,0.036415431,0.831612497,0.399079180,0.021461513,0.833058824,True
0.566000000,0.399536251,0.036415431,0.831612497,0.399124768,0.021606367,0.832972071,True
0.568000000,0.399536251,0.036415431,0.831612497,0.399170557,0.021751373,0.832885265,True
0.570000000,0.399536251,0.036415431,0.831612497,0.399216329,0.021895719,0.832798799,True
0.572000000,0.399536251,0.036415431,0.831612497,0.399261903,0.022038815,0.832712965,True
0.574000000,0.399536251,0.036415431,0.831612497,0.399307129,0.022180235,0.832627980,True
0.576000000,0.399536251,0.036415431,0.831612497,0.399351889,0.022319676,0.832544014,True
0.578000000,0.399536251,0.036415431,0.831612497,0.399396090,0.022456925,0.832461193,True
0.580000000,0.399536251,0.036415431,0.831612497,0.399439660,0.022591840,0.832379614,True
0.582000000,0.399984764,0.037715982,0.830795550,0.399484053,0.022731661,0.832295099,True
0.584000000,0.399984764,0.037715982,0.830795550,0.399529126,0.022874253,0.832209105,True
0.586000000,0.399984764,0.037715982,0.830795550,0.399574642,0.023018106,0.832122489,True
0.588000000,0.399984764,0.037715982,0.830795550,0.399620357,0.023162119,0.832035811,True
0.590000000,0.399984764,0.037715982,0.830795550,0.399666053,0.023305484,0.831949465,True
0.592000000,0.399984764,0.037715982,0.830795550,0.399711548,0.023447613,0.831863743,True
0.594000000,0.399984764,0.037715982,0.830795550,0.399756696,0.023588081,0.831778865,True
0.596000000,0.399984764,0.037715982,0.830795550,0.399801377,0.023726586,0.831694999,True
0.598000000,0.399984764,0.037715982,0.830795550,0.399845500,0.023862916,0.831612276,True
0.600000000,0.399984764,0.037715982,0.830795550,0.399888992,0.023996929,0.831530790,True
0.602000000,0.400433278,0.039016533,0.829978603,0.399933321,0.024135839,0.831446404,True
0.604000000,0.400433278,0.039016533,0.829978603,0.399978333,0.024277517,0.831360543,True
0.606000000,0.400433278,0.039016533,0.829978603,0.400023784,0.024420461,0.831274053,True
0.608000000,0.400433278,0.039016533,0.829978603,0.400069431,0.024563572,0.831187491,True
0.610000000,0.400433278,0.039016533,0.829978603,0.400115058,0.024706046,0.831101253,True
0.612000000,0.400433278,0.039016533,0.829978603,0.400160482,0.024847296,0.831015632,True
0.614000000,0.400433278,0.039016533,0.829978603,0.400205558,0.024986899,0.830930848,True
0.616000000,0.400433278,0.039016533,0.829978603,0.400250167,0.025124554,0.830847074,True
0.618000000,0.400433278,0.039016533,0.829978603,0.400294218,0.025260050,0.830764436,True
0.620000000,0.400433278,0.039016533,0.829978603,0.400337640,0.025393243,0.830683034,True
0.622000000,0.400881791,0.040317084,0.829161656,0.400381912,0.025531325,0.830598767,True
0.624000000,0.400881791,0.040317084,0.829161656,0.400426868,0.025672174,0.830513027,True
0.626000000,0.400881791,0.040317084,0.829161656,0.400472261,0.025814292,0.830426651,True
0.628000000,0.400881791,0.040317084,0.829161656,0.400517848,0.025956583,0.830340196,True
0.630000000,0.400881791,0.040317084,0.829161656,0.400563411,0.026098247,0.830254055,True
0.632000000,0.400881791,0.040317084,0.829161656,0.400608771,0.026238699,0.830168524,True
0.634000000,0.400881791,0.040317084,0.829161656,0.400653781,0.026377517,0.830083826,True
0.636000000,0.400881791,0.040317084,0.829161656,0.400698324,0.026514399,0.830000132,True
0.638000000,0.400881791,0.040317084,0.829161656,0.400742309,0.026649136,0.829917571,True
0.640000000,0.400881791,0.040317084,0.829161656,0.400785665,0.026781586,0.829836242,True
0.642000000,0.401330304,0.041617635,0.828344709,0.400828258,0.026878890,0.829754711,True
0.644000000,0.401330304,0.041617635,0.828344709,0.400870616,0.026950529,0.829674307,True
0.646000000,0.401330304,0.041617635,0.828344709,0.400912842,0.027003092,0.829595451,True
0.648000000,0.401330304,0.041617635,0.828344709,0.400954882,0.027041395,0.829518227,True
0.650000000,0.401330304,0.041617635,0.828344709,0.400996641,0.027069023,0.829442609,True
0.652000000,0.401330304,0.041617635,0.828344709,0.401038020,0.027088655,0.829368541,True
0.654000000,0.401330304,0.041617635,0.828344709,0.401078935,0.027102305,0.829295971,True
0.656000000,0.401330304,0.041617635,0.828344709,0.401119316,0.027111480,0.829224854,True
0.658000000,0.401330304,0.041617635,0.828344709,0.401159109,0.027117316,0.829155154,True
0.660000000,0.401330304,0.041617635,0.828344709,0.401198271,0.027120664,0.829086842,True
0.662000000,0.401778818,0.042918186,0.827527762,0.401239718,0.027166536,0.829013180,True
0.664000000,0.401778818,0.042918186,0.827527762,0.401282692,0.027242640,0.828935582,True
0.666000000,0.401778818,0.042918186,0.827527762,0.401326659,0.027340376,0.828855232,True
0.668000000,0.401778818,0.042918186,0.827527762,0.401371219,0.027453446,0.828773090,True
0.670000000,0.401778818,0.042918186,0.827527762,0.401416059,0.027577176,0.828689917,True
0.672000000,0.401778818,0.042918186,0.827527762,0.401460931,0.027708081,0.828606308,True
0.674000000,0.401778818,0.042918186,0.827527762,0.401505639,0.027843568,0.828522725,True
0.676000000,0.401778818,0.042918186,0.827527762,0.401550028,0.027981707,0.828439529,True
0.678000000,0.401778818,0.042918186,0.827527762,0.401593974,0.028121065,0.828356996,True
0.680000000,0.401778818,0.042918186,0.827527762,0.401637383,0.028260584,0.828275335,True
0.682000000,0.402227331,0.044218737,0.826710814,0.401681722,0.028406105,0.828190694,True
0.684000000,0.402227331,0.044218737,0.826710814,0.401726784,0.028555158,0.828104445,True
0.686000000,0.402227331,0.044218737,0.826710814,0.401772307,0.028705993,0.828017442,True
0.688000000,0.402227331,0.044218737,0.826710814,0.401818036,0.028857335,0.827930264,True
0.690000000,0.402227331,0.044218737,0.826710814,0.401863749,0.029008246,0.827843329,True
0.692000000,0.402227331,0.044218737,0.826710814,0.401909264,0.029158042,0.827756952,True
0.694000000,0.402227331,0.044218737,0.826710814,0.401954431,0.029306225,0.827671371,True
0.696000000,0.402227331,0.044218737,0.826710814,0.401999132,0.029452440,0.827586771,True
0.698000000,0.402227331,0.044218737,0.826710814,0.402043273,0.029596436,0.827503290,True
0.700000000,0.402227331,0.044218737,0.826710814,0.402086783,0.029738043,0.827421035,True
0.702000000,0.402675844,0.045519289,0.825893867,0.402131221,0.029884648,0.827336048,True
0.704000000,0.402675844,0.045519289,0.825893867,0.402176359,0.030034052,0.827249597,True
0.706000000,0.402675844,0.045519289,0.825893867,0.402221928,0.030184700,0.827162482,True
0.708000000,0.402675844,0.045519289,0.825893867,0.402267678,0.030335461,0.827075256,True
0.710000000,0.402675844,0.045519289,0.825893867,0.402313391,0.030485503,0.826988320,True
0.712000000,0.402675844,0.045519289,0.825893867,0.402358887,0.030634224,0.826901976,True
0.714000000,0.402675844,0.045519289,0.825893867,0.402404021,0.030781186,0.826816455,True
0.716000000,0.402675844,0.045519289,0.825893867,0.402448678,0.030926080,0.826731934,True
0.718000000,0.402675844,0.045519289,0.825893867,0.402492768,0.031068687,0.826648549,True
0.720000000,0.402675844,0.045519289,0.825893867,0.402536220,0.031208863,0.826566401,True
0.722000000,0.403124358,0.046819840,0.825076920,0.402580610,0.031353996,0.826481566,True
0.724000000,0.403124358,0.046819840,0.825076920,0.402625698,0.031501904,0.826395275,True
0.726000000,0.403124358,0.046819840,0.825076920,0.402671213,0.031651048,0.826308319,True
0.728000000,0.403124358,0.046819840,0.825076920,0.402716903,0.031800305,0.826221247,True
0.730000000,0.403124358,0.046819840,0.825076920,0.402762552,0.031948855,0.826134458,True
0.732000000,0.403124358,0.046819840,0.825076920,0.402807981,0.032096097,0.826048256,True
0.734000000,0.403124358,0.046819840,0.825076920,0.402853046,0.032241599,0.825962873,True
0.736000000,0.403124358,0.046819840,0.825076920,0.402897634,0.032385054,0.825878486,True
0.738000000,0.403124358,0.046819840,0.825076920,0.402941653,0.032526247,0.825795232,True
0.740000000,0.403124358,0.046819840,0.825076920,0.402985036,0.032665031,0.825713212,True
0.742000000,0.403572871,0.048120391,0.824259973,0.403029370,0.032808759,0.825628539,True
0.744000000,0.403572871,0.048120391,0.824259973,0.403074403,0.032955260,0.825542416,True
0.746000000,0.403572871,0.048120391,0.824259973,0.403119860,0.033103001,0.825455620,True
0.748000000,0.403572871,0.048120391,0.824259973,0.403165489,0.033250868,0.825368698,True
0.750000000,0.403572871,0.048120391,0.824259973,0.403211074,0.033398042,0.825282053,True
0.752000000,0.403572871,0.048120391,0.824259973,0.403256438,0.033543927,0.825195986,True
0.754000000,0.403572871,0.048120391,0.824259973,0.403301437,0.033688094,0.825110733,True
0.756000000,0.403572871,0.048120391,0.824259973,0.403345958,0.033830236,0.825026471,True
0.758000000,0.403572871,0.048120391,0.824259973,0.403389911,0.033970139,0.824943336,True
0.760000000,0.403572871,0.048120391,0.824259973,0.403433228,0.034107658,0.824861433,True
0.762000000,0.404021384,0.049420942,0.823443026,0.403477511,0.034250109,0.824776912,True
0.764000000,0.404021384,0.049420942,0.823443026,0.403522493,0.034395329,0.824690942,True
0.766000000,0.404021384,0.049420942,0.823443026,0.403567898,0.034541797,0.824604294,True
0.768000000,0.404021384,0.049420942,0.823443026,0.403613471,0.034688399,0.824517511,True
0.770000000,0.404021384,0.049420942,0.823443026,0.403658997,0.034834324,0.824430995,True
0.772000000,0.404021384,0.049420942,0.823443026,0.403704301,0.034978977,0.824345052,True
0.774000000,0.404021384,0.049420942,0.823443026,0.403749239,0.035121931,0.824259915,True
0.776000000,0.404021384,0.049420942,0.823443026,0.403793698,0.035262881,0.824175764,True
0.778000000,0.404021384,0.049420942,0.823443026,0.403837591,0.035401612,0.824092738,True
0.780000000,0.404021384,0.049420942,0.823443026,0.403880847,0.035537982,0.824010939,True
0.782000000,0.404469898,0.050721493,0.822626079,0.403925083,0.035679272,0.823926556,True
0.784000000,0.404469898,0.050721493,0.822626079,0.403970021,0.035823331,0.823840728,True
0.786000000,0.404469898,0.050721493,0.822626079,0.404015378,0.035968641,0.823754215,True
0.788000000,0.404469898,0.050721493,0.822626079,0.404060901,0.036114095,0.823667558,True
0.790000000,0.404469898,0.050721493,0.822626079,0.404106374,0.036258885,0.823581160,True
0.792000000,0.404469898,0.050721493,0.822626079,0.404151623,0.036402419,0.823495327,True
0.794000000,0.404469898,0.050721493,0.822626079,0.404196505,0.036544272,0.823410295,True
0.796000000,0.404469898,0.050721493,0.822626079,0.404240908,0.036684138,0.823326245,True
0.798000000,0.404469898,0.050721493,0.822626079,0.404284744,0.036821806,0.823243314,True
0.800000000,0.404469898,0.050721493,0.822626079,0.404327944,0.036957131,0.823161608,True
0.802000000,0.404918411,0.052022044,0.821809132,0.404372140,0.037097368,0.823077351,True
0.804000000,0.404918411,0.052022044,0.821809132,0.404417038,0.037240372,0.822991653,True
0.806000000,0.404918411,0.052022044,0.821809132,0.404462353,0.037384630,0.822905264,True
0.808000000,0.404918411,0.052022044,0.821809132,0.404507830,0.037529042,0.822818721,True
0.810000000,0.404918411,0.052022044,0.821809132,0.404553255,0.037672802,0.822732430,True
0.812000000,0.404918411,0.052022044,0.821809132,0.404598453,0.037815319,0.822646697,True
0.814000000,0.404918411,0.052022044,0.821809132,0.404643284,0.037956171,0.822561759,True
0.816000000,0.404918411,0.052022044,0.821809132,0.404687635,0.038095053,0.822477798,True
0.818000000,0.404918411,0.052022044,0.821809132,0.404731419,0.038231755,0.822394953,True
0.820000000,0.404918411,0.052022044,0.821809132,0.404774568,0.038366132,0.822313329,True
0.822000000,0.405366925,0.053322595,0.820992184,0.404818727,0.038505412,0.822229189,True
0.824000000,0.405366925,0.053322595,0.820992184,0.404863590,0.038647457,0.822143610,True
0.826000000,0.405366925,0.053322595,0.820992184,0.404908866,0.038790761,0.822057333,True
0.828000000,0.405366925,0.053322595,0.820992184,0.404954302,0.038934227,0.821970895,True
0.830000000,0.405366925,0.053322595,0.820992184,0.404999684,0.039077050,0.821884700,True
0.832000000,0.405366925,0.053322595,0.820992184,0.405044836,0.039218644,0.821799056,True
0.834000000,0.405366925,0.053322595,0.820992184,0.405089620,0.039358586,0.821714202,True
0.836000000,0.405366925,0.053322595,0.820992184,0.405133924,0.039496575,0.821630320,True
0.838000000,0.405366925,0.053322595,0.820992184,0.405177660,0.039632399,0.821547551,True
0.840000000,0.405366925,0.053322595,0.820992184,0.405220761,0.039765914,0.821466000,True
0.842000000,0.405815438,0.054623146,0.820175237,0.405262253,0.039864190,0.821382255,True
0.844000000,0.405815438,0.054623146,0.820175237,0.405303351,0.039936810,0.821299122,True
0.846000000,0.405815438,0.054623146,0.820175237,0.405344392,0.039990379,0.821217545,True
0.848000000,0.405815438,0.054623146,0.820175237,0.405385384,0.040029697,0.821137767,True
0.850000000,0.405815438,0.054623146,0.820175237,0.405426233,0.040058333,0.821059787,True
0.852000000,0.405815438,0.054623146,0.820175237,0.405466822,0.040078952,0.820983533,True
0.854000000,0.405815438,0.054623146,0.820175237,0.405507045,0.040093560,0.820908924,True
0.856000000,0.405815438,0.054623146,0.820175237,0.405546812,0.040103660,0.820835891,True
0.858000000,0.405815438,0.054623146,0.820175237,0.405586053,0.040110386,0.820764374,True
0.860000000,0.405815438,0.054623146,0.820175237,0.405624712,0.040114588,0.820694328,True
0.862000000,0.406263951,0.055923697,0.819358290,0.405666762,0.040161414,0.820621468,True
0.864000000,0.406263951,0.055923697,0.819358290,0.405710549,0.040238446,0.820545255,True
0.866000000,0.406263951,0.055923697,0.819358290,0.405755232,0.040337061,0.820466207,True
0.868000000,0.406263951,0.055923697,0.819358290,0.405800330,0.040450973,0.820385102,True
0.870000000,0.406263951,0.055923697,0.819358290,0.405845532,0.040575520,0.820302686,True
0.872000000,0.406263951,0.055923697,0.819358290,0.405890617,0.040707232,0.820219595,True
0.874000000,0.406263951,0.055923697,0.819358290,0.405935418,0.040843522,0.820136343,True
0.876000000,0.406263951,0.055923697,0.819358290,0.405979807,0.040982462,0.820053333,True
0.878000000,0.406263951,0.055923697,0.819358290,0.406023682,0.041122622,0.819970879,True
0.880000000,0.406263951,0.055923697,0.819358290,0.406066967,0.041262943,0.819889220,True
0.882000000,0.406712465,0.057224248,0.818541343,0.406111319,0.041409298,0.819804902,True
0.884000000,0.406712465,0.057224248,0.818541343,0.406156396,0.041559194,0.819718988,True
0.886000000,0.406712465,0.057224248,0.818541343,0.406201894,0.041710877,0.819632242,True
0.888000000,0.406712465,0.057224248,0.818541343,0.406247552,0.041863063,0.819545226,True
0.890000000,0.406712465,0.057224248,0.818541343,0.406293153,0.042014815,0.819458371,True
0.892000000,0.406712465,0.057224248,0.818541343,0.406338522,0.042165444,0.819372007,True
0.894000000,0.406712465,0.057224248,0.818541343,0.406383517,0.042314452,0.819286391,True
0.896000000,0.406712465,0.057224248,0.818541343,0.406428027,0.042461481,0.819201718,True
0.898000000,0.406712465,0.057224248,0.818541343,0.406471965,0.042606281,0.819118139,True
0.900000000,0.406712465,0.057224248,0.818541343,0.406515262,0.042748678,0.819035770,True
0.902000000,0.407160978,0.058524800,0.817724396,0.406559655,0.042896092,0.818951027,True
0.904000000,0.407160978,0.058524800,0.817724396,0.406604770,0.043046304,0.818864855,True
0.906000000,0.407160978,0.058524800,0.817724396,0.406650290,0.043197751,0.818777956,True
0.908000000,0.407160978,0.058524800,0.817724396,0.406695953,0.043349299,0.818690861,True
0.910000000,0.407160978,0.058524800,0.817724396,0.406741545,0.043500119,0.818603981,True
0.912000000,0.407160978,0.058524800,0.817724396,0.406786892,0.043649604,0.818517632,True
0.914000000,0.407160978,0.058524800,0.817724396,0.406831855,0.043797320,0.818432060,True
0.916000000,0.407160978,0.058524800,0.817724396,0.406876327,0.043942953,0.818347455,True
0.918000000,0.407160978,0.058524800,0.817724396,0.406920219,0.044086288,0.818263962,True
0.920000000,0.407160978,0.058524800,0.817724396,0.406963467,0.044227177,0.818181690,True
0.922000000,0.407609491,0.059825351,0.816907449,0.407007823,0.044373041,0.818097087,True
0.924000000,0.407609491,0.059825351,0.816907449,0.407052899,0.044521679,0.818011064,True
0.926000000,0.407609491,0.059825351,0.816907449,0.407098375,0.044671543,0.817924313,True
0.928000000,0.407609491,0.059825351,0.816907449,0.407143990,0.044821510,0.817837361,True
0.930000000,0.407609491,0.059825351,0.816907449,0.407189530,0.044970757,0.817750618,True
0.932000000,0.407609491,0.059825351,0.816907449,0.407234822,0.045118686,0.817664401,True
0.934000000,0.407609491,0.059825351,0.816907449,0.407279729,0.045264864,0.817578958,True
0.936000000,0.407609491,0.059825351,0.816907449,0.407324143,0.045408982,0.817494478,True
0.938000000,0.407609491,0.059825351,0.816907449,0.407367977,0.045550826,0.817411107,True
0.940000000,0.407609491,0.059825351,0.816907449,0.407411167,0.045690250,0.817328954,True
0.942000000,0.408058005,0.061125902,0.816090502,0.407455479,0.045834636,0.817244503,True
0.944000000,0.408058005,0.061125902,0.816090502,0.407500512,0.045981793,0.817158636,True
0.946000000,0.408058005,0.061125902,0.816090502,0.407545943,0.046130181,0.817072033,True
0.948000000,0.408058005,0.061125902,0.816090502,0.407591509,0.046278684,0.816985223,True
0.950000000,0.408058005,0.061125902,0.816090502,0.407636997,0.046426483,0.816898613,True
0.952000000,0.408058005,0.061125902,0.816090502,0.407682235,0.046572984,0.816812523,True
0.954000000,0.408058005,0.061125902,0.816090502,0.407727087,0.046717755,0.816727200,True
0.956000000,0.408058005,0.061125902,0.816090502,0.407771445,0.046860490,0.816642836,True
0.958000000,0.408058005,0.061125902,0.816090502,0.407815225,0.047000976,0.816559576,True
0.960000000,0.408058005,0.061125902,0.816090502,0.407858360,0.047139067,0.816477532,True
0.962000000,0.408506518,0.062426453,0.815273555,0.407902632,0.047282109,0.816393222,True
0.964000000,0.408506518,0.062426453,0.815273555,0.407947626,0.047427919,0.816307498,True
0.966000000,0.408506518,0.062426453,0.815273555,0.407993015,0.047574966,0.816221033,True
0.968000000,0.408506518,0.062426453,0.815273555,0.408038536,0.047722139,0.816134351,True
0.970000000,0.408506518,0.062426453,0.815273555,0.408083976,0.047868623,0.816047863,True
0.972000000,0.408506518,0.062426453,0.815273555,0.408129165,0.048013826,0.815961887,True
0.974000000,0.408506518,0.062426453,0.815273555,0.408173966,0.048157320,0.815876673,True
0.976000000,0.408506518,0.062426453,0.815273555,0.408218273,0.048298799,0.815792413,True
0.978000000,0.408506518,0.062426453,0.815273555,0.408262001,0.048438051,0.815709253,True
0.980000000,0.408506518,0.062426453,0.815273555,0.408305086,0.048574931,0.815627306,True
0.982000000,0.408955031,0.063727004,0.814456607,0.408349322,0.048716752,0.815543124,True
0.984000000,0.408955031,0.063727004,0.814456607,0.408394281,0.048861340,0.815457533,True
0.986000000,0.408955031,0.063727004,0.814456607,0.408439633,0.049007170,0.815371193,True
0.988000000,0.408955031,0.063727004,0.814456607,0.408485113,0.049153134,0.815284629,True
0.990000000,0.408955031,0.063727004,0.814456607,0.408530509,0.049298424,0.815198250,True
0.992000000,0.408955031,0.063727004,0.814456607,0.408575652,0.049442448,0.815112377,True
0.994000000,0.408955031,0.063727004,0.814456607,0.408620407,0.049584782,0.815027260,True
0.996000000,0.408955031,0.063727004,0.814456607,0.408664666,0.049725120,0.814943093,True
0.998000000,0.408955031,0.063727004,0.814456607,0.408708347,0.049863252,0.814860022,True
1.000000000,0.408955031,0.063727004,0.814456607,0.408751384,0.049999032,0.814778161,True
1.002000000,0.409403545,0.065027555,0.813639660,0.408795588,0.050139745,0.814694097,True
1.004000000,0.409403545,0.065027555,0.813639660,0.408840516,0.050283223,0.814608627,True
1.006000000,0.409403545,0.065027555,0.813639660,0.408885834,0.050427947,0.814522403,True
1.008000000,0.409403545,0.065027555,0.813639660,0.408931278,0.050572814,0.814435945,True
1.010000000,0.409403545,0.065027555,0.813639660,0.408976634,0.050717019,0.814349665,True
1.012000000,0.409403545,0.065027555,0.813639660,0.409021736,0.050859973,0.814263884,True
1.014000000,0.409403545,0.065027555,0.813639660,0.409066447,0.051001253,0.814178855,True
1.016000000,0.409403545,0.065027555,0.813639660,0.409110663,0.051140555,0.814094770,True
1.018000000,0.409403545,0.065027555,0.813639660,0.409154299,0.051277668,0.814011779,True
1.020000000,0.409403545,0.065027555,0.813639660,0.409197293,0.051412450,0.813929993,True
1.022000000,0.409852058,0.066328106,0.812822713,0.409237823,0.051511740,0.813844205,True
1.024000000,0.409852058,0.066328106,0.812822713,0.409277778,0.051585305,0.813758556,True
1.026000000,0.409852058,0.066328106,0.812822713,0.409317730,0.051639797,0.813674466,True
1.028000000,0.409852058,0.066328106,0.812822713,0.409357755,0.051680025,0.813592323,True
1.030000000,0.409852058,0.066328106,0.812822713,0.409397762,0.051709547,0.813512151,True
1.032000000,0.409852058,0.066328106,0.812822713,0.409437618,0.051731025,0.813433865,True
1.034000000,0.409852058,0.066328106,0.812822713,0.409477199,0.051746456,0.813357360,True
1.036000000,0.409852058,0.066328106,0.812822713,0.409516397,0.051757345,0.813282541,True
1.038000000,0.409852058,0.066328106,0.812822713,0.409555126,0.051764824,0.813209331,True
1.040000000,0.409852058,0.066328106,0.812822713,0.409593320,0.051769746,0.813137668,True
1.042000000,0.410300571,0.067628657,0.812005766,0.409636014,0.051817565,0.813065484,True
1.044000000,0.410300571,0.067628657,0.812005766,0.409680673,0.051895649,0.812990486,True
1.046000000,0.410300571,0.067628657,0.812005766,0.409726151,0.051995309,0.812912586,True
1.048000000,0.410300571,0.067628657,0.812005766,0.409771884,0.052110247,0.812832391,True
1.050000000,0.410300571,0.067628657,0.812005766,0.409817557,0.052235807,0.812750636,True
1.052000000,0.410300571,0.067628657,0.812005766,0.409862973,0.052368523,0.812667991,True
1.054000000,0.410300571,0.067628657,0.812005766,0.409907991,0.052505813,0.812585015,True
1.056000000,0.410300571,0.067628657,0.812005766,0.409952506,0.052645752,0.812502152,True
1.058000000,0.410300571,0.067628657,0.812005766,0.409996440,0.052786910,0.812419748,True
1.060000000,0.410300571,0.067628657,0.812005766,0.410039730,0.052928227,0.812338069,True
1.062000000,0.410749085,0.068929208,0.811188819,0.410084222,0.053075623,0.812254016,True
1.064000000,0.410749085,0.068929208,0.811188819,0.410129441,0.053226573,0.812168381,True
1.066000000,0.410749085,0.068929208,0.811188819,0.410175043,0.053379308,0.812081841,True
1.068000000,0.410749085,0.068929208,0.811188819,0.410220758,0.053532541,0.811994948,True
1.070000000,0.410749085,0.068929208,0.811188819,0.410266375,0.053685328,0.811908142,True
1.072000000,0.410749085,0.068929208,0.811188819,0.410311726,0.053836982,0.811821769,True
1.074000000,0.410749085,0.068929208,0.811188819,0.410356676,0.053987001,0.811736098,True
1.076000000,0.410749085,0.068929208,0.811188819,0.410401122,0.054135027,0.811651338,True
1.078000000,0.410749085,0.068929208,0.811188819,0.410444979,0.054280807,0.811567650,True
1.080000000,0.410749085,0.068929208,0.811188819,0.410488186,0.054424168,0.811485155,True
1.082000000,0.411197598,0.070229759,0.810371872,0.410532653,0.054572580,0.811400609,True
1.084000000,0.411197598,0.070229759,0.810371872,0.410577861,0.054723790,0.811314666,True
1.086000000,0.411197598,0.070229759,0.810371872,0.410623449,0.054876224,0.811227939,True
1.088000000,0.411197598,0.070229759,0.810371872,0.410669144,0.055028744,0.811140942,True
1.090000000,0.411197598,0.070229759,0.810371872,0.410714732,0.055180519,0.811054091,True
1.092000000,0.411197598,0.070229759,0.810371872,0.410760047,0.055330944,0.810967718,True
1.094000000,0.411197598,0.070229759,0.810371872,0.410804957,0.055479581,0.810882081,True
1.096000000,0.411197598,0.070229759,0.810371872,0.410849358,0.055626120,0.810797380,True
1.098000000,0.411197598,0.070229759,0.810371872,0.410893167,0.055770343,0.810713770,True
1.100000000,0.411197598,0.070229759,0.810371872,0.410936323,0.055912104,0.810631368,True
1.102000000,0.411646111,0.071530311,0.809554925,0.410980751,0.056058873,0.810546952,True
1.104000000,0.411646111,0.071530311,0.809554925,0.411025921,0.056208414,0.810461150,True
1.106000000,0.411646111,0.071530311,0.809554925,0.411071466,0.056359170,0.810374562,True
1.108000000,0.411646111,0.071530311,0.809554925,0.411117113,0.056510014,0.810287700,True
1.110000000,0.411646111,0.071530311,0.809554925,0.411162651,0.056660122,0.810200980,True
1.112000000,0.411646111,0.071530311,0.809554925,0.411207914,0.056808896,0.810114733,True
1.114000000,0.411646111,0.071530311,0.809554925,0.411252769,0.056955903,0.810029218,True
1.116000000,0.411646111,0.071530311,0.809554925,0.411297114,0.057100835,0.809944637,True
1.118000000,0.411646111,0.071530311,0.809554925,0.411340867,0.057243477,0.809861143,True
1.120000000,0.411646111,0.071530311,0.809554925,0.411383968,0.057383684,0.809778854,True
1.122000000,0.412094625,0.072830862,0.808737977,0.411428355,0.057528886,0.809694582,True
1.124000000,0.412094625,0.072830862,0.808737977,0.411473484,0.057676858,0.809608927,True
1.126000000,0.412094625,0.072830862,0.808737977,0.411518986,0.057826050,0.809522480,True
1.128000000,0.412094625,0.072830862,0.808737977,0.411564586,0.057975342,0.809435752,True
1.130000000,0.412094625,0.072830862,0.808737977,0.411610075,0.058123915,0.809349158,True
1.132000000,0.412094625,0.072830862,0.808737977,0.411655286,0.058271175,0.809263031,True
1.134000000,0.412094625,0.072830862,0.808737977,0.411700088,0.058416690,0.809177630,True
1.136000000,0.412094625,0.072830862,0.808737977,0.411744380,0.058560156,0.809093159,True
1.138000000,0.412094625,0.072830862,0.808737977,0.411788081,0.058701358,0.809009772,True
1.140000000,0.412094625,0.072830862,0.808737977,0.411831129,0.058840150,0.808927586,True
1.142000000,0.412543138,0.074131413,0.807921030,0.411875478,0.058983928,0.808843447,True
1.144000000,0.412543138,0.074131413,0.807921030,0.411920571,0.059130474,0.808757927,True
1.146000000,0.412543138,0.074131413,0.807921030,0.411966033,0.059278245,0.808671611,True
1.148000000,0.412543138,0.074131413,0.807921030,0.412011590,0.059426127,0.808585005,True
1.150000000,0.412543138,0.074131413,0.807921030,0.412057033,0.059573306,0.808498526,True
1.152000000,0.412543138,0.074131413,0.807921030,0.412102196,0.059719190,0.808412507,True
1.154000000,0.412543138,0.074131413,0.807921030,0.412146950,0.059863351,0.808327209,True
1.156000000,0.412543138,0.074131413,0.807921030,0.412191193,0.060005485,0.808242836,True
1.158000000,0.412543138,0.074131413,0.807921030,0.412234844,0.060145378,0.808159544,True
1.160000000,0.412543138,0.074131413,0.807921030,0.412277844,0.060282886,0.808077450,True
1.162000000,0.412991651,0.075431964,0.807104083,0.412322158,0.060425371,0.807993433,True
1.164000000,0.412991651,0.075431964,0.807104083,0.412367218,0.060570622,0.807908038,True
1.166000000,0.412991651,0.075431964,0.807104083,0.412412644,0.060717103,0.807821840,True
1.168000000,0.412991651,0.075431964,0.807104083,0.412458163,0.060863705,0.807735345,True
1.170000000,0.412991651,0.075431964,0.807104083,0.412503564,0.061009618,0.807648969,True
1.172000000,0.412991651,0.075431964,0.807104083,0.412548683,0.061154252,0.807563048,True
1.174000000,0.412991651,0.075431964,0.807104083,0.412593392,0.061297183,0.807477842,True
1.176000000,0.412991651,0.075431964,0.807104083,0.412637588,0.061438107,0.807393558,True
1.178000000,0.412991651,0.075431964,0.807104083,0.412681194,0.061576812,0.807310350,True
1.180000000,0.412991651,0.075431964,0.807104083,0.412724147,0.061713154,0.807228337,True
1.182000000,0.413440165,0.076732515,0.806287136,0.412768431,0.061854464,0.807144431,True
1.184000000,0.413440165,0.076732515,0.806287136,0.412813462,0.061998539,0.807059151,True
1.186000000,0.413440165,0.076732515,0.806287136,0.412858856,0.062143849,0.806973061,True
1.188000000,0.413440165,0.076732515,0.806287136,0.412904339,0.062289289,0.806886667,True
1.190000000,0.413440165,0.076732515,0.806287136,0.412949702,0.062434052,0.806800385,True
1.192000000,0.413440165,0.076732515,0.806287136,0.412994780,0.062577552,0.806714551,True
1.194000000,0.413440165,0.076732515,0.806287136,0.413039447,0.062719365,0.806629428,True
1.196000000,0.413440165,0.076732515,0.806287136,0.413083601,0.062859190,0.806545221,True
1.198000000,0.413440165,0.076732515,0.806287136,0.413127164,0.062996815,0.806462088,True
1.200000000,0.413440165,0.076732515,0.806287136,0.413170075,0.063132098,0.806380148,True
1.202000000,0.413888678,0.078033066,0.805470189,0.413209617,0.063231772,0.806292386,True
1.204000000,0.413888678,0.078033066,0.805470189,0.413248386,0.063305783,0.806204265,True
1.206000000,0.413888678,0.078033066,0.805470189,0.413287205,0.063360817,0.806117681,True
1.208000000,0.413888678,0.078033066,0.805470189,0.413326221,0.063401664,0.806033171,True
1.210000000,0.413888678,0.078033066,0.805470189,0.413365350,0.063431857,0.805950791,True
1.212000000,0.413888678,0.078033066,0.805470189,0.413404443,0.063454031,0.805870443,True
1.214000000,0.413888678,0.078033066,0.805470189,0.413443356,0.063470168,0.805792002,True
1.216000000,0.413888678,0.078033066,0.805470189,0.413481963,0.063481758,0.805715353,True
1.218000000,0.413888678,0.078033066,0.805470189,0.413520164,0.063489926,0.805640400,True
1.220000000,0.413888678,0.078033066,0.805470189,0.413557879,0.063495519,0.805567068,True
1.222000000,0.414337191,0.079333617,0.804653242,0.413601268,0.063544174,0.805495508,True
1.224000000,0.414337191,0.079333617,0.804653242,0.413646869,0.063623022,0.805421696,True
1.226000000,0.414337191,0.079333617,0.804653242,0.413693214,0.063723325,0.805344940,True
1.228000000,0.414337191,0.079333617,0.804653242,0.413739647,0.063838799,0.805265673,True
1.230000000,0.414337191,0.079333617,0.804653242,0.413785851,0.063964814,0.805184613,True
1.232000000,0.414337191,0.079333617,0.804653242,0.413831648,0.064097931,0.805102462,True
1.234000000,0.414337191,0.079333617,0.804653242,0.413876927,0.064235587,0.805019818,True
1.236000000,0.414337191,0.079333617,0.804653242,0.413921610,0.064375870,0.804937163,True
1.238000000,0.414337191,0.079333617,0.804653242,0.413965637,0.064517360,0.804854876,True
1.240000000,0.414337191,0.079333617,0.804653242,0.414008964,0.064659002,0.804773246,True
1.242000000,0.414785705,0.080634168,0.803836295,0.414053633,0.064806768,0.804689525,True
1.244000000,0.414785705,0.080634168,0.803836295,0.414099032,0.064958098,0.804604236,True
1.246000000,0.414785705,0.080634168,0.803836295,0.414144771,0.065111208,0.804517973,True
1.248000000,0.414785705,0.080634168,0.803836295,0.414190575,0.065264810,0.804431275,True
1.250000000,0.414785705,0.080634168,0.803836295,0.414236236,0.065417960,0.804344591,True
1.252000000,0.414785705,0.080634168,0.803836295,0.414281595,0.065569969,0.804258281,True
1.254000000,0.414785705,0.080634168,0.803836295,0.414326525,0.065720339,0.804172629,True
1.256000000,0.414785705,0.080634168,0.803836295,0.414370929,0.065868711,0.804087855,True
1.258000000,0.414785705,0.080634168,0.803836295,0.414414728,0.066014831,0.804004130,True
1.260000000,0.414785705,0.080634168,0.803836295,0.414457865,0.066158527,0.803921582,True
1.262000000,0.415234218,0.081934719,0.803019348,0.414502434,0.066307315,0.803837297,True
1.264000000,0.415234218,0.081934719,0.803019348,0.414547765,0.066458902,0.803751649,True
1.266000000,0.415234218,0.081934719,0.803019348,0.414593449,0.066611701,0.803665161,True
1.268000000,0.415234218,0.081934719,0.803019348,0.414639200,0.066764574,0.803578329,True
1.270000000,0.415234218,0.081934719,0.803019348,0.414684809,0.066916689,0.803491577,True
1.272000000,0.415234218,0.081934719,0.803019348,0.414730115,0.067067444,0.803405248,True
1.274000000,0.415234218,0.081934719,0.803019348,0.414774992,0.067216403,0.803319613,True
1.276000000,0.415234218,0.081934719,0.803019348,0.414819341,0.067363255,0.803234885,True
1.278000000,0.415234218,0.081934719,0.803019348,0.414863086,0.067507784,0.803151226,True
1.280000000,0.415234218,0.081934719,0.803019348,0.414906169,0.067649844,0.803068759,True
1.282000000,0.415682731,0.083235270,0.802202400,0.414950695,0.067796953,0.802984590,True
1.284000000,0.415682731,0.083235270,0.802202400,0.414995986,0.067946835,0.802899067,True
1.286000000,0.415682731,0.083235270,0.802202400,0.415041625,0.068097920,0.802812704,True
1.288000000,0.415682731,0.083235270,0.802202400,0.415087328,0.068249079,0.802725994,True
1.290000000,0.415682731,0.083235270,0.802202400,0.415132886,0.068399490,0.802639359,True
1.292000000,0.415682731,0.083235270,0.802202400,0.415178138,0.068548556,0.802553144,True
1.294000000,0.415682731,0.083235270,0.802202400,0.415222960,0.068695846,0.802467620,True
1.296000000,0.415682731,0.083235270,0.802202400,0.415267254,0.068841054,0.802382999,True
1.298000000,0.415682731,0.083235270,0.802202400,0.415310945,0.068983966,0.802299444,True
1.300000000,0.415682731,0.083235270,0.802202400,0.415353972,0.069124436,0.802217079,True
1.302000000,0.416131245,0.084535822,0.801385453,0.415398458,0.069269942,0.802133040,True
1.304000000,0.416131245,0.084535822,0.801385453,0.415443709,0.069418219,0.802047651,True
1.306000000,0.416131245,0.084535822,0.801385453,0.415489305,0.069567705,0.801961415,True
1.308000000,0.416131245,0.084535822,0.801385453,0.415534961,0.069717276,0.801874825,True
1.310000000,0.416131245,0.084535822,0.801385453,0.415580470,0.069866117,0.801788304,True
1.312000000,0.416131245,0.084535822,0.801385453,0.415625672,0.070013633,0.801702197,True
1.314000000,0.416131245,0.084535822,0.801385453,0.415670442,0.070159398,0.801616776,True
1.316000000,0.416131245,0.084535822,0.801385453,0.415714684,0.070303105,0.801532254,True
1.318000000,0.416131245,0.084535822,0.801385453,0.415758322,0.070444542,0.801448794,True
1.320000000,0.416131245,0.084535822,0.801385453,0.415801298,0.070583564,0.801366522,True
1.322000000,0.416579758,0.085836373,0.800568506,0.415845746,0.070727614,0.801282603,True
1.324000000,0.416579758,0.085836373,0.800568506,0.415890960,0.070874433,0.801197336,True
1.326000000,0.416579758,0.085836373,0.800568506,0.415936517,0.071022466,0.801111217,True
1.328000000,0.416579758,0.085836373,0.800568506,0.415982131,0.071170595,0.801024738,True
1.330000000,0.416579758,0.085836373,0.800568506,0.416027595,0.071318009,0.800938320,True
1.332000000,0.416579758,0.085836373,0.800568506,0.416072749,0.071464118,0.800852310,True
1.334000000,0.416579758,0.085836373,0.800568506,0.416117471,0.071608496,0.800766981,True
1.336000000,0.416579758,0.085836373,0.800568506,0.416161664,0.071750840,0.800682547,True
1.338000000,0.416579758,0.085836373,0.800568506,0.416205253,0.071890938,0.800599173,True
1.340000000,0.416579758,0.085836373,0.800568506,0.416248181,0.072028646,0.800516983,True
1.342000000,0.417028271,0.087136924,0.799751559,0.416292595,0.072171373,0.800433174,True
1.344000000,0.417028271,0.087136924,0.799751559,0.416337776,0.072316868,0.800348019,True
1.346000000,0.417028271,0.087136924,0.799751559,0.416383298,0.072463581,0.800262007,True
1.348000000,0.417028271,0.087136924,0.799751559,0.416428873,0.072610401,0.800175628,True
1.350000000,0.417028271,0.087136924,0.799751559,0.416474295,0.072756520,0.800089303,True
1.352000000,0.417028271,0.087136924,0.799751559,0.416519406,0.072901350,0.800003380,True
1.354000000,0.417028271,0.087136924,0.799751559,0.416564082,0.073044470,0.799918134,True
1.356000000,0.417028271,0.087136924,0.799751559,0.416608230,0.073185575,0.799833779,True
1.358000000,0.417028271,0.087136924,0.799751559,0.416651773,0.073324457,0.799750480,True
1.360000000,0.417028271,0.087136924,0.799751559,0.416694656,0.073460971,0.799668363,True
1.362000000,0.417476785,0.088437475,0.798934612,0.416739039,0.073602498,0.799584654,True
1.364000000,0.417476785,0.088437475,0.798934612,0.416784191,0.073746791,0.799499602,True
1.366000000,0.417476785,0.088437475,0.798934612,0.416829680,0.073892306,0.799413688,True
1.368000000,0.417476785,0.088437475,0.798934612,0.416875220,0.074037937,0.799327399,True
1.370000000,0.417476785,0.088437475,0.798934612,0.416920603,0.074182880,0.799241159,True
1.372000000,0.417476785,0.088437475,0.798934612,0.416965674,0.074326549,0.799155314,True
1.374000000,0.417476785,0.088437475,0.798934612,0.417010308,0.074468525,0.799070141,True
1.376000000,0.417476785,0.088437475,0.798934612,0.417054413,0.074608506,0.798985856,True
1.378000000,0.417476785,0.088437475,0.798934612,0.417097914,0.074746283,0.798902624,True
1.380000000,0.417476785,0.088437475,0.798934612,0.417140753,0.074881713,0.798820570,True
1.382000000,0.417925298,0.089738026,0.798117665,0.417179281,0.074981435,0.798730891,True
1.384000000,0.417925298,0.089738026,0.798117665,0.417216825,0.075055611,0.798640341,True
1.386000000,0.417925298,0.089738026,0.798117665,0.417254472,0.075110959,0.798551284,True
1.388000000,0.417925298,0.089738026,0.798117665,0.417292444,0.075152248,0.798464410,True
1.390000000,0.417925298,0.089738026,0.798117665,0.417330663,0.075182970,0.798379806,True
1.392000000,0.417925298,0.089738026,0.798117665,0.417368966,0.075205731,0.798297370,True
1.394000000,0.417925298,0.089738026,0.798117665,0.417407189,0.075222485,0.798216957,True
1.396000000,0.417925298,0.089738026,0.798117665,0.417445187,0.075234705,0.798138435,True
1.398000000,0.417925298,0.089738026,0.798117665,0.417482844,0.075243502,0.798061691,True
1.400000000,0.417925298,0.089738026,0.798117665,0.417520068,0.075249718,0.797986637,True
1.402000000,0.418373811,0.091038577,0.797300718,0.417564189,0.075299157,0.797915623,True
1.404000000,0.418373811,0.091038577,0.797300718,0.417610785,0.075378670,0.797842930,True
1.406000000,0.418373811,0.091038577,0.797300718,0.417658047,0.075479464,0.797767275,True
1.408000000,0.418373811,0.091038577,0.797300718,0.417705228,0.075595271,0.797688915,True
1.410000000,0.418373811,0.091038577,0.797300718,0.417752003,0.075721502,0.797608546,True
1.412000000,0.418373811,0.091038577,0.797300718,0.417798218,0.075854752,0.797526896,True
1.414000000,0.418373811,0.091038577,0.797300718,0.417843789,0.075992487,0.797444603,True
1.416000000,0.418373811,0.091038577,0.797300718,0.417888664,0.076132816,0.797362184,True
1.418000000,0.418373811,0.091038577,0.797300718,0.417932806,0.076274332,0.797280044,True
1.420000000,0.418373811,0.091038577,0.797300718,0.417976189,0.076415989,0.797198498,True
1.422000000,0.418822325,0.092339128,0.796483770,0.418021060,0.076563823,0.797115141,True
1.424000000,0.418822325,0.092339128,0.796483770,0.418066661,0.076715228,0.797030229,True
1.426000000,0.418822325,0.092339128,0.796483770,0.418112558,0.076868407,0.796944279,True
1.428000000,0.418822325,0.092339128,0.796483770,0.418158468,0.077022069,0.796857813,True
1.430000000,0.418822325,0.092339128,0.796483770,0.418204190,0.077175273,0.796771290,True
1.432000000,0.418822325,0.092339128,0.796483770,0.418249570,0.077327331,0.796685084,True
1.434000000,0.418822325,0.092339128,0.796483770,0.418294492,0.077477747,0.796599492,True
1.436000000,0.418822325,0.092339128,0.796483770,0.418338865,0.077626163,0.796514746,True
1.438000000,0.418822325,0.092339128,0.796483770,0.418382617,0.077772328,0.796431025,True
1.440000000,0.418822325,0.092339128,0.796483770,0.418425694,0.077916067,0.796348464,True
1.442000000,0.419270838,0.093639679,0.795666823,0.418470380,0.078064950,0.796264474,True
1.444000000,0.419270838,0.093639679,0.795666823,0.418515851,0.078216634,0.796179154,True
1.446000000,0.419270838,0.093639679,0.795666823,0.418561646,0.078369518,0.796092939,True
1.448000000,0.419270838,0.093639679,0.795666823,0.418607467,0.078522462,0.796006310,True
1.450000000,0.419270838,0.093639679,0.795666823,0.418653109,0.078674637,0.795919694,True
1.452000000,0.419270838,0.093639679,0.795666823,0.418698416,0.078825442,0.795833448,True
1.454000000,0.419270838,0.093639679,0.795666823,0.418743269,0.078974444,0.795747855,True
1.456000000,0.419270838,0.093639679,0.795666823,0.418787576,0.079121337,0.795663137,True
1.458000000,0.419270838,0.093639679,0.795666823,0.418831266,0.079265903,0.795579467,True
1.460000000,0.419270838,0.093639679,0.795666823,0.418874283,0.079407998,0.795496973,True
1.462000000,0.419719351,0.094940230,0.794849876,0.418918922,0.079555193,0.795413082,True
1.464000000,0.419719351,0.094940230,0.794849876,0.418964348,0.079705162,0.795327870,True
1.466000000,0.419719351,0.094940230,0.794849876,0.419010095,0.079856322,0.795241763,True
1.468000000,0.419719351,0.094940230,0.794849876,0.419055866,0.080007540,0.795155238,True
1.470000000,0.419719351,0.094940230,0.794849876,0.419101455,0.080157999,0.795068723,True
1.472000000,0.419719351,0.094940230,0.794849876,0.419146707,0.080307103,0.794982575,True
1.474000000,0.419719351,0.094940230,0.794849876,0.419191505,0.080454425,0.794897077,True
1.476000000,0.419719351,0.094940230,0.794849876,0.419235756,0.080599661,0.794812451,True
1.478000000,0.419719351,0.094940230,0.794849876,0.419279390,0.080742597,0.794728871,True
1.480000000,0.419719351,0.094940230,0.794849876,0.419322353,0.080883089,0.794646465,True
1.482000000,0.420167865,0.096240781,0.794032929,0.419366950,0.081028670,0.794562686,True
1.484000000,0.420167865,0.096240781,0.794032929,0.419412336,0.081177024,0.794477589,True
1.486000000,0.420167865,0.096240781,0.794032929,0.419458039,0.081326572,0.794391593,True
1.488000000,0.420167865,0.096240781,0.794032929,0.419503764,0.081476192,0.794305172,True
1.490000000,0.420167865,0.096240781,0.794032929,0.419549303,0.081625068,0.794218756,True
1.492000000,0.420167865,0.096240781,0.794032929,0.419594504,0.081772611,0.794132700,True
1.494000000,0.420167865,0.096240781,0.794032929,0.419639250,0.081918396,0.794047291,True
1.496000000,0.420167865,0.096240781,0.794032929,0.419683449,0.082062118,0.793962750,True
1.498000000,0.420167865,0.096240781,0.794032929,0.419727031,0.082203568,0.793879251,True
1.500000000,0.420167865,0.096240781,0.794032929,0.419769942,0.082342601,0.793796924,True
1.502000000,0.420616378,0.097541333,0.793215982,0.419814502,0.082486715,0.793713250,True
1.504000000,0.420616378,0.097541333,0.793215982,0.419859850,0.082633600,0.793628259,True
1.506000000,0.420616378,0.097541333,0.793215982,0.419905514,0.082781685,0.793542364,True
1.508000000,0.420616378,0.097541333,0.793215982,0.419951196,0.082929852,0.793456038,True
1.510000000,0.420616378,0.097541333,0.793215982,0.419996689,0.083077291,0.793369711,True
1.512000000,0.420616378,0.097541333,0.793215982,0.420041843,0.083223416,0.793283739,True
1.514000000,0.420616378,0.097541333,0.793215982,0.420086540,0.083367803,0.793198408,True
1.516000000,0.420616378,0.097541333,0.793215982,0.420130690,0.083510152,0.793113943,True
1.518000000,0.420616378,0.097541333,0.793215982,0.420174223,0.083650251,0.793030516,True
1.520000000,0.420616378,0.097541333,0.793215982,0.420217086,0.083787959,0.792948259,True
1.522000000,0.421064891,0.098841884,0.792399035,0.420261611,0.083930742,0.792864680,True
1.524000000,0.421064891,0.098841884,0.792399035,0.420306926,0.084076294,0.792779787,True
1.526000000,0.421064891,0.098841884,0.792399035,0.420352553,0.084223050,0.792693984,True
1.528000000,0.421064891,0.098841884,0.792399035,0.420398196,0.084369898,0.792607745,True
1.530000000,0.421064891,0.098841884,0.792399035,0.420443647,0.084516032,0.792521497,True
1.532000000,0.421064891,0.098841884,0.792399035,0.420488757,0.084660868,0.792435600,True
1.534000000,0.421064891,0.098841884,0.792399035,0.420533408,0.084803987,0.792350339,True
1.536000000,0.421064891,0.098841884,0.792399035,0.420577512,0.084945088,0.792265941,True
1.538000000,0.421064891,0.098841884,0.792399035,0.420620999,0.085083961,0.792182578,True
1.540000000,0.421064891,0.098841884,0.792399035,0.420663816,0.085220466,0.792100383,True
1.542000000,0.421513405,0.100142435,0.791582088,0.420701420,0.085320853,0.792008948,True
1.544000000,0.421513405,0.100142435,0.791582088,0.420737837,0.085395595,0.791916183,True
1.546000000,0.421513405,0.100142435,0.791582088,0.420774401,0.085451506,0.791824873,True
1.548000000,0.421513405,0.100142435,0.791582088,0.420811407,0.085493372,0.791735845,True
1.550000000,0.421513405,0.100142435,0.791582088,0.420848784,0.085524682,0.791649216,True
1.552000000,0.421513405,0.100142435,0.791582088,0.420886359,0.085548028,0.791564876,True
1.554000000,0.421513405,0.100142435,0.791582088,0.420923946,0.085565356,0.791482665,True
1.556000000,0.421513405,0.100142435,0.791582088,0.420961385,0.085578131,0.791402433,True
1.558000000,0.421513405,0.100142435,0.791582088,0.420998545,0.085587464,0.791324055,True
1.560000000,0.421513405,0.100142435,0.791582088,0.421035322,0.085594192,0.791247429,True
1.562000000,0.421961918,0.101442986,0.790765141,0.421080158,0.085644629,0.791176867,True
1.564000000,0.421961918,0.101442986,0.790765141,0.421127723,0.085725233,0.791105141,True
1.566000000,0.421961918,0.101442986,0.790765141,0.421175890,0.085827087,0.791030435,True
1.568000000,0.421961918,0.101442986,0.790765141,0.421223819,0.085943897,0.790952852,True
1.570000000,0.421961918,0.101442986,0.790765141,0.421271177,0.086071080,0.790873066,True
1.572000000,0.421961918,0.101442986,0.790765141,0.421317831,0.086205245,0.790791832,True
1.574000000,0.421961918,0.101442986,0.790765141,0.421363723,0.086343867,0.790709818,True
1.576000000,0.421961918,0.101442986,0.790765141,0.421408825,0.086485066,0.790627575,True
1.578000000,0.421961918,0.101442986,0.790765141,0.421453122,0.086627439,0.790545534,True
1.580000000,0.421961918,0.101442986,0.790765141,0.421496601,0.086769944,0.790464030,True
1.582000000,0.422410431,0.102743537,0.789948193,0.421541704,0.086918698,0.790380961,True
1.584000000,0.422410431,0.102743537,0.789948193,0.421587539,0.087071037,0.790296352,True
1.586000000,0.422410431,0.102743537,0.789948193,0.421633628,0.087225142,0.790210645,True
1.588000000,0.422410431,0.102743537,0.789948193,0.421679680,0.087379716,0.790124354,True
1.590000000,0.422410431,0.102743537,0.789948193,0.421725500,0.087533815,0.790037942,True
1.592000000,0.422410431,0.102743537,0.789948193,0.421770942,0.087686753,0.789951796,True
1.594000000,0.422410431,0.102743537,0.789948193,0.421815897,0.087838033,0.789866225,True
1.596000000,0.422410431,0.102743537,0.789948193,0.421860280,0.087987298,0.789781473,True
1.598000000,0.422410431,0.102743537,0.789948193,0.421904026,0.088134296,0.789697725,True
1.600000000,0.422410431,0.102743537,0.789948193,0.421947085,0.088278854,0.789615123,True
1.602000000,0.422858945,0.104044088,0.789131246,0.421991918,0.088428622,0.789531364,True
1.604000000,0.422858945,0.104044088,0.789131246,0.422037559,0.088581194,0.789446305,True
1.606000000,0.422858945,0.104044088,0.789131246,0.422083495,0.088734951,0.789360305,True
1.608000000,0.422858945,0.104044088,0.789131246,0.422129421,0.088888744,0.789273826,True
1.610000000,0.422858945,0.104044088,0.789131246,0.422175131,0.089041747,0.789187303,True
1.612000000,0.422858945,0.104044088,0.789131246,0.422220476,0.089193361,0.789101102,True
1.614000000,0.422858945,0.104044088,0.789131246,0.422265344,0.089343153,0.789015518,True
1.616000000,0.422858945,0.104044088,0.789131246,0.422309648,0.089490817,0.788930783,True
1.618000000,0.422858945,0.104044088,0.789131246,0.422353321,0.089636139,0.788847075,True
1.620000000,0.422858945,0.104044088,0.789131246,0.422396311,0.089778973,0.788764530,True
1.622000000,0.423307458,0.105344639,0.788314299,0.422441090,0.089926972,0.788680858,True
1.624000000,0.423307458,0.105344639,0.788314299,0.422486679,0.090077749,0.788595894,True
1.626000000,0.423307458,0.105344639,0.788314299,0.422532562,0.090229699,0.788509989,True
1.628000000,0.423307458,0.105344639,0.788314299,0.422578432,0.090381685,0.788423602,True
1.630000000,0.423307458,0.105344639,0.788314299,0.422624084,0.090532890,0.788337169,True
1.632000000,0.423307458,0.105344639,0.788314299,0.422669371,0.090682722,0.788251054,True
1.634000000,0.423307458,0.105344639,0.788314299,0.422714180,0.090830753,0.788165555,True
1.636000000,0.423307458,0.105344639,0.788314299,0.422758426,0.090976681,0.788080901,True
1.638000000,0.423307458,0.105344639,0.788314299,0.422802040,0.091120294,0.787997273,True
1.640000000,0.423307458,0.105344639,0.788314299,0.422844974,0.091261448,0.787914806,True
1.642000000,0.423755971,0.106645190,0.787497352,0.422889708,0.091407757,0.787831234,True
1.644000000,0.423755971,0.106645190,0.787497352,0.422935253,0.091556841,0.787746372,True
1.646000000,0.423755971,0.106645190,0.787497352,0.422981089,0.091707103,0.787660564,True
1.648000000,0.423755971,0.106645190,0.787497352,0.423026909,0.091857414,0.787574269,True
1.650000000,0.423755971,0.106645190,0.787497352,0.423072510,0.092006962,0.787487923,True
1.652000000,0.423755971,0.106645190,0.787497352,0.423117743,0.092155157,0.787401890,True
1.654000000,0.423755971,0.106645190,0.787497352,0.423162498,0.092301577,0.787316468,True
1.656000000,0.423755971,0.106645190,0.787497352,0.423206689,0.092445919,0.787231890,True
1.658000000,0.423755971,0.106645190,0.787497352,0.423250249,0.092587974,0.787148333,True
1.660000000,0.423755971,0.106645190,0.787497352,0.423293129,0.092727600,0.787065936,True
1.662000000,0.424204485,0.107945741,0.786680405,0.423337823,0.092872371,0.786982455,True
1.664000000,0.424204485,0.107945741,0.786680405,0.423383327,0.093019917,0.786897687,True
1.666000000,0.424204485,0.107945741,0.786680405,0.423429121,0.093168646,0.786811969,True
1.668000000,0.424204485,0.107945741,0.786680405,0.423474895,0.093317435,0.786725758,True
1.670000000,0.424204485,0.107945741,0.786680405,0.423520448,0.093465476,0.786639489,True
1.672000000,0.424204485,0.107945741,0.786680405,0.423565631,0.093612185,0.786553531,True
1.674000000,0.424204485,0.107945741,0.786680405,0.423610335,0.093757141,0.786468178,True
1.676000000,0.424204485,0.107945741,0.786680405,0.423654474,0.093900043,0.786383665,True
1.678000000,0.424204485,0.107945741,0.786680405,0.423697983,0.094040684,0.786300173,True
1.680000000,0.424204485,0.107945741,0.786680405,0.423740812,0.094178920,0.786217837,True
1.682000000,0.424652998,0.109246292,0.785863458,0.423785469,0.094322297,0.786134440,True
1.684000000,0.424652998,0.109246292,0.785863458,0.423830937,0.094468446,0.786049758,True
1.686000000,0.424652998,0.109246292,0.785863458,0.423876692,0.094615783,0.785964121,True
1.688000000,0.424652998,0.109246292,0.785863458,0.423922424,0.094763190,0.785877986,True
1.690000000,0.424652998,0.109246292,0.785863458,0.423967932,0.094909864,0.785791788,True
1.692000000,0.424652998,0.109246292,0.785863458,0.424013068,0.095055224,0.785705894,True
1.694000000,0.424652998,0.109246292,0.785863458,0.424057724,0.095198850,0.785620603,True
1.696000000,0.424652998,0.109246292,0.785863458,0.424101815,0.095340444,0.785536149,True
1.698000000,0.424652998,0.109246292,0.785863458,0.424145276,0.095479800,0.785452712,True
1.700000000,0.424652998,0.109246292,0.785863458,0.424188057,0.095616775,0.785370429,True
1.702000000,0.425101511,0.110546844,0.785046511,0.424224715,0.095717329,0.785277316,True
1.704000000,0.425101511,0.110546844,0.785046511,0.424259979,0.095792243,0.785182402,True
1.706000000,0.425101511,0.110546844,0.785046511,0.424295435,0.095848416,0.785088883,True
1.708000000,0.425101511,0.110546844,0.785046511,0.424331452,0.095890632,0.784997722,True
1.710000000,0.425101511,0.110546844,0.785046511,0.424367968,0.095922357,0.784909070,True
1.712000000,0.425101511,0.110546844,0.785046511,0.424404796,0.095946160,0.784822814,True
1.714000000,0.425101511,0.110546844,0.785046511,0.424441733,0.095963965,0.784738783,True
1.716000000,0.425101511,0.110546844,0.785046511,0.424478602,0.095977225,0.784656812,True
1.718000000,0.425101511,0.110546844,0.785046511,0.424515254,0.095987040,0.784576762,True
1.720000000,0.425101511,0.110546844,0.785046511,0.424551576,0.095994241,0.784498524,True
1.722000000,0.425550025,0.111847395,0.784229564,0.424597136,0.096045545,0.784428337,True
1.724000000,0.425550025,0.111847395,0.784229564,0.424645685,0.096127008,0.784357512,True
1.726000000,0.425550025,0.111847395,0.784229564,0.424694768,0.096229600,0.784283713,True
1.728000000,0.425550025,0.111847395,0.784229564,0.424743453,0.096347023,0.784206887,True
1.730000000,0.425550025,0.111847395,0.784229564,0.424791401,0.096474716,0.784127685,True
1.732000000,0.425550025,0.111847395,0.784229564,0.424838497,0.096609316,0.784046880,True
1.734000000,0.425550025,0.111847395,0.784229564,0.424884712,0.096748323,0.783965173,True
1.736000000,0.425550025,0.111847395,0.784229564,0.424930039,0.096889873,0.783883140,True
1.738000000,0.425550025,0.111847395,0.784229564,0.424974486,0.097032576,0.783801239,True
1.740000000,0.425550025,0.111847395,0.784229564,0.425018057,0.097175398,0.783719823,True
1.742000000,0.425998538,0.113147946,0.783412616,0.425063389,0.097324542,0.783637083,True
1.744000000,0.425998538,0.113147946,0.783412616,0.425109453,0.097477281,0.783552818,True
1.746000000,0.425998538,0.113147946,0.783412616,0.425155728,0.097631776,0.783467400,True
1.748000000,0.425998538,0.113147946,0.783412616,0.425201916,0.097786726,0.783381330,True
1.750000000,0.425998538,0.113147946,0.783412616,0.425247826,0.097941187,0.783295078,True
1.752000000,0.425998538,0.113147946,0.783412616,0.425293321,0.098094477,0.783209043,True
1.754000000,0.425998538,0.113147946,0.783412616,0.425338300,0.098246099,0.783123545,True
1.756000000,0.425998538,0.113147946,0.783412616,0.425382684,0.098395698,0.783038837,True
1.758000000,0.425998538,0.113147946,0.783412616,0.425426414,0.098543023,0.782955113,True
1.760000000,0.425998538,0.113147946,0.783412616,0.425469444,0.098687902,0.782872521,True
1.762000000,0.426447051,0.114448497,0.782595669,0.425514418,0.098838063,0.782789036,True
1.764000000,0.426447051,0.114448497,0.782595669,0.425560220,0.098991032,0.782704281,True
1.766000000,0.426447051,0.114448497,0.782595669,0.425606290,0.099145170,0.782618538,True
1.768000000,0.426447051,0.114448497,0.782595669,0.425652312,0.099299324,0.782532256,True
1.770000000,0.426447051,0.114448497,0.782595669,0.425698081,0.099452670,0.782445872,True
1.772000000,0.426447051,0.114448497,0.782595669,0.425743455,0.099604610,0.782359764,True
1.774000000,0.426447051,0.114448497,0.782595669,0.425788328,0.099754717,0.782274237,True
1.776000000,0.426447051,0.114448497,0.782595669,0.425832619,0.099902685,0.782189532,True
1.778000000,0.426447051,0.114448497,0.782595669,0.425876266,0.100048302,0.782105834,True
1.780000000,0.426447051,0.114448497,0.782595669,0.425919220,0.100191424,0.782023285,True
1.782000000,0.426895565,0.115749048,0.781778722,0.425964133,0.100339781,0.781939871,True
1.784000000,0.426895565,0.115749048,0.781778722,0.426009876,0.100490920,0.781855193,True
1.786000000,0.426895565,0.115749048,0.781778722,0.426055888,0.100643215,0.781769529,True
1.788000000,0.426895565,0.115749048,0.781778722,0.426101849,0.100795526,0.781683322,True
1.790000000,0.426895565,0.115749048,0.781778722,0.426147557,0.100947037,0.781597012,True
1.792000000,0.426895565,0.115749048,0.781778722,0.426192870,0.101097158,0.781510975,True
1.794000000,0.426895565,0.115749048,0.781778722,0.426237681,0.101245468,0.781425517,True
1.796000000,0.426895565,0.115749048,0.781778722,0.426281911,0.101391663,0.781340879,True
1.798000000,0.426895565,0.115749048,0.781778722,0.426325498,0.101535536,0.781257246,True
1.800000000,0.426895565,0.115749048,0.781778722,0.426368394,0.101676942,0.781174761,True
1.802000000,0.427344078,0.117049599,0.780961775,0.426413259,0.101823574,0.781091429,True
1.804000000,0.427344078,0.117049599,0.780961775,0.426458956,0.101972985,0.781006837,True
1.806000000,0.427344078,0.117049599,0.780961775,0.426504918,0.102123557,0.780921253,True
1.808000000,0.427344078,0.117049599,0.780961775,0.426550828,0.102274158,0.780835123,True
1.810000000,0.427344078,0.117049599,0.780961775,0.426596482,0.102423976,0.780748884,True
1.812000000,0.427344078,0.117049599,0.780961775,0.426641739,0.102572427,0.780662914,True
1.814000000,0.427344078,0.117049599,0.780961775,0.426686495,0.102719090,0.780577520,True
1.816000000,0.427344078,0.117049599,0.780961775,0.426730668,0.102863667,0.780492942,True
1.818000000,0.427344078,0.117049599,0.780961775,0.426774199,0.103005949,0.780409368,True
1.820000000,0.427344078,0.117049599,0.780961775,0.426817040,0.103145793,0.780326939,True
1.822000000,0.427792592,0.118350150,0.780144828,0.426861863,0.103290857,0.780243683,True
1.824000000,0.427792592,0.118350150,0.780144828,0.426907517,0.103438697,0.780159169,True
1.826000000,0.427792592,0.118350150,0.780144828,0.426953435,0.103587704,0.780073659,True
1.828000000,0.427792592,0.118350150,0.780144828,0.426999297,0.103736751,0.779987597,True
1.830000000,0.427792592,0.118350150,0.780144828,0.427044900,0.103885031,0.779901422,True
1.832000000,0.427792592,0.118350150,0.780144828,0.427090106,0.104031965,0.779815512,True
1.834000000,0.427792592,0.118350150,0.780144828,0.427134809,0.104177133,0.779730174,True
1.836000000,0.427792592,0.118350150,0.780144828,0.427178930,0.104320239,0.779645650,True
1.838000000,0.427792592,0.118350150,0.780144828,0.427222408,0.104461076,0.779562127,True
1.840000000,0.427792592,0.118350150,0.780144828,0.427265197,0.104599502,0.779479747,True
1.842000000,0.428241105,0.119650701,0.779327881,0.427309980,0.104743141,0.779396560,True
1.844000000,0.428241105,0.119650701,0.779327881,0.427355596,0.104889557,0.779312117,True
1.846000000,0.428241105,0.119650701,0.779327881,0.427401472,0.105037143,0.779226675,True
1.848000000,0.428241105,0.119650701,0.779327881,0.427447289,0.105184779,0.779140675,True
1.850000000,0.428241105,0.119650701,0.779327881,0.427492846,0.105331663,0.779054558,True
1.852000000,0.428241105,0.119650701,0.779327881,0.427538003,0.105477219,0.778968701,True
1.854000000,0.428241105,0.119650701,0.779327881,0.427582656,0.105621029,0.778883412,True
1.856000000,0.428241105,0.119650701,0.779327881,0.427626727,0.105762800,0.778798934,True
1.858000000,0.428241105,0.119650701,0.779327881,0.427670156,0.105902324,0.778715455,True
1.860000000,0.428241105,0.119650701,0.779327881,0.427712895,0.106039462,0.778633118,True
1.862000000,0.428689618,0.120951252,0.778510934,0.427748590,0.106139902,0.778538387,True
1.864000000,0.428689618,0.120951252,0.778510934,0.427782682,0.106214755,0.778441373,True
1.866000000,0.428689618,0.120951252,0.778510934,0.427817010,0.106271002,0.778345677,True
1.868000000,0.428689618,0.120951252,0.778510934,0.427852020,0.106313421,0.778252396,True
1.870000000,0.428689618,0.120951252,0.778510934,0.427887659,0.106345446,0.778161719,True
1.872000000,0.428689618,0.120951252,0.778510934,0.427923726,0.106369614,0.778073534,True
1.874000000,0.428689618,0.120951252,0.778510934,0.427960001,0.106387825,0.777987658,True
1.876000000,0.428689618,0.120951252,0.778510934,0.427996288,0.106401511,0.777903915,True
1.878000000,0.428689618,0.120951252,0.778510934,0.428032426,0.106411759,0.777822157,True
1.880000000,0.428689618,0.120951252,0.778510934,0.428068285,0.106419393,0.777742265,True
1.882000000,0.429138132,0.122251804,0.777693986,0.428114580,0.106471511,0.777672374,True
1.884000000,0.429138132,0.122251804,0.777693986,0.428164124,0.106553738,0.777602376,True
1.886000000,0.429138132,0.122251804,0.777693986,0.428214136,0.106656926,0.777529430,True
1.888000000,0.429138132,0.122251804,0.777693986,0.428263588,0.106774778,0.777453328,True
1.890000000,0.429138132,0.122251804,0.777693986,0.428312134,0.106902767,0.777374693,True
1.892000000,0.429138132,0.122251804,0.777693986,0.428359679,0.107037567,0.777294316,True
1.894000000,0.429138132,0.122251804,0.777693986,0.428406220,0.107176708,0.777212923,True
1.896000000,0.429138132,0.122251804,0.777693986,0.428451776,0.107318348,0.777131117,True
1.898000000,0.429138132,0.122251804,0.777693986,0.428496374,0.107461115,0.777049378,True
1.900000000,0.429138132,0.122251804,0.777693986,0.428540037,0.107603984,0.776968075,True
1.902000000,0.429586645,0.123552355,0.776877039,0.428585599,0.107753254,0.776885684,True
1.904000000,0.429586645,0.123552355,0.776877039,0.428631892,0.107906127,0.776801785,True
1.906000000,0.429586645,0.123552355,0.776877039,0.428678352,0.108060744,0.776716681,True
1.908000000,0.429586645,0.123552355,0.776877039,0.428724674,0.108215800,0.776630859,True
1.910000000,0.429586645,0.123552355,0.776877039,0.428770670,0.108370356,0.776544796,True
1.912000000,0.429586645,0.123552355,0.776877039,0.428816214,0.108523730,0.776458902,True
1.914000000,0.429586645,0.123552355,0.776877039,0.428861212,0.108675430,0.776373508,True
1.916000000,0.429586645,0.123552355,0.776877039,0.428905592,0.108825102,0.776288876,True
1.918000000,0.429586645,0.123552355,0.776877039,0.428949301,0.108972498,0.776205208,True
1.920000000,0.429586645,0.123552355,0.776877039,0.428992298,0.109117445,0.776122656,True
1.922000000,0.429995285,0.124852601,0.776048341,0.429037249,0.109267717,0.776039304,True
1.924000000,0.429995285,0.124852601,0.776048341,0.429082973,0.109420798,0.775954668,True
1.926000000,0.429995285,0.124852601,0.776048341,0.429128898,0.109575034,0.775869004,True
1.928000000,0.429995285,0.124852601,0.776048341,0.429174714,0.109729274,0.775782756,True
1.930000000,0.429995285,0.124852601,0.776048341,0.429220227,0.109882695,0.775696372,True
1.932000000,0.429995285,0.124852601,0.776048341,0.429265307,0.110034703,0.775610236,True
1.934000000,0.429995285,0.124852601,0.776048341,0.429309857,0.110184872,0.775524663,True
1.936000000,0.429995285,0.124852601,0.776048341,0.429353804,0.110332900,0.775439898,True
1.938000000,0.429995285,0.124852601,0.776048341,0.429397094,0.110478575,0.775356133,True
1.940000000,0.429995285,0.124852601,0.776048341,0.429439682,0.110621754,0.775273512,True
1.942000000,0.430323815,0.126152236,0.775196033,0.429483905,0.110770136,0.775189774,True
1.944000000,0.430323815,0.126152236,0.775196033,0.429528749,0.110921286,0.775104677,True
1.946000000,0.430323815,0.126152236,0.775196033,0.429573717,0.111073589,0.775018562,True
1.948000000,0.430323815,0.126152236,0.775196033,0.429618534,0.111225910,0.774931902,True
1.950000000,0.430323815,0.126152236,0.775196033,0.429663026,0.111377437,0.774845149,True
1.952000000,0.430323815,0.126152236,0.775196033,0.429707072,0.111527580,0.774758686,True
1.954000000,0.430323815,0.126152236,0.775196033,0.429750585,0.111675918,0.774672819,True
1.956000000,0.430323815,0.126152236,0.775196033,0.429793497,0.111822148,0.774587792,True
1.958000000,0.430323815,0.126152236,0.775196033,0.429835756,0.111966059,0.774503789,True
1.960000000,0.430323815,0.126152236,0.775196033,0.429877324,0.112107509,0.774420953,True
1.962000000,0.430572235,0.127451258,0.774320115,0.429920180,0.112254071,0.774336655,True
1.964000000,0.430572235,0.127451258,0.774320115,0.429963499,0.112403389,0.774250918,True
1.966000000,0.430572235,0.127451258,0.774320115,0.430006864,0.112553877,0.774164177,True
1.968000000,0.430572235,0.127451258,0.774320115,0.430050040,0.112704414,0.774076936,True
1.970000000,0.430572235,0.127451258,0.774320115,0.430092874,0.112854192,0.773989652,True
1.972000000,0.430572235,0.127451258,0.774320115,0.430135259,0.113002625,0.773902704,True
1.974000000,0.430572235,0.127451258,0.774320115,0.430177116,0.113149289,0.773816395,True
1.976000000,0.430572235,0.127451258,0.774320115,0.430218382,0.113293883,0.773730960,True
1.978000000,0.430572235,0.127451258,0.774320115,0.430259011,0.113436194,0.773646580,True
1.980000000,0.430572235,0.127451258,0.774320115,0.430298968,0.113576079,0.773563391,True
1.982000000,0.430740544,0.128749668,0.773420588,0.430339851,0.113720981,0.773478376,True
1.984000000,0.430740544,0.128749668,0.773420588,0.430381035,0.113868625,0.773391838,True
1.986000000,0.430740544,0.128749668,0.773420588,0.430422193,0.114017458,0.773304314,True
1.988000000,0.430740544,0.128749668,0.773420588,0.430463130,0.114166373,0.773216340,True
1.990000000,0.430740544,0.128749668,0.773420588,0.430503718,0.114314564,0.773128378,True
1.992000000,0.430740544,0.128749668,0.773420588,0.430543863,0.114461447,0.773040806,True
1.994000000,0.430740544,0.128749668,0.773420588,0.430583493,0.114606597,0.772953918,True
1.996000000,0.430740544,0.128749668,0.773420588,0.430622553,0.114749711,0.772867944,True
1.998000000,0.430740544,0.128749668,0.773420588,0.430661001,0.114890577,0.772783060,True
2.000000000,0.430740544,0.128749668,0.773420588,0.430698806,0.115029050,0.772699396,True
2.002000000,0.430828743,0.130047467,0.772497451,0.430737162,0.115172440,0.772613521,True
2.004000000,0.430828743,0.130047467,0.772497451,0.430775655,0.115318556,0.772526036,True
2.006000000,0.430828743,0.130047467,0.772497451,0.430814053,0.115465882,0.772437585,True
2.008000000,0.430828743,0.130047467,0.772497451,0.430852206,0.115613321,0.772348740,True
2.010000000,0.430828743,0.130047467,0.772497451,0.430890010,0.115760073,0.772259968,True
2.012000000,0.430828743,0.130047467,0.772497451,0.430927384,0.115905551,0.772171642,True
2.014000000,0.430828743,0.130047467,0.772497451,0.430964267,0.116049331,0.772084053,True
2.016000000,0.430828743,0.130047467,0.772497451,0.431000610,0.116191110,0.771997421,True
2.018000000,0.430828743,0.130047467,0.772497451,0.431036376,0.116330672,0.771911917,True
2.020000000,0.430828743,0.130047467,0.772497451,0.431071536,0.116467871,0.771827665,True
2.022000000,0.430876704,0.131344958,0.771562455,0.431101846,0.116568794,0.771732621,True
2.024000000,0.430876704,0.131344958,0.771562455,0.431131883,0.116644327,0.771635654,True
2.026000000,0.430876704,0.131344958,0.771562455,0.431163055,0.116701328,0.771539918,True
2.028000000,0.430876704,0.131344958,0.771562455,0.431195566,0.116744513,0.771446378,True
2.030000000,0.430876704,0.131344958,0.771562455,0.431229211,0.116777280,0.771355199,True
2.032000000,0.430876704,0.131344958,0.771562455,0.431263679,0.116802148,0.771266290,True
2.034000000,0.430876704,0.131344958,0.771562455,0.431298672,0.116821008,0.771179503,True
2.036000000,0.430876704,0.131344958,0.771562455,0.431333929,0.116835290,0.771094692,True
2.038000000,0.430876704,0.131344958,0.771562455,0.431369241,0.116846081,0.771011742,True
2.040000000,0.430876704,0.131344958,0.771562455,0.431404439,0.116854209,0.770930558,True
2.042000000,0.430924665,0.132642449,0.770627459,0.431444724,0.116905657,0.770854480,True
2.044000000,0.430924665,0.132642449,0.770627459,0.431485457,0.116986870,0.770777049,True
2.046000000,0.430924665,0.132642449,0.770627459,0.431525033,0.117089034,0.770696768,True
2.048000000,0.430924665,0.132642449,0.770627459,0.431563026,0.117205974,0.770613867,True
2.050000000,0.430924665,0.132642449,0.770627459,0.431599436,0.117333203,0.770529069,True
2.052000000,0.430924665,0.132642449,0.770627459,0.431634393,0.117467395,0.770443137,True
2.054000000,0.430924665,0.132642449,0.770627459,0.431668050,0.117606070,0.770356733,True
2.056000000,0.430924665,0.132642449,0.770627459,0.431700546,0.117747368,0.770270386,True
2.058000000,0.430924665,0.132642449,0.770627459,0.431731998,0.117889899,0.770184509,True
2.060000000,0.430924665,0.132642449,0.770627459,0.431762501,0.118032621,0.770099411,True
2.062000000,0.430972627,0.133939940,0.769692464,0.431792950,0.118181375,0.770011473,True
2.064000000,0.430972627,0.133939940,0.769692464,0.431823234,0.118333707,0.769921696,True
2.066000000,0.430972627,0.133939940,0.769692464,0.431853276,0.118487875,0.769830894,True
2.068000000,0.430972627,0.133939940,0.769692464,0.431883014,0.118642601,0.769739709,True
2.070000000,0.430972627,0.133939940,0.769692464,0.431912398,0.118796939,0.769648641,True
2.072000000,0.430972627,0.133939940,0.769692464,0.431941386,0.118950192,0.769558076,True
2.074000000,0.430972627,0.133939940,0.769692464,0.431969946,0.119101849,0.769468308,True
2.076000000,0.430972627,0.133939940,0.769692464,0.431998048,0.119251541,0.769379560,True
2.078000000,0.430972627,0.133939940,0.769692464,0.432025672,0.119399004,0.769292001,True
2.080000000,0.430972627,0.133939940,0.769692464,0.432052801,0.119544056,0.769205754,True
2.082000000,0.431020588,0.135237430,0.768757468,0.432080123,0.119694030,0.769116904,True
2.084000000,0.431020588,0.135237430,0.768757468,0.432107472,0.119846754,0.769026374,True
2.086000000,0.431020588,0.135237430,0.768757468,0.432134736,0.120000696,0.768934931,True
2.088000000,0.431020588,0.135237430,0.768757468,0.432161828,0.120154735,0.768843184,True
2.090000000,0.431020588,0.135237430,0.768757468,0.432188680,0.120308046,0.768751612,True
2.092000000,0.431020588,0.135237430,0.768757468,0.432215235,0.120460022,0.768660586,True
2.094000000,0.431020588,0.135237430,0.768757468,0.432241449,0.120610222,0.768570389,True
2.096000000,0.431020588,0.135237430,0.768757468,0.432267284,0.120758331,0.768481235,True
2.098000000,0.431020588,0.135237430,0.768757468,0.432292711,0.120904123,0.768393288,True
2.100000000,0.431020588,0.135237430,0.768757468,0.432317708,0.121047446,0.768306667,True
2.102000000,0.431068550,0.136534921,0.767822472,0.432342864,0.121195617,0.768217376,True
2.104000000,0.431068550,0.136534921,0.767822472,0.432368054,0.121346503,0.768126390,True
2.106000000,0.431068550,0.136534921,0.767822472,0.432393179,0.121498594,0.768034497,True
2.108000000,0.431068550,0.136534921,0.767822472,0.432418162,0.121650784,0.767942312,True
2.110000000,0.431068550,0.136534921,0.767822472,0.432442939,0.121802257,0.767850316,True
2.112000000,0.431068550,0.136534921,0.767822472,0.432467454,0.121952414,0.767758878,True
2.114000000,0.431068550,0.136534921,0.767822472,0.432491664,0.122100818,0.767668281,True
2.116000000,0.431068550,0.136534921,0.767822472,0.432515533,0.122247155,0.767578741,True
2.118000000,0.431068550,0.136534921,0.767822472,0.432539032,0.122391205,0.767490417,True
2.120000000,0.431068550,0.136534921,0.767822472,0.432562138,0.122532814,0.767403428,True
2.122000000,0.431116511,0.137832412,0.766887477,0.432585363,0.122679239,0.767313712,True
2.124000000,0.431116511,0.137832412,0.766887477,0.432608617,0.122828373,0.767222292,True
2.126000000,0.431116511,0.137832412,0.766887477,0.432631819,0.122978721,0.767129970,True
2.128000000,0.431116511,0.137832412,0.766887477,0.432654899,0.123129186,0.767037370,True
2.130000000,0.431116511,0.137832412,0.766887477,0.432677797,0.123278955,0.766944972,True
2.132000000,0.431116511,0.137832412,0.766887477,0.432700464,0.123427433,0.766853147,True
2.134000000,0.431116511,0.137832412,0.766887477,0.432722855,0.123574185,0.766762175,True
2.136000000,0.431116511,0.137832412,0.766887477,0.432744937,0.123718900,0.766672271,True
2.138000000,0.431116511,0.137832412,0.766887477,0.432766680,0.123861356,0.766583595,True
2.140000000,0.431116511,0.137832412,0.766887477,0.432788064,0.124001402,0.766496264,True
2.142000000,0.431164473,0.139129903,0.765952481,0.432809530,0.124146235,0.766406156,True
2.144000000,0.431164473,0.139129903,0.765952481,0.432831020,0.124293774,0.766314336,True
2.146000000,0.431164473,0.139129903,0.765952481,0.432852469,0.124442536,0.766221620,True
2.148000000,0.431164473,0.139129903,0.765952481,0.432873814,0.124591429,0.766128638,True
2.150000000,0.431164473,0.139129903,0.765952481,0.432895000,0.124739648,0.766035870,True
2.152000000,0.431164473,0.139129903,0.765952481,0.432915979,0.124886599,0.765943687,True
2.154000000,0.431164473,0.139129903,0.765952481,0.432936711,0.125031850,0.765852370,True
2.156000000,0.431164473,0.139129903,0.765952481,0.432957160,0.125175088,0.765762131,True
2.158000000,0.431164473,0.139129903,0.765952481,0.432977301,0.125316096,0.765673128,True
2.160000000,0.431164473,0.139129903,0.765952481,0.432997112,0.125454721,0.765585481,True
2.162000000,0.431212434,0.140427394,0.765017485,0.433016973,0.125598108,0.765495015,True
2.164000000,0.431212434,0.140427394,0.765017485,0.433036855,0.125744197,0.765402830,True
2.166000000,0.431212434,0.140427394,0.765017485,0.433056704,0.125891516,0.765309754,True
2.168000000,0.431212434,0.140427394,0.765017485,0.433076466,0.126038982,0.765216421,True
2.170000000,0.431212434,0.140427394,0.765017485,0.433096089,0.126185791,0.765123314,True
2.172000000,0.431212434,0.140427394,0.765017485,0.433115528,0.126331354,0.765030802,True
2.174000000,0.431212434,0.140427394,0.765017485,0.433134743,0.126475239,0.764939166,True
2.176000000,0.431212434,0.140427394,0.765017485,0.433153703,0.126617136,0.764848618,True
2.178000000,0.431212434,0.140427394,0.765017485,0.433172380,0.126756826,0.764759316,True
2.180000000,0.431212434,0.140427394,0.765017485,0.433190754,0.126894158,0.764671377,True
2.182000000,0.431260396,0.141724885,0.764082489,0.433210228,0.126996556,0.764577828,True
2.184000000,0.431260396,0.141724885,0.764082489,0.433232600,0.127073904,0.764483666,True
2.186000000,0.431260396,0.141724885,0.764082489,0.433258026,0.127132676,0.764390639,True
2.188000000,0.431260396,0.141724885,0.764082489,0.433286086,0.127177453,0.764299262,True
2.190000000,0.431260396,0.141724885,0.764082489,0.433316226,0.127211603,0.764209618,True
2.192000000,0.431260396,0.141724885,0.764082489,0.433347916,0.127237649,0.764121657,True
2.194000000,0.431260396,0.141724885,0.764082489,0.433380701,0.127257504,0.764035311,True
2.196000000,0.431260396,0.141724885,0.764082489,0.433414207,0.127272620,0.763950518,True
2.198000000,0.431260396,0.141724885,0.764082489,0.433448133,0.127284108,0.763867239,True
2.200000000,0.431260396,0.141724885,0.764082489,0.433482242,0.127292816,0.763785446,True
2.202000000,0.431308357,0.143022376,0.763147494,0.433515387,0.127343328,0.763703071,True
2.204000000,0.431308357,0.143022376,0.763147494,0.433545905,0.127423184,0.763617811,True
2.206000000,0.431308357,0.143022376,0.763147494,0.433573538,0.127523996,0.763529704,True
2.208000000,0.431308357,0.143022376,0.763147494,0.433598532,0.127639739,0.763439500,True
2.210000000,0.431308357,0.143022376,0.763147494,0.433621264,0.127765962,0.763348044,True
2.212000000,0.431308357,0.143022376,0.763147494,0.433642102,0.127899337,0.763256084,True
2.214000000,0.431308357,0.143022376,0.763147494,0.433661365,0.128037364,0.763164215,True
2.216000000,0.431308357,0.143022376,0.763147494,0.433679312,0.128178160,0.763072897,True
2.218000000,0.431308357,0.143022376,0.763147494,0.433696153,0.128320311,0.762982469,True
2.220000000,0.431308357,0.143022376,0.763147494,0.433712055,0.128462756,0.762893181,True
2.222000000,0.431356318,0.144319867,0.762212498,0.433727524,0.128611210,0.762800921,True
2.224000000,0.431356318,0.144319867,0.762212498,0.433742692,0.128763281,0.762706912,True
2.226000000,0.431356318,0.144319867,0.762212498,0.433757611,0.128917243,0.762612041,True
2.228000000,0.431356318,0.144319867,0.762212498,0.433772296,0.129071815,0.762516965,True
2.230000000,0.431356318,0.144319867,0.762212498,0.433786752,0.129226047,0.762422178,True
2.232000000,0.431356318,0.144319867,0.762212498,0.433800973,0.129379231,0.762328054,True
2.234000000,0.431356318,0.144319867,0.762212498,0.433814953,0.129530851,0.762234872,True
2.236000000,0.431356318,0.144319867,0.762212498,0.433828684,0.129680528,0.762142842,True
2.238000000,0.431356318,0.144319867,0.762212498,0.433842159,0.129827995,0.762052117,True
2.240000000,0.431356318,0.144319867,0.762212498,0.433855372,0.129973063,0.761962812,True
2.242000000,0.431404280,0.145617358,0.761277502,0.433868549,0.130122977,0.761870633,True
2.244000000,0.431404280,0.145617358,0.761277502,0.433881723,0.130275631,0.761776731,True
2.246000000,0.431404280,0.145617358,0.761277502,0.433894882,0.130429514,0.761681963,True
2.248000000,0.431404280,0.145617358,0.761277502,0.433907997,0.130583512,0.761586970,True
2.250000000,0.431404280,0.145617358,0.761277502,0.433921034,0.130736799,0.761492243,True
2.252000000,0.431404280,0.145617358,0.761277502,0.433933963,0.130888766,0.761398151,True
2.254000000,0.431404280,0.145617358,0.761277502,0.433946755,0.131038968,0.761304975,True
2.256000000,0.431404280,0.145617358,0.761277502,0.433959385,0.131187086,0.761212927,True
2.258000000,0.431404280,0.145617358,0.761277502,0.433971833,0.131332894,0.761122163,True
2.260000000,0.431404280,0.145617358,0.761277502,0.433984080,0.131476235,0.761032800,True
2.262000000,0.431452241,0.146914849,0.760342507,0.433996303,0.131624355,0.760940527,True
2.264000000,0.431452241,0.146914849,0.760342507,0.434008542,0.131775176,0.760846513,True
2.266000000,0.431452241,0.146914849,0.760342507,0.434020785,0.131927209,0.760751621,True
2.268000000,0.431452241,0.146914849,0.760342507,0.434033005,0.132079353,0.760656497,True
2.270000000,0.431452241,0.146914849,0.760342507,0.434045168,0.132230793,0.760561633,True
2.272000000,0.431452241,0.146914849,0.760342507,0.434057244,0.132380927,0.760467402,True
2.274000000,0.431452241,0.146914849,0.760342507,0.434069203,0.132529316,0.760374085,True
2.276000000,0.431452241,0.146914849,0.760342507,0.434081019,0.132675644,0.760281894,True
2.278000000,0.431452241,0.146914849,0.760342507,0.434092671,0.132819689,0.760190988,True
2.280000000,0.431452241,0.146914849,0.760342507,0.434104141,0.132961296,0.760101482,True
2.282000000,0.431500203,0.148212340,0.759407511,0.434115576,0.133107659,0.760009051,True
2.284000000,0.431500203,0.148212340,0.759407511,0.434127027,0.133256719,0.759914875,True
2.286000000,0.431500203,0.148212340,0.759407511,0.434138487,0.133406998,0.759819819,True
2.288000000,0.431500203,0.148212340,0.759407511,0.434149932,0.133557403,0.759724534,True
2.290000000,0.431500203,0.148212340,0.759407511,0.434161330,0.133707123,0.759629511,True
2.292000000,0.431500203,0.148212340,0.759407511,0.434172651,0.133855560,0.759535124,True
2.294000000,0.431500203,0.148212340,0.759407511,0.434183867,0.134002280,0.759441654,True
2.296000000,0.431500203,0.148212340,0.759407511,0.434194953,0.134146966,0.759349315,True
2.298000000,0.431500203,0.148212340,0.759407511,0.434205889,0.134289397,0.759258263,True
2.300000000,0.431500203,0.148212340,0.759407511,0.434216656,0.134429420,0.759168614,True
2.302000000,0.431548164,0.149509831,0.758472515,0.434227380,0.134574182,0.759076032,True
2.304000000,0.431548164,0.149509831,0.758472515,0.434238117,0.134721638,0.758981700,True
2.306000000,0.431548164,0.149509831,0.758472515,0.434248866,0.134870321,0.758886490,True
2.308000000,0.431548164,0.149509831,0.758472515,0.434259605,0.135019143,0.758791052,True
2.310000000,0.431548164,0.149509831,0.758472515,0.434270306,0.135167298,0.758695880,True
2.312000000,0.431548164,0.149509831,0.758472515,0.434280939,0.135314193,0.758601346,True
2.314000000,0.431548164,0.149509831,0.758472515,0.434291477,0.135459393,0.758507733,True
2.316000000,0.431548164,0.149509831,0.758472515,0.434301897,0.135602586,0.758415253,True
2.318000000,0.431548164,0.149509831,0.758472515,0.434312178,0.135743550,0.758324065,True
2.320000000,0.431548164,0.149509831,0.758472515,0.434322302,0.135882134,0.758234283,True
2.322000000,0.431596126,0.150807322,0.757537520,0.434332376,0.136025441,0.758141561,True
2.324000000,0.431596126,0.150807322,0.757537520,0.434342462,0.136171441,0.758047088,True
2.326000000,0.431596126,0.150807322,0.757537520,0.434352562,0.136318673,0.757951736,True
2.328000000,0.431596126,0.150807322,0.757537520,0.434362657,0.136466057,0.757856158,True
2.330000000,0.431596126,0.150807322,0.757537520,0.434372720,0.136612791,0.757760847,True
2.332000000,0.431596126,0.150807322,0.757537520,0.434382724,0.136758284,0.757666178,True
2.334000000,0.431596126,0.150807322,0.757537520,0.434392643,0.136902105,0.757572432,True
2.336000000,0.431596126,0.150807322,0.757537520,0.434402453,0.137043940,0.757479823,True
2.338000000,0.431596126,0.150807322,0.757537520,0.434412134,0.137183572,0.757388507,True
2.340000000,0.431596126,0.150807322,0.757537520,0.434421670,0.137320847,0.757298601,True
2.342000000,0.431644087,0.152104813,0.756602524,0.434431150,0.137462833,0.757205752,True
2.344000000,0.431644087,0.152104813,0.756602524,0.434440641,0.137607510,0.757111151,True
2.346000000,0.431644087,0.152104813,0.756602524,0.434450149,0.137753425,0.757015670,True
2.348000000,0.431644087,0.152104813,0.756602524,0.434459655,0.137899502,0.756919963,True
2.350000000,0.431644087,0.152104813,0.756602524,0.434469136,0.138044945,0.756824526,True
2.352000000,0.431644087,0.152104813,0.756602524,0.434478564,0.138189164,0.756729731,True
2.354000000,0.431644087,0.152104813,0.756602524,0.434487915,0.138331730,0.756635862,True
2.356000000,0.431644087,0.152104813,0.756602524,0.434497166,0.138472333,0.756543132,True
2.358000000,0.431644087,0.152104813,0.756602524,0.434506298,0.138610753,0.756451699,True
2.360000000,0.431644087,0.152104813,0.756602524,0.434515295,0.138746839,0.756361677,True
2.362000000,0.431692049,0.153402304,0.755667528,0.434528207,0.138848994,0.756268125,True
2.364000000,0.431692049,0.153402304,0.755667528,0.434545623,0.138926571,0.756174466,True
2.366000000,0.431692049,0.153402304,0.755667528,0.434567128,0.138985793,0.756081884,True
2.368000000,0.431692049,0.153402304,0.755667528,0.434592001,0.139031119,0.755990713,True
2.370000000,0.431692049,0.153402304,0.755667528,0.434619505,0.139065849,0.755901003,True
2.372000000,0.431692049,0.153402304,0.755667528,0.434648991,0.139092474,0.755812726,True
2.374000000,0.431692049,0.153402304,0.755667528,0.434679913,0.139112885,0.755725845,True
2.376000000,0.431692049,0.153402304,0.755667528,0.434711833,0.139128526,0.755640340,True
2.378000000,0.431692049,0.153402304,0.755667528,0.434744396,0.139140503,0.755556201,True
2.380000000,0.431692049,0.153402304,0.755667528,0.434777322,0.139149664,0.755473433,True
2.382000000,0.431740010,0.154699795,0.754732533,0.434806547,0.139199580,0.755387947,True
2.384000000,0.431740010,0.154699795,0.754732533,0.434831612,0.139278338,0.755298970,True
2.386000000,0.431740010,0.154699795,0.754732533,0.434852845,0.139377806,0.755207126,True
2.388000000,0.431740010,0.154699795,0.754732533,0.434870815,0.139492093,0.755113371,True
2.390000000,0.431740010,0.154699795,0.754732533,0.434886099,0.139616818,0.755018613,True
2.392000000,0.431740010,0.154699795,0.754732533,0.434899201,0.139748696,0.754923601,True
2.394000000,0.431740010,0.154699795,0.754732533,0.434910539,0.139885246,0.754828913,True
2.396000000,0.431740010,0.154699795,0.754732533,0.434920449,0.140024601,0.754734985,True
2.398000000,0.431740010,0.154699795,0.754732533,0.434929199,0.140165352,0.754642133,True
2.400000000,0.431740010,0.154699795,0.754732533,0.434937001,0.140306441,0.754550583,True
2.402000000,0.431787971,0.155997286,0.753797537,0.434944240,0.140453541,0.754456111,True
2.404000000,0.431787971,0.155997286,0.753797537,0.434951108,0.140604274,0.754359941,True
2.406000000,0.431787971,0.155997286,0.753797537,0.434957706,0.140756922,0.754262962,True
2.408000000,0.431787971,0.155997286,0.753797537,0.434964089,0.140910207,0.754165837,True
2.410000000,0.431787971,0.155997286,0.753797537,0.434970292,0.141063180,0.754069060,True
2.412000000,0.431787971,0.155997286,0.753797537,0.434976334,0.141215136,0.753973005,True
2.414000000,0.431787971,0.155997286,0.753797537,0.434982227,0.141365556,0.753877950,True
2.416000000,0.431787971,0.155997286,0.753797537,0.434987978,0.141514062,0.753784102,True
2.418000000,0.431787971,0.155997286,0.753797537,0.434993589,0.141660385,0.753691614,True
2.420000000,0.431787971,0.155997286,0.753797537,0.434999064,0.141804334,0.753600596,True
2.422000000,0.431835933,0.157294777,0.752862541,0.435004464,0.141953117,0.753506696,True
2.424000000,0.431835933,0.157294777,0.752862541,0.435009855,0.142104637,0.753411064,True
2.426000000,0.431835933,0.157294777,0.752862541,0.435015255,0.142257390,0.753314564,True
2.428000000,0.431835933,0.157294777,0.752862541,0.435020661,0.142410267,0.753217850,True
2.430000000,0.431835933,0.157294777,0.752862541,0.435026063,0.142562447,0.753121420,True
2.432000000,0.431835933,0.157294777,0.752862541,0.435031444,0.142713322,0.753025651,True
2.434000000,0.431835933,0.157294777,0.752862541,0.435036791,0.142862451,0.752930829,True
2.436000000,0.431835933,0.157294777,0.752862541,0.435042088,0.143009513,0.752837166,True
2.438000000,0.431835933,0.157294777,0.752862541,0.435047320,0.143154283,0.752744821,True
2.440000000,0.431835933,0.157294777,0.752862541,0.435052475,0.143296606,0.752653910,True
2.442000000,0.431883894,0.158592268,0.751927546,0.435057592,0.143443700,0.752560100,True
2.444000000,0.431883894,0.158592268,0.751927546,0.435062726,0.143593491,0.752464537,True
2.446000000,0.431883894,0.158592268,0.751927546,0.435067889,0.143744494,0.752368086,True
2.448000000,0.431883894,0.158592268,0.751927546,0.435073073,0.143895613,0.752271404,True
2.450000000,0.431883894,0.158592268,0.751927546,0.435078266,0.144046037,0.752174991,True
2.452000000,0.431883894,0.158592268,0.751927546,0.435083452,0.144195168,0.752079227,True
2.454000000,0.431883894,0.158592268,0.751927546,0.435088613,0.144342567,0.751984399,True
2.456000000,0.431883894,0.158592268,0.751927546,0.435093733,0.144487921,0.751890724,True
2.458000000,0.431883894,0.158592268,0.751927546,0.435098797,0.144631007,0.751798362,True
2.460000000,0.431883894,0.158592268,0.751927546,0.435103791,0.144771672,0.751707429,True
2.462000000,0.431931856,0.159889758,0.750992550,0.435108755,0.144917094,0.751613604,True
2.464000000,0.431931856,0.159889758,0.750992550,0.435113737,0.145065209,0.751518023,True
2.466000000,0.431931856,0.159889758,0.750992550,0.435118748,0.145214542,0.751421550,True
2.468000000,0.431931856,0.159889758,0.750992550,0.435123781,0.145364004,0.751324841,True
2.470000000,0.431931856,0.159889758,0.750992550,0.435128824,0.145512786,0.751228398,True
2.472000000,0.431931856,0.159889758,0.750992550,0.435133861,0.145660297,0.751132602,True
2.474000000,0.431931856,0.159889758,0.750992550,0.435138876,0.145806100,0.751037741,True
2.476000000,0.431931856,0.159889758,0.750992550,0.435143852,0.145949884,0.750944031,True
2.478000000,0.431931856,0.159889758,0.750992550,0.435148774,0.146091426,0.750851633,True
2.480000000,0.431931856,0.159889758,0.750992550,0.435153630,0.146230575,0.750760664,True
2.482000000,0.431979817,0.161187249,0.750057554,0.435158461,0.146374472,0.750666815,True
2.484000000,0.431979817,0.161187249,0.750057554,0.435163311,0.146521061,0.750571210,True
2.486000000,0.431979817,0.161187249,0.750057554,0.435168188,0.146668874,0.750474710,True
2.488000000,0.431979817,0.161187249,0.750057554,0.435173086,0.146816826,0.750377971,True
2.490000000,0.431979817,0.161187249,0.750057554,0.435177994,0.146964116,0.750281496,True
2.492000000,0.431979817,0.161187249,0.750057554,0.435182896,0.147110153,0.750185666,True
2.494000000,0.431979817,0.161187249,0.750057554,0.435187777,0.147254505,0.750090769,True
2.496000000,0.431979817,0.161187249,0.750057554,0.435192621,0.147396861,0.749997024,True
2.498000000,0.431979817,0.161187249,0.750057554,0.435197413,0.147537000,0.749904590,True
2.500000000,0.431979817,0.161187249,0.750057554,0.435202141,0.147674772,0.749813585,True
2.502000000,0.432027779,0.162484740,0.749122558,0.435206851,0.147817284,0.749719713,True
2.504000000,0.432027779,0.162484740,0.749122558,0.435211579,0.147962487,0.749624086,True
2.506000000,0.432027779,0.162484740,0.749122558,0.435216333,0.148108919,0.749527561,True
2.508000000,0.432027779,0.162484740,0.749122558,0.435221108,0.148255501,0.749430794,True
2.510000000,0.432027779,0.162484740,0.749122558,0.435225891,0.148401435,0.749334288,True
2.512000000,0.432027779,0.162484740,0.749122558,0.435230669,0.148546133,0.749238425,True
2.514000000,0.432027779,0.162484740,0.749122558,0.435235425,0.148689166,0.749143495,True
2.516000000,0.432027779,0.162484740,0.749122558,0.435240146,0.148830225,0.749049715,True
2.518000000,0.432027779,0.162484740,0.749122558,0.435244816,0.148969090,0.748957246,True
2.520000000,0.432027779,0.162484740,0.749122558,0.435249425,0.149105611,0.748866207,True
2.522000000,0.432075740,0.163782231,0.748187563,0.435254024,0.149246865,0.748772314,True
2.524000000,0.432075740,0.163782231,0.748187563,0.435258642,0.149390810,0.748676668,True
2.526000000,0.432075740,0.163782231,0.748187563,0.435263283,0.149535988,0.748580120,True
2.528000000,0.432075740,0.163782231,0.748187563,0.435267943,0.149681325,0.748483328,True
2.530000000,0.432075740,0.163782231,0.748187563,0.435272611,0.149826028,0.748386793,True
2.532000000,0.432075740,0.163782231,0.748187563,0.435277273,0.149969510,0.748290899,True
2.534000000,0.432075740,0.163782231,0.748187563,0.435281914,0.150111346,0.748195936,True
2.536000000,0.432075740,0.163782231,0.748187563,0.435286520,0.150251226,0.748102123,True
2.538000000,0.432075740,0.163782231,0.748187563,0.435291078,0.150388933,0.748009621,True
2.540000000,0.432075740,0.163782231,0.748187563,0.435295576,0.150524317,0.747918548,True
2.542000000,0.432123702,0.165079722,0.747252567,0.435304739,0.150626081,0.747824064,True
2.544000000,0.432123702,0.165079722,0.747252567,0.435318992,0.150703515,0.747729488,True
2.546000000,0.432123702,0.165079722,0.747252567,0.435337802,0.150762778,0.747635962,True
2.548000000,0.432123702,0.165079722,0.747252567,0.435360356,0.150808268,0.747543810,True
2.550000000,0.432123702,0.165079722,0.747252567,0.435385846,0.150843245,0.747453082,True
2.552000000,0.432123702,0.165079722,0.747252567,0.435413562,0.150870163,0.747363752,True
2.554000000,0.432123702,0.165079722,0.747252567,0.435442916,0.150890891,0.747275790,True
2.556000000,0.432123702,0.165079722,0.747252567,0.435473429,0.150906858,0.747189179,True
2.558000000,0.432123702,0.165079722,0.747252567,0.435504718,0.150919159,0.747103919,True
2.560000000,0.432123702,0.165079722,0.747252567,0.435536479,0.150928635,0.747020016,True
2.562000000,0.432171663,0.166377213,0.746317571,0.435563977,0.150978613,0.746933480,True
2.564000000,0.432171663,0.166377213,0.746317571,0.435586787,0.151057179,0.746843429,True
2.566000000,0.432171663,0.166377213,0.746317571,0.435605323,0.151156249,0.746750471,True
2.568000000,0.432171663,0.166377213,0.746317571,0.435620246,0.151269985,0.746655575,True
2.570000000,0.432171663,0.166377213,0.746317571,0.435632215,0.151394058,0.746559669,True
2.572000000,0.432171663,0.166377213,0.746317571,0.435641808,0.151525217,0.746463518,True
2.574000000,0.432171663,0.166377213,0.746317571,0.435649498,0.151661013,0.746367714,True
2.576000000,0.432171663,0.166377213,0.746317571,0.435655669,0.151799597,0.746272699,True
2.578000000,0.432171663,0.166377213,0.746317571,0.435660626,0.151939574,0.746178795,True
2.580000000,0.432171663,0.166377213,0.746317571,0.435664608,0.152079894,0.746086231,True
2.582000000,0.432219624,0.167674704,0.745382576,0.435668054,0.152226274,0.745990897,True
2.584000000,0.432219624,0.167674704,0.745382576,0.435671103,0.152376297,0.745893888,True
2.586000000,0.432219624,0.167674704,0.745382576,0.435673850,0.152528235,0.745796060,True
2.588000000,0.432219624,0.167674704,0.745382576,0.435676366,0.152680813,0.745698069,True
2.590000000,0.432219624,0.167674704,0.745382576,0.435678702,0.152833081,0.745600416,True
2.592000000,0.432219624,0.167674704,0.745382576,0.435680892,0.152984339,0.745503483,True
2.594000000,0.432219624,0.167674704,0.745382576,0.435682962,0.153134069,0.745407555,True
2.596000000,0.432219624,0.167674704,0.745382576,0.435684929,0.153281896,0.745312843,True
2.598000000,0.432219624,0.167674704,0.745382576,0.435686804,0.153427552,0.745219505,True
2.600000000,0.432219624,0.167674704,0.745382576,0.435688594,0.153570846,0.745127652,True
2.602000000,0.432267586,0.168972195,0.744447580,0.435690394,0.153719022,0.745033063,True
2.604000000,0.432267586,0.168972195,0.744447580,0.435692194,0.153869939,0.744936751,True
2.606000000,0.432267586,0.168972195,0.744447580,0.435693999,0.154022082,0.744839544,True
2.608000000,0.432267586,0.168972195,0.744447580,0.435695811,0.154174342,0.744742092,True
2.610000000,0.432267586,0.168972195,0.744447580,0.435697632,0.154325899,0.744644900,True
2.612000000,0.432267586,0.168972195,0.744447580,0.435699457,0.154476152,0.744548356,True
2.614000000,0.432267586,0.168972195,0.744447580,0.435701282,0.154624660,0.744452752,True
2.616000000,0.432267586,0.168972195,0.744447580,0.435703099,0.154771106,0.744358309,True
2.618000000,0.432267586,0.168972195,0.744447580,0.435704900,0.154915267,0.744265190,True
2.620000000,0.432267586,0.168972195,0.744447580,0.435706678,0.155056989,0.744173515,True
2.622000000,0.432315547,0.170269686,0.743512584,0.435708512,0.155203532,0.744079094,True
2.624000000,0.432315547,0.170269686,0.743512584,0.435710376,0.155352777,0.743982929,True
2.626000000,0.432315547,0.170269686,0.743512584,0.435712263,0.155503224,0.743885844,True
2.628000000,0.432315547,0.170269686,0.743512584,0.435714172,0.155653777,0.743788493,True
2.630000000,0.432315547,0.170269686,0.743512584,0.435716099,0.155803627,0.743691384,True
2.632000000,0.432315547,0.170269686,0.743512584,0.435718039,0.155952181,0.743594907,True
2.634000000,0.432315547,0.170269686,0.743512584,0.435719985,0.156099004,0.743499358,True
2.636000000,0.432315547,0.170269686,0.743512584,0.435721927,0.156243785,0.743404959,True
2.638000000,0.432315547,0.170269686,0.743512584,0.435723857,0.156386303,0.743311877,True
2.640000000,0.432315547,0.170269686,0.743512584,0.435725766,0.156526407,0.743220231,True
2.642000000,0.432363509,0.171567177,0.742577589,0.435727745,0.156671323,0.743125856,True
2.644000000,0.432363509,0.171567177,0.742577589,0.435729758,0.156818937,0.743029736,True
2.646000000,0.432363509,0.171567177,0.742577589,0.435731792,0.156967758,0.742932690,True
2.648000000,0.432363509,0.171567177,0.742577589,0.435733845,0.157116696,0.742835372,True
2.650000000,0.432363509,0.171567177,0.742577589,0.435735913,0.157264946,0.742738289,True
2.652000000,0.432363509,0.171567177,0.742577589,0.435737991,0.157411919,0.742641834,True
2.654000000,0.432363509,0.171567177,0.742577589,0.435740072,0.157557185,0.742546302,True
2.656000000,0.432363509,0.171567177,0.742577589,0.435742147,0.157700433,0.742451919,True
2.658000000,0.432363509,0.171567177,0.742577589,0.435744207,0.157841445,0.742358849,True
2.660000000,0.432363509,0.171567177,0.742577589,0.435746244,0.157980068,0.742267214,True
2.662000000,0.432411470,0.172864668,0.741642593,0.435748365,0.158123500,0.742172869,True
2.664000000,0.432411470,0.172864668,0.741642593,0.435750520,0.158269628,0.742076781,True
2.666000000,0.432411470,0.172864668,0.741642593,0.435752693,0.158416968,0.741979764,True
2.668000000,0.432411470,0.172864668,0.741642593,0.435754880,0.158564435,0.741882468,True
2.670000000,0.432411470,0.172864668,0.741642593,0.435757079,0.158711231,0.741785404,True
2.672000000,0.432411470,0.172864668,0.741642593,0.435759284,0.158856767,0.741688963,True
2.674000000,0.432411470,0.172864668,0.741642593,0.435761488,0.159000616,0.741593444,True
2.676000000,0.432411470,0.172864668,0.741642593,0.435763683,0.159142471,0.741499070,True
2.678000000,0.432411470,0.172864668,0.741642593,0.435765861,0.159282112,0.741406008,True
2.680000000,0.432411470,0.172864668,0.741642593,0.435768013,0.159419391,0.741314380,True
2.682000000,0.432459432,0.174162159,0.740707597,0.435770263,0.159561474,0.741220063,True
2.684000000,0.432459432,0.174162159,0.740707597,0.435772547,0.159706254,0.741124004,True
2.686000000,0.432459432,0.174162159,0.740707597,0.435774846,0.159852250,0.741027012,True
2.688000000,0.432459432,0.174162159,0.740707597,0.435777155,0.159998382,0.740929737,True
2.690000000,0.432459432,0.174162159,0.740707597,0.435779471,0.160143856,0.740832688,True
2.692000000,0.432459432,0.174162159,0.740707597,0.435781789,0.160288087,0.740736260,True
2.694000000,0.432459432,0.174162159,0.740707597,0.435784103,0.160430649,0.740640749,True
2.696000000,0.432459432,0.174162159,0.740707597,0.435786406,0.160571238,0.740546382,True
2.698000000,0.432459432,0.174162159,0.740707597,0.435788688,0.160709635,0.740453325,True
2.700000000,0.432459432,0.174162159,0.740707597,0.435790943,0.160845692,0.740361702,True
2.702000000,0.432507393,0.175459650,0.739772602,0.435797712,0.160947788,0.740265994,True
2.704000000,0.432507393,0.175459650,0.739772602,0.435809709,0.161025462,0.740170013,True
2.706000000,0.432507393,0.175459650,0.739772602,0.435826482,0.161084958,0.740075081,True
2.708000000,0.432507393,0.175459650,0.739772602,0.435847221,0.161130693,0.739981576,True
2.710000000,0.432507393,0.175459650,0.739772602,0.435871091,0.161165923,0.739889558,True
2.712000000,0.432507393,0.175459650,0.739772602,0.435897354,0.161193095,0.739798995,True
2.714000000,0.432507393,0.175459650,0.739772602,0.435925390,0.161214071,0.739709850,True
2.716000000,0.432507393,0.175459650,0.739772602,0.435954698,0.161230274,0.739622098,True
2.718000000,0.432507393,0.175459650,0.739772602,0.435984876,0.161242796,0.739535731,True
2.720000000,0.432507393,0.175459650,0.739772602,0.436015603,0.161252478,0.739450752,True
2.722000000,0.432555355,0.176757141,0.738837606,0.436042441,0.161303110,0.739364096,True
2.724000000,0.432555355,0.176757141,0.738837606,0.436064505,0.161382421,0.739274128,True
2.726000000,0.432555355,0.176757141,0.738837606,0.436082075,0.161482209,0.739181201,True
2.728000000,0.432555355,0.176757141,0.738837606,0.436095804,0.161596609,0.739086223,True
2.730000000,0.432555355,0.176757141,0.738837606,0.436106385,0.161721294,0.738990122,True
2.732000000,0.432555355,0.176757141,0.738837606,0.436114434,0.161853025,0.738893686,True
2.734000000,0.432555355,0.176757141,0.738837606,0.436120465,0.161989365,0.738797532,True
2.736000000,0.432555355,0.176757141,0.738837606,0.436124893,0.162128472,0.738702122,True
2.738000000,0.432555355,0.176757141,0.738837606,0.436128050,0.162268959,0.738607796,True
2.740000000,0.432555355,0.176757141,0.738837606,0.436130197,0.162409780,0.738514792,True
2.742000000,0.432603316,0.178054632,0.737902610,0.436131894,0.162556748,0.738419196,True
2.744000000,0.432603316,0.178054632,0.737902610,0.436133183,0.162707375,0.738321939,True
2.746000000,0.432603316,0.178054632,0.737902610,0.436134138,0.162859908,0.738223826,True
2.748000000,0.432603316,0.178054632,0.737902610,0.436134830,0.163013063,0.738125507,True
2.750000000,0.432603316,0.178054632,0.737902610,0.436135320,0.163165893,0.738027492,True
2.752000000,0.432603316,0.178054632,0.737902610,0.436135656,0.163317695,0.737930171,True
2.754000000,0.432603316,0.178054632,0.737902610,0.436135871,0.163467956,0.737833839,True
2.756000000,0.432603316,0.178054632,0.737902610,0.436135992,0.163616302,0.737738715,True
2.758000000,0.432603316,0.178054632,0.737902610,0.436136036,0.163762463,0.737644961,True
2.760000000,0.432603316,0.178054632,0.737902610,0.436136016,0.163906252,0.737552693,True
2.762000000,0.432651277,0.179352123,0.736967614,0.436136131,0.164055007,0.737457878,True
2.764000000,0.432651277,0.179352123,0.736967614,0.436136264,0.164206513,0.737361359,True
2.766000000,0.432651277,0.179352123,0.736967614,0.436136385,0.164359228,0.737263908,True
2.768000000,0.432651277,0.179352123,0.736967614,0.436136496,0.164512037,0.737166170,True
2.770000000,0.432651277,0.179352123,0.736967614,0.436136604,0.164664119,0.737068654,True
2.772000000,0.432651277,0.179352123,0.736967614,0.436136714,0.164814876,0.736971758,True
2.774000000,0.432651277,0.179352123,0.736967614,0.436136828,0.164963871,0.736875785,True
2.776000000,0.432651277,0.179352123,0.736967614,0.436136945,0.165110788,0.736780961,True
2.778000000,0.432651277,0.179352123,0.736967614,0.436137064,0.165255405,0.736687456,True
2.780000000,0.432651277,0.179352123,0.736967614,0.436137181,0.165397570,0.736595394,True
2.782000000,0.432699239,0.180649614,0.736032619,0.436137485,0.165544642,0.736500778,True
2.784000000,0.432699239,0.180649614,0.736032619,0.436137836,0.165694422,0.736404435,True
2.786000000,0.432699239,0.180649614,0.736032619,0.436138196,0.165845387,0.736307136,True
2.788000000,0.432699239,0.180649614,0.736032619,0.436138559,0.165996434,0.736209526,True
2.790000000,0.432699239,0.180649614,0.736032619,0.436138928,0.166146755,0.736112120,True
2.792000000,0.432699239,0.180649614,0.736032619,0.436139304,0.166295758,0.736015316,True
2.794000000,0.432699239,0.180649614,0.736032619,0.436139689,0.166443012,0.735919421,True
2.796000000,0.432699239,0.180649614,0.736032619,0.436140081,0.166588208,0.735824665,True
2.798000000,0.432699239,0.180649614,0.736032619,0.436140474,0.166731128,0.735731218,True
2.800000000,0.432699239,0.180649614,0.736032619,0.436140865,0.166871621,0.735639207,True
2.802000000,0.432747200,0.181947105,0.735097623,0.436141460,0.167017012,0.735544661,True
2.804000000,0.432747200,0.181947105,0.735097623,0.436142108,0.167165111,0.735448387,True
2.806000000,0.432747200,0.181947105,0.735097623,0.436142760,0.167314397,0.735351151,True
2.808000000,0.432747200,0.181947105,0.735097623,0.436143412,0.167463776,0.735253596,True
2.810000000,0.432747200,0.181947105,0.735097623,0.436144064,0.167612444,0.735156238,True
2.812000000,0.432747200,0.181947105,0.735097623,0.436144719,0.167759815,0.735059478,True
2.814000000,0.432747200,0.181947105,0.735097623,0.436145377,0.167905459,0.734963621,True
2.816000000,0.432747200,0.181947105,0.735097623,0.436146037,0.168049071,0.734868900,True
2.818000000,0.432747200,0.181947105,0.735097623,0.436146694,0.168190434,0.734775485,True
2.820000000,0.432747200,0.181947105,0.735097623,0.436147344,0.168329397,0.734683503,True
2.822000000,0.432795162,0.183244596,0.734162627,0.436148215,0.168473256,0.734589009,True
2.824000000,0.432795162,0.183244596,0.734162627,0.436149138,0.168619821,0.734492790,True
2.826000000,0.432795162,0.183244596,0.734162627,0.436150063,0.168767579,0.734395603,True
2.828000000,0.432795162,0.183244596,0.734162627,0.436150980,0.168915440,0.734298093,True
2.830000000,0.432795162,0.183244596,0.734162627,0.436151892,0.169062605,0.734200774,True
2.832000000,0.432795162,0.183244596,0.734162627,0.436152802,0.169208491,0.734104048,True
2.834000000,0.432795162,0.183244596,0.734162627,0.436153710,0.169352672,0.734008222,True
2.836000000,0.432795162,0.183244596,0.734162627,0.436154613,0.169494844,0.733913528,True
2.838000000,0.432795162,0.183244596,0.734162627,0.436155510,0.169634790,0.733820139,True
2.840000000,0.432795162,0.183244596,0.734162627,0.436156394,0.169772364,0.733728181,True
2.842000000,0.432843123,0.184542087,0.733227632,0.436157515,0.169914831,0.733633734,True
2.844000000,0.432843123,0.184542087,0.733227632,0.436158690,0.170060005,0.733537563,True
2.846000000,0.432843123,0.184542087,0.733227632,0.436159862,0.170206376,0.733440422,True
2.848000000,0.432843123,0.184542087,0.733227632,0.436161020,0.170352858,0.733342951,True
2.850000000,0.432843123,0.184542087,0.733227632,0.436162168,0.170498658,0.733245666,True
2.852000000,0.432843123,0.184542087,0.733227632,0.436163307,0.170643196,0.733148970,True
2.854000000,0.432843123,0.184542087,0.733227632,0.436164440,0.170786048,0.733053170,True
2.856000000,0.432843123,0.184542087,0.733227632,0.436165563,0.170926912,0.732958500,True
2.858000000,0.432843123,0.184542087,0.733227632,0.436166675,0.171065572,0.732865133,True
2.860000000,0.432843123,0.184542087,0.733227632,0.436167771,0.171201883,0.732773195,True
2.862000000,0.432891085,0.185839577,0.732292636,0.436169119,0.171343088,0.732678791,True
2.864000000,0.432891085,0.185839577,0.732292636,0.436170522,0.171486998,0.732582666,True
2.866000000,0.432891085,0.185839577,0.732292636,0.436171917,0.171632111,0.732485566,True
2.868000000,0.432891085,0.185839577,0.732292636,0.436173295,0.171777342,0.732388130,True
2.870000000,0.432891085,0.185839577,0.732292636,0.436174655,0.171921903,0.732290876,True
2.872000000,0.432891085,0.185839577,0.732292636,0.436176002,0.172065216,0.732194206,True
2.874000000,0.432891085,0.185839577,0.732292636,0.436177337,0.172206861,0.732098430,True
2.876000000,0.432891085,0.185839577,0.732292636,0.436178659,0.172346536,0.732003780,True
2.878000000,0.432891085,0.185839577,0.732292636,0.436179964,0.172484029,0.731910430,True
2.880000000,0.432891085,0.185839577,0.732292636,0.436181250,0.172619193,0.731818509,True
2.882000000,0.432939046,0.187137068,0.731357640,0.436186316,0.172720239,0.731721324,True
2.884000000,0.432939046,0.187137068,0.731357640,0.436196456,0.172797033,0.731623526,True
2.886000000,0.432939046,0.187137068,0.731357640,0.436211428,0.172855891,0.731526749,True
2.888000000,0.432939046,0.187137068,0.731357640,0.436230482,0.172901210,0.731431476,True
2.890000000,0.432939046,0.187137068,0.731357640,0.436252793,0.172936203,0.731337790,True
2.892000000,0.432939046,0.187137068,0.731357640,0.436277608,0.172963271,0.731245658,True
2.894000000,0.432939046,0.187137068,0.731357640,0.436304295,0.172984240,0.731155031,True
2.896000000,0.432939046,0.187137068,0.731357640,0.436332337,0.173000503,0.731065871,True
2.898000000,0.432939046,0.187137068,0.731357640,0.436361319,0.173013131,0.730978161,True
2.900000000,0.432939046,0.187137068,0.731357640,0.436390909,0.173022948,0.730891893,True
2.902000000,0.432987008,0.188434559,0.730422645,0.436417614,0.173074032,0.730805495,True
2.904000000,0.432987008,0.188434559,0.730422645,0.436439749,0.173153649,0.730716168,True
2.906000000,0.432987008,0.188434559,0.730422645,0.436457315,0.173253477,0.730623858,True
2.908000000,0.432987008,0.188434559,0.730422645,0.436470889,0.173367662,0.730529350,True
2.910000000,0.432987008,0.188434559,0.730422645,0.436481163,0.173491924,0.730433562,True
2.912000000,0.432987008,0.188434559,0.730422645,0.436488776,0.173623077,0.730337301,True
2.914000000,0.432987008,0.188434559,0.730422645,0.436494269,0.173758728,0.730241213,True
2.916000000,0.432987008,0.188434559,0.730422645,0.436498081,0.173897071,0.730145786,True
2.918000000,0.432987008,0.188434559,0.730422645,0.436500565,0.174036745,0.730051381,True
2.920000000,0.432987008,0.188434559,0.730422645,0.436501999,0.174176725,0.729958255,True
2.922000000,0.433034969,0.189732050,0.729487649,0.436503122,0.174322937,0.729862750,True
2.924000000,0.433034969,0.189732050,0.729487649,0.436503839,0.174472811,0.729765592,True
2.926000000,0.433034969,0.189732050,0.729487649,0.436504183,0.174624572,0.729667525,True
2.928000000,0.433034969,0.189732050,0.729487649,0.436504220,0.174776934,0.729569189,True
2.930000000,0.433034969,0.189732050,0.729487649,0.436504018,0.174928955,0.729471103,True
2.932000000,0.433034969,0.189732050,0.729487649,0.436503634,0.175079941,0.729373668,True
2.934000000,0.433034969,0.189732050,0.729487649,0.436503112,0.175229384,0.729277190,True
2.936000000,0.433034969,0.189732050,0.729487649,0.436502485,0.175376915,0.729181899,True
2.938000000,0.433034969,0.189732050,0.729487649,0.436501778,0.175522269,0.729087964,True
2.940000000,0.433034969,0.189732050,0.729487649,0.436501008,0.175665260,0.728995507,True
2.942000000,0.433082930,0.191029541,0.728552653,0.436500542,0.175813323,0.728900741,True
2.944000000,0.433082930,0.191029541,0.728552653,0.436500115,0.175964149,0.728804294,True
2.946000000,0.433082930,0.191029541,0.728552653,0.436499651,0.176116167,0.728706871,True
2.948000000,0.433082930,0.191029541,0.728552653,0.436499143,0.176268258,0.728609104,True
2.950000000,0.433082930,0.191029541,0.728552653,0.436498601,0.176419607,0.728511510,True
2.952000000,0.433082930,0.191029541,0.728552653,0.436498039,0.176569621,0.728414496,True
2.954000000,0.433082930,0.191029541,0.728552653,0.436497467,0.176717869,0.728318375,True
2.956000000,0.433082930,0.191029541,0.728552653,0.436496892,0.176864040,0.728223384,True
2.958000000,0.433082930,0.191029541,0.728552653,0.436496315,0.177007917,0.728129699,True
2.960000000,0.433082930,0.191029541,0.728552653,0.436495739,0.177149349,0.728037449,True
2.962000000,0.433130892,0.192327032,0.727617658,0.436495521,0.177295794,0.727942885,True
2.964000000,0.433130892,0.192327032,0.727617658,0.436495373,0.177444960,0.727846617,True
2.966000000,0.433130892,0.192327032,0.727617658,0.436495209,0.177595293,0.727749348,True
2.968000000,0.433130892,0.192327032,0.727617658,0.436495013,0.177745685,0.727651713,True
2.970000000,0.433130892,0.192327032,0.727617658,0.436494792,0.177895333,0.727554230,True
2.972000000,0.433130892,0.192327032,0.727617658,0.436494557,0.178043652,0.727457311,True
2.974000000,0.433130892,0.192327032,0.727617658,0.436494315,0.178190217,0.727361271,True
2.976000000,0.433130892,0.192327032,0.727617658,0.436494071,0.178334724,0.727266350,True
2.978000000,0.433130892,0.192327032,0.727617658,0.436493826,0.178476958,0.727172725,True
2.980000000,0.433130892,0.192327032,0.727617658,0.436493580,0.178616772,0.727080527,True
2.982000000,0.433178853,0.193624523,0.726682662,0.436493712,0.178761594,0.726986035,True
2.984000000,0.433178853,0.193624523,0.726682662,0.436493918,0.178909133,0.726889838,True
2.986000000,0.433178853,0.193624523,0.726682662,0.436494103,0.179057843,0.726792635,True
2.988000000,0.433178853,0.193624523,0.726682662,0.436494252,0.179206621,0.726695057,True
2.990000000,0.433178853,0.193624523,0.726682662,0.436494371,0.179354671,0.726597626,True
2.992000000,0.433178853,0.193624523,0.726682662,0.436494470,0.179501409,0.726500752,True
2.994000000,0.433178853,0.193624523,0.726682662,0.436494556,0.179646417,0.726404753,True
2.996000000,0.433178853,0.193624523,0.726682662,0.436494634,0.179789390,0.726309868,True
2.998000000,0.433178853,0.193624523,0.726682662,0.436494705,0.179930116,0.726216278,True
3.000000000,0.433178853,0.193624523,0.726682662,0.436494770,0.180068448,0.726124112,True
3.002000000,0.433226815,0.194922014,0.725747666,0.436495230,0.180211787,0.726029673,True
3.004000000,0.433226815,0.194922014,0.725747666,0.436495764,0.180357845,0.725933533,True
3.006000000,0.433226815,0.194922014,0.725747666,0.436496274,0.180505076,0.725836381,True
3.008000000,0.433226815,0.194922014,0.725747666,0.436496741,0.180652386,0.725738850,True
3.010000000,0.433226815,0.194922014,0.725747666,0.436497171,0.180798980,0.725641459,True
3.012000000,0.433226815,0.194922014,0.725747666,0.436497574,0.180944282,0.725544622,True
3.014000000,0.433226815,0.194922014,0.725747666,0.436497958,0.181087873,0.725448655,True
3.016000000,0.433226815,0.194922014,0.725747666,0.436498329,0.181229451,0.725353801,True
3.018000000,0.433226815,0.194922014,0.725747666,0.436498688,0.181368806,0.725260237,True
3.020000000,0.433226815,0.194922014,0.725747666,0.436499034,0.181505792,0.725168097,True
3.022000000,0.433274776,0.196219505,0.724812671,0.436499791,0.181647786,0.725073707,True
3.024000000,0.433274776,0.196219505,0.724812671,0.436500625,0.181792498,0.724977617,True
3.026000000,0.433274776,0.196219505,0.724812671,0.436501429,0.181938388,0.724880513,True
3.028000000,0.433274776,0.196219505,0.724812671,0.436502184,0.182084364,0.724783023,True
3.030000000,0.433274776,0.196219505,0.724812671,0.436502896,0.182229638,0.724685669,True
3.032000000,0.433274776,0.196219505,0.724812671,0.436503575,0.182373634,0.724588863,True
3.034000000,0.433274776,0.196219505,0.724812671,0.436504230,0.182515938,0.724492925,True
3.036000000,0.433274776,0.196219505,0.724812671,0.436504864,0.182656250,0.724398096,True
3.038000000,0.433274776,0.196219505,0.724812671,0.436505482,0.182794359,0.724304556,True
3.040000000,0.433274776,0.196219505,0.724812671,0.436506082,0.182930123,0.724212437,True
3.042000000,0.433322738,0.197516996,0.723877675,0.436509639,0.183031133,0.724113831,True
3.044000000,0.433322738,0.197516996,0.723877675,0.436518080,0.183107744,0.724014273,True
3.046000000,0.433322738,0.197516996,0.723877675,0.436531392,0.183166438,0.723915719,True
3.048000000,0.433322738,0.197516996,0.723877675,0.436548895,0.183211658,0.723818758,True
3.050000000,0.433322738,0.197516996,0.723877675,0.436569776,0.183246611,0.723723497,True
3.052000000,0.433322738,0.197516996,0.723877675,0.436593273,0.183273687,0.723629897,True
3.054000000,0.433322738,0.197516996,0.723877675,0.436618738,0.183294695,0.723537896,True
3.056000000,0.433322738,0.197516996,0.723877675,0.436645640,0.183311018,0.723447441,True
3.058000000,0.433322738,0.197516996,0.723877675,0.436673549,0.183323716,0.723358502,True
3.060000000,0.433322738,0.197516996,0.723877675,0.436702125,0.183333607,0.723271062,True
3.062000000,0.433370699,0.198814487,0.722942679,0.436728904,0.183385571,0.723185056,True
3.064000000,0.433370699,0.198814487,0.722942679,0.436751354,0.183466231,0.723096508,True
3.066000000,0.433370699,0.198814487,0.722942679,0.436769177,0.183567047,0.723004946,True
3.068000000,0.433370699,0.198814487,0.722942679,0.436782866,0.183682105,0.722911035,True
3.070000000,0.433370699,0.198814487,0.722942679,0.436793105,0.183807130,0.722815677,True
3.072000000,0.433370699,0.198814487,0.722942679,0.436800555,0.183938955,0.722719703,True
3.074000000,0.433370699,0.198814487,0.722942679,0.436805780,0.184075208,0.722623785,True
3.076000000,0.433370699,0.198814487,0.722942679,0.436809243,0.184214101,0.722528441,True
3.078000000,0.433370699,0.198814487,0.722942679,0.436811317,0.184354287,0.722434052,True
3.080000000,0.433370699,0.198814487,0.722942679,0.436812296,0.184494750,0.722340894,True
3.082000000,0.433418661,0.200111978,0.722007683,0.436813101,0.184641562,0.722245556,True
3.084000000,0.433418661,0.200111978,0.722007683,0.436813502,0.184792049,0.722148572,True
3.086000000,0.433418661,0.200111978,0.722007683,0.436813489,0.184944401,0.722050627,True
3.088000000,0.433418661,0.200111978,0.722007683,0.436813126,0.185097325,0.721952354,True
3.090000000,0.433418661,0.200111978,0.722007683,0.436812484,0.185249879,0.721854277,True
3.092000000,0.433418661,0.200111978,0.722007683,0.436811631,0.185401374,0.721756810,True
3.094000000,0.433418661,0.200111978,0.722007683,0.436810618,0.185551305,0.721660269,True
3.096000000,0.433418661,0.200111978,0.722007683,0.436809486,0.185699306,0.721564893,True
3.098000000,0.433418661,0.200111978,0.722007683,0.436808267,0.185845116,0.721470857,True
3.100000000,0.433418661,0.200111978,0.722007683,0.436806981,0.185988551,0.721378290,True
3.102000000,0.433466622,0.201409469,0.721072688,0.436806166,0.186137180,0.721283640,True
3.104000000,0.433466622,0.201409469,0.721072688,0.436805411,0.186288586,0.721187330,True
3.106000000,0.433466622,0.201409469,0.721072688,0.436804594,0.186441161,0.721090003,True
3.108000000,0.433466622,0.201409469,0.721072688,0.436803698,0.186593777,0.720992280,True
3.110000000,0.433466622,0.201409469,0.721072688,0.436802738,0.186745620,0.720894681,True
3.112000000,0.433466622,0.201409469,0.721072688,0.436801734,0.186896101,0.720797625,True
3.114000000,0.433466622,0.201409469,0.721072688,0.436800703,0.187044792,0.720701433,True
3.116000000,0.433466622,0.201409469,0.721072688,0.436799657,0.187191389,0.720606352,True
3.118000000,0.433466622,0.201409469,0.721072688,0.436798605,0.187335674,0.720512562,True
3.120000000,0.433466622,0.201409469,0.721072688,0.436797552,0.187477502,0.720420199,True
3.122000000,0.433514583,0.202706960,0.720137692,0.436797024,0.187624465,0.720325745,True
3.124000000,0.433514583,0.202706960,0.720137692,0.436796589,0.187774162,0.720229610,True
3.126000000,0.433514583,0.202706960,0.720137692,0.436796113,0.187925002,0.720132434,True
3.128000000,0.433514583,0.202706960,0.720137692,0.436795571,0.188075868,0.720034838,True
3.130000000,0.433514583,0.202706960,0.720137692,0.436794973,0.188225959,0.719937348,True
3.132000000,0.433514583,0.202706960,0.720137692,0.436794337,0.188374694,0.719840383,True
3.134000000,0.433514583,0.202706960,0.720137692,0.436793678,0.188521652,0.719744270,True
3.136000000,0.433514583,0.202706960,0.720137692,0.436793005,0.188666534,0.719649255,True
3.138000000,0.433514583,0.202706960,0.720137692,0.436792325,0.188809127,0.719555523,True
3.140000000,0.433514583,0.202706960,0.720137692,0.436791642,0.188949287,0.719463210,True
3.142000000,0.433562545,0.204004451,0.719202696,0.436791504,0.189094578,0.719368824,True
3.144000000,0.433562545,0.204004451,0.719202696,0.436791461,0.189242600,0.719272757,True
3.146000000,0.433562545,0.204004451,0.719202696,0.436791375,0.189391768,0.719175642,True
3.148000000,0.433562545,0.204004451,0.719202696,0.436791217,0.189540972,0.719078101,True
3.150000000,0.433562545,0.204004451,0.719202696,0.436790998,0.189689416,0.718980659,True
3.152000000,0.433562545,0.204004451,0.719202696,0.436790734,0.189836523,0.718883737,True
3.154000000,0.433562545,0.204004451,0.719202696,0.436790441,0.189981876,0.718787662,True
3.156000000,0.433562545,0.204004451,0.719202696,0.436790127,0.190125177,0.718692681,True
3.158000000,0.433562545,0.204004451,0.719202696,0.436789801,0.190266216,0.718598981,True
3.160000000,0.433562545,0.204004451,0.719202696,0.436789465,0.190404850,0.718506697,True
3.162000000,0.433610506,0.205301942,0.718267701,0.436789691,0.190548614,0.718412361,True
3.164000000,0.433610506,0.205301942,0.718267701,0.436790013,0.190695109,0.718316346,True
3.166000000,0.433610506,0.205301942,0.718267701,0.436790287,0.190842755,0.718219280,True
3.168000000,0.433610506,0.205301942,0.718267701,0.436790483,0.190990446,0.718121782,True
3.170000000,0.433610506,0.205301942,0.718267701,0.436790610,0.191137391,0.718024378,True
3.172000000,0.433610506,0.205301942,0.718267701,0.436790686,0.191283017,0.717927490,True
3.174000000,0.433610506,0.205301942,0.718267701,0.436790726,0.191426910,0.717831445,True
3.176000000,0.433610506,0.205301942,0.718267701,0.436790739,0.191568775,0.717736492,True
3.178000000,0.433610506,0.205301942,0.718267701,0.436790733,0.191708401,0.717642817,True
3.180000000,0.433610506,0.205301942,0.718267701,0.436790712,0.191845647,0.717550556,True
3.182000000,0.433658468,0.206599433,0.717332705,0.436791268,0.191988025,0.717456265,True
3.184000000,0.433658468,0.206599433,0.717332705,0.436791923,0.192133135,0.717360298,True
3.186000000,0.433658468,0.206599433,0.717332705,0.436792523,0.192279399,0.717263276,True
3.188000000,0.433658468,0.206599433,0.717332705,0.436793040,0.192425716,0.717165817,True
3.190000000,0.433658468,0.206599433,0.717332705,0.436793482,0.192571301,0.717068446,True
3.192000000,0.433658468,0.206599433,0.717332705,0.436793865,0.192715582,0.716971588,True
3.194000000,0.433658468,0.206599433,0.717332705,0.436794205,0.192858150,0.716875569,True
3.196000000,0.433658468,0.206599433,0.717332705,0.436794514,0.192998708,0.716780639,True
3.198000000,0.433658468,0.206599433,0.717332705,0.436794797,0.193137052,0.716686985,True
3.200000000,0.433658468,0.206599433,0.717332705,0.436795059,0.193273038,0.716594744,True
3.202000000,0.433706429,0.207896924,0.716397709,0.436797330,0.193373641,0.716494726,True
3.204000000,0.433706429,0.207896924,0.716397709,0.436804225,0.193449748,0.716393384,True
3.206000000,0.433706429,0.207896924,0.716397709,0.436815986,0.193508015,0.716293015,True
3.208000000,0.433706429,0.207896924,0.716397709,0.436832020,0.193552921,0.716194322,True
3.210000000,0.433706429,0.207896924,0.716397709,0.436851532,0.193587666,0.716097440,True
3.212000000,0.433706429,0.207896924,0.716397709,0.436873756,0.193614616,0.716002327,True
3.214000000,0.433706429,0.207896924,0.716397709,0.436898033,0.193635558,0.715908907,True
3.216000000,0.433706429,0.207896924,0.716397709,0.436923820,0.193651854,0.715817115,True
3.218000000,0.433706429,0.207896924,0.716397709,0.436950676,0.193664553,0.715726907,True
3.220000000,0.433706429,0.207896924,0.716397709,0.436978252,0.193674463,0.715638256,True
3.222000000,0.433754391,0.209194415,0.715462714,0.437005250,0.193727266,0.715552675,True
3.224000000,0.433754391,0.209194415,0.715462714,0.437028228,0.193808886,0.715464971,True
3.226000000,0.433754391,0.209194415,0.715462714,0.437046561,0.193910548,0.715374238,True
3.228000000,0.433754391,0.209194415,0.715462714,0.437060640,0.194026289,0.715281013,True
3.230000000,0.433754391,0.209194415,0.715462714,0.437071136,0.194151845,0.715186178,True
3.232000000,0.433754391,0.209194415,0.715462714,0.437078722,0.194284079,0.715090582,True
3.234000000,0.433754391,0.209194415,0.715462714,0.437083984,0.194420647,0.714994927,True
3.236000000,0.433754391,0.209194415,0.715462714,0.437087406,0.194559788,0.714899753,True
3.238000000,0.433754391,0.209194415,0.715462714,0.437089378,0.194700174,0.714805466,True
3.240000000,0.433754391,0.209194415,0.715462714,0.437090210,0.194840803,0.714712357,True
3.242000000,0.433802352,0.210491905,0.714527718,0.437091012,0.194987901,0.714617269,True
3.244000000,0.433802352,0.210491905,0.714527718,0.437091414,0.195138686,0.714520540,True
3.246000000,0.433802352,0.210491905,0.714527718,0.437091363,0.195291310,0.714422798,True
3.248000000,0.433802352,0.210491905,0.714527718,0.437090913,0.195444473,0.714324665,True
3.250000000,0.433802352,0.210491905,0.714527718,0.437090143,0.195597238,0.714226674,True
3.252000000,0.433802352,0.210491905,0.714527718,0.437089127,0.195748920,0.714129250,True
3.254000000,0.433802352,0.210491905,0.714527718,0.437087926,0.195899019,0.714032719,True
3.256000000,0.433802352,0.210491905,0.714527718,0.437086588,0.196047174,0.713937328,True
3.258000000,0.433802352,0.210491905,0.714527718,0.437085148,0.196193127,0.713843262,True
3.260000000,0.433802352,0.210491905,0.714527718,0.437083635,0.196336697,0.713750652,True
3.262000000,0.433850314,0.211789396,0.713592722,0.437082764,0.196485596,0.713656183,True
3.264000000,0.433850314,0.211789396,0.713592722,0.437081975,0.196637287,0.713560078,True
3.266000000,0.433850314,0.211789396,0.713592722,0.437081098,0.196790123,0.713462916,True
3.268000000,0.433850314,0.211789396,0.713592722,0.437080104,0.196942966,0.713365303,True
3.270000000,0.433850314,0.211789396,0.713592722,0.437079011,0.197095007,0.713267767,True
3.272000000,0.433850314,0.211789396,0.713592722,0.437077845,0.197245659,0.713170734,True
3.274000000,0.433850314,0.211789396,0.713592722,0.437076631,0.197394503,0.713074537,True
3.276000000,0.433850314,0.211789396,0.713592722,0.437075388,0.197541236,0.712979428,True
3.278000000,0.433850314,0.211789396,0.713592722,0.437074128,0.197685646,0.712885596,True
3.280000000,0.433850314,0.211789396,0.713592722,0.437072860,0.197827590,0.712793180,True
3.282000000,0.433898275,0.213086887,0.712657727,0.437072290,0.197974803,0.712698896,True
3.284000000,0.433898275,0.213086887,0.712657727,0.437071837,0.198124763,0.712602955,True
3.286000000,0.433898275,0.213086887,0.712657727,0.437071315,0.198275841,0.712505932,True
3.288000000,0.433898275,0.213086887,0.712657727,0.437070690,0.198426912,0.712408437,True
3.290000000,0.433898275,0.213086887,0.712657727,0.437069976,0.198577177,0.712311000,True
3.292000000,0.433898275,0.213086887,0.712657727,0.437069195,0.198726060,0.712214050,True
3.294000000,0.433898275,0.213086887,0.712657727,0.437068369,0.198873148,0.712117922,True
3.296000000,0.433898275,0.213086887,0.712657727,0.437067515,0.199018143,0.712022872,True
3.298000000,0.433898275,0.213086887,0.712657727,0.437066644,0.199160837,0.711929090,True
3.300000000,0.433898275,0.213086887,0.712657727,0.437065763,0.199301090,0.711836716,True
3.302000000,0.433946236,0.214384378,0.711722731,0.437065599,0.199446608,0.711742491,True
3.304000000,0.433946236,0.214384378,0.711722731,0.437065553,0.199594871,0.711646607,True
3.306000000,0.433946236,0.214384378,0.711722731,0.437065437,0.199744254,0.711549637,True
3.308000000,0.433946236,0.214384378,0.711722731,0.437065213,0.199893640,0.711452187,True
3.310000000,0.433946236,0.214384378,0.711722731,0.437064893,0.200042235,0.711354790,True
3.312000000,0.433946236,0.214384378,0.711722731,0.437064500,0.200189468,0.711257874,True
3.314000000,0.433946236,0.214384378,0.711722731,0.437064056,0.200334927,0.711161777,True
3.316000000,0.433946236,0.214384378,0.711722731,0.437063577,0.200478319,0.711066753,True
3.318000000,0.433946236,0.214384378,0.711722731,0.437063075,0.200619438,0.710972995,True
3.320000000,0.433946236,0.214384378,0.711722731,0.437062557,0.200758142,0.710880643,True
3.322000000,0.433994198,0.215681869,0.710787735,0.437062771,0.200902112,0.710786459,True
3.324000000,0.433994198,0.215681869,0.710787735,0.437063104,0.201048827,0.710690619,True
3.326000000,0.433994198,0.215681869,0.710787735,0.437063362,0.201196667,0.710593689,True
3.328000000,0.433994198,0.215681869,0.710787735,0.437063506,0.201344519,0.710496274,True
3.330000000,0.433994198,0.215681869,0.710787735,0.437063547,0.201491594,0.710398907,True
3.332000000,0.433994198,0.215681869,0.710787735,0.437063508,0.201637325,0.710302018,True
3.334000000,0.433994198,0.215681869,0.710787735,0.437063412,0.201781304,0.710205944,True
3.336000000,0.433994198,0.215681869,0.710787735,0.437063273,0.201923239,0.710110941,True
3.338000000,0.433994198,0.215681869,0.710787735,0.437063105,0.202062925,0.710017201,True
3.340000000,0.433994198,0.215681869,0.710787735,0.437062915,0.202200222,0.709924866,True
3.342000000,0.434042159,0.216979360,0.709852739,0.437063473,0.202342787,0.709830719,True
3.344000000,0.434042159,0.216979360,0.709852739,0.437064151,0.202488098,0.709734918,True
3.346000000,0.434042159,0.216979360,0.709852739,0.437064749,0.202634536,0.709638024,True
3.348000000,0.434042159,0.216979360,0.709852739,0.437065226,0.202780996,0.709540641,True
3.350000000,0.434042159,0.216979360,0.709852739,0.437065594,0.202926692,0.709443301,True
3.352000000,0.434042159,0.216979360,0.709852739,0.437065876,0.203071059,0.709346434,True
3.354000000,0.434042159,0.216979360,0.709852739,0.437066093,0.203213693,0.709250380,True
3.356000000,0.434042159,0.216979360,0.709852739,0.437066262,0.203354304,0.709155394,True
3.358000000,0.434042159,0.216979360,0.709852739,0.437066396,0.203492689,0.709061669,True
3.360000000,0.434042159,0.216979360,0.709852739,0.437066501,0.203628708,0.708969348,True
3.362000000,0.434090121,0.218276851,0.708917744,0.437067605,0.203728689,0.708867942,True
3.364000000,0.434090121,0.218276851,0.708917744,0.437073037,0.203804092,0.708764823,True
3.366000000,0.434090121,0.218276851,0.708917744,0.437083310,0.203861761,0.708662634,True
3.368000000,0.434090121,0.218276851,0.708917744,0.437097922,0.203906214,0.708562194,True
3.370000000,0.434090121,0.218276851,0.708917744,0.437116101,0.203940634,0.708463669,True
3.372000000,0.434090121,0.218276851,0.708917744,0.437137081,0.203967361,0.708367015,True
3.374000000,0.434090121,0.218276851,0.708917744,0.437160193,0.203988155,0.708272146,True
3.376000000,0.434090121,0.218276851,0.708917744,0.437184883,0.204004357,0.708178984,True
3.378000000,0.434090121,0.218276851,0.708917744,0.437210703,0.204016997,0.708087474,True
3.380000000,0.434090121,0.218276851,0.708917744,0.437237292,0.204026872,0.707997579,True
3.382000000,0.434138082,0.219574342,0.707982748,0.437264587,0.204080508,0.707912401,True
3.384000000,0.434138082,0.219574342,0.707982748,0.437288206,0.204163068,0.707825536,True
3.386000000,0.434138082,0.219574342,0.707982748,0.437307182,0.204265528,0.707735646,True
3.388000000,0.434138082,0.219574342,0.707982748,0.437321799,0.204381872,0.707643129,True
3.390000000,0.434138082,0.219574342,0.707982748,0.437332706,0.204507855,0.707548849,True
3.392000000,0.434138082,0.219574342,0.707982748,0.437340587,0.204640374,0.707453669,True
3.394000000,0.434138082,0.219574342,0.707982748,0.437346048,0.204777121,0.707358316,True
3.396000000,0.434138082,0.219574342,0.707982748,0.437349592,0.204916363,0.707263355,True
3.398000000,0.434138082,0.219574342,0.707982748,0.437351626,0.205056795,0.707169213,True
3.400000000,0.434138082,0.219574342,0.707982748,0.437352472,0.205197432,0.707076199,True
3.402000000,0.434177357,0.220636846,0.707217088,0.437353377,0.205344003,0.706981705,True
3.404000000,0.434177357,0.220636846,0.707217088,0.437353875,0.205493821,0.706885867,True
3.406000000,0.434177357,0.220636846,0.707217088,0.437353884,0.205645136,0.706789204,True
3.408000000,0.434177357,0.220636846,0.707217088,0.437353452,0.205796736,0.706692280,True
3.410000000,0.434177357,0.220636846,0.707217088,0.437352663,0.205947755,0.706595587,True
3.412000000,0.434177357,0.220636846,0.707217088,0.437351597,0.206097563,0.706499522,True
3.414000000,0.434177357,0.220636846,0.707217088,0.437350321,0.206245706,0.706404393,True
3.416000000,0.434177357,0.220636846,0.707217088,0.437348890,0.206391854,0.706310430,True
3.418000000,0.434177357,0.220636846,0.707217088,0.437347343,0.206535774,0.706217807,True
3.420000000,0.434177357,0.220636846,0.707217088,0.437345712,0.206677303,0.706126646,True
3.422000000,0.434207040,0.221439852,0.706638427,0.437344757,0.206822863,0.706034504,True
3.424000000,0.434238535,0.222291881,0.706024440,0.437344157,0.206973100,0.705940135,True
3.426000000,0.434238535,0.222291881,0.706024440,0.437343501,0.207125712,0.705843983,True
3.428000000,0.434238535,0.222291881,0.706024440,0.437342684,0.207279181,0.705746715,True
3.430000000,0.434238535,0.222291881,0.706024440,0.437341709,0.207432447,0.705648976,True
3.432000000,0.434238535,0.222291881,0.706024440,0.437340608,0.207584756,0.705551306,True
3.434000000,0.434238535,0.222291881,0.706024440,0.437339418,0.207735563,0.705454140,True
3.436000000,0.434238535,0.222291881,0.706024440,0.437338168,0.207884475,0.705357813,True
3.438000000,0.434238535,0.222291881,0.706024440,0.437336881,0.208031215,0.705262578,True
3.440000000,0.434238535,0.222291881,0.706024440,0.437335571,0.208175585,0.705168625,True
3.442000000,0.434238535,0.222291881,0.706024440,0.437334251,0.208317455,0.705076093,True
